baseYm,tAtsCd,tAtsNm,areaCd,areaNm,signguCd,signguNm,rlteTatsCd,rlteTatsNm,rlteRegnCd,rlteRegnNm,rlteSignguCd,rlteSignguNm,rlteCtgryLclsNm,rlteCtgryMclsNm,rlteCtgrySclsNm,rlteRank
202607,75a3d0f2eaad6b5d7e5218aea1ad6ebb,홍난파가옥,11,서울특별시,11110,종로구,a0b33214294573276323fa7a692b00f0,화이트스톤갤러리,11,서울특별시,11170,용산구,관광지,문화관광,전시시설,1
202607,2a13c8116abd9ec7c1e90c2696da0aa5,마로니에공원,11,서울특별시,11110,종로구,d6e7d2e0ef86a25cce60aac5332b28dc,국립중앙박물관,11,서울특별시,11170,용산구,관광지,문화관광,전시시설,1
202607,2a13c8116abd9ec7c1e90c2696da0aa5,마로니에공원,11,서울특별시,11110,종로구,8f1fc218c06226be8273a0748c68277c,창덕궁,11,서울특별시,11110,종로구,관광지,역사관광,역사유적지,2
202607,2a13c8116abd9ec7c1e90c2696da0aa5,마로니에공원,11,서울특별시,11110,종로구,c870640332e75cb28037f47ff5575f0f,이비스스타일앰배서더/서울용산,11,서울특별시,11170,용산구,숙박,숙박,호텔,3
202607,2a13c8116abd9ec7c1e90c2696da0aa5,마로니에공원,11,서울특별시,11110,종로구,48d711bc1a903d95d891501dd96cdf06,경복궁,11,서울특별시,11110,종로구,관광지,역사관광,역사유적지,4
202607,2a13c8116abd9ec7c1e90c2696da0aa5,마로니에공원,11,서울특별시,11110,종로구,06f81215aa7fdb6e30da21f32aa7028f,호텔국도,11,서울특별시,11140,중구,숙박,숙박,호텔,5
202607,2a13c8116abd9ec7c1e90c2696da0aa5,마로니에공원,11,서울특별시,11110,종로구,8930f0b4a98b760f2a7bf5345eceb251,서대문형무소역사관,11,서울특별시,11410,서대문구,관광지,문화관광,전시시설,6
202607,2a13c8116abd9ec7c1e90c2696da0aa5,마로니에공원,11,서울특별시,11110,종로구,c6b5964eb6deb72206d9bf59a6bb5268,신세계백화점/강남점,11,서울특별시,11650,서초구,관광지,쇼핑,백화점,7
202607,2a13c8116abd9ec7c1e90c2696da0aa5,마로니에공원,11,서울특별시,11110,종로구,0a1ce1c3edf210408700cc3c81c6ac0e,북악스카이웨이,11,서울특별시,11110,종로구,관광지,기타관광,데이트코스,8
202607,2a13c8116abd9ec7c1e90c2696da0aa5,마로니에공원,11,서울특별시,11110,종로구,9072475dc476da0fa2c14d1f4fa521fc,안중근의사기념관,11,서울특별시,11140,중구,관광지,문화관광,전시시설,9
202607,2a13c8116abd9ec7c1e90c2696da0aa5,마로니에공원,11,서울특별시,11110,종로구,11f8b3b1bf78d9c8936758e525e3ed39,서울역,11,서울특별시,11170,용산구,관광지,기타관광,교통시설,10
202607,2a13c8116abd9ec7c1e90c2696da0aa5,마로니에공원,11,서울특별시,11110,종로구,36cd37c4efeb56bfe23c45b6d6d2f82a,예술가의집,11,서울특별시,11110,종로구,관광지,문화관광,기타문화관광지,11
202607,2a13c8116abd9ec7c1e90c2696da0aa5,마로니에공원,11,서울특별시,11110,종로구,679815a8aa65197341ff660588490fa3,서울남부터미널,11,서울특별시,11650,서초구,관광지,기타관광,교통시설,12
202607,2a13c8116abd9ec7c1e90c2696da0aa5,마로니에공원,11,서울특별시,11110,종로구,cc7219c04d90064cd6265bf5e42d0c91,쎈느,11,서울특별시,11200,성동구,음식,음식,카페/찻집,13
202607,2a13c8116abd9ec7c1e90c2696da0aa5,마로니에공원,11,서울특별시,11110,종로구,8f3c468ef60ef8e1afe3e6e17e584d0f,성북동빵공장,11,서울특별시,11290,성북구,음식,음식,간이음식,14
202607,2a13c8116abd9ec7c1e90c2696da0aa5,마로니에공원,11,서울특별시,11110,종로구,9fda7f07535d28055c78de3542012082,일일미미/마곡직영점,11,서울특별시,11500,강서구,음식,음식,외국식,15
202607,2a13c8116abd9ec7c1e90c2696da0aa5,마로니에공원,11,서울특별시,11110,종로구,273e0e5b0ac26479b4d07c1f7be5b5a0,잠실야구장,11,서울특별시,11710,송파구,관광지,문화관광,레저스포츠시설,16
202607,2a13c8116abd9ec7c1e90c2696da0aa5,마로니에공원,11,서울특별시,11110,종로구,bd95520cddb15b1eee99ab1d97ed2774,국립고궁박물관,11,서울특별시,11110,종로구,관광지,문화관광,전시시설,17
202607,2a13c8116abd9ec7c1e90c2696da0aa5,마로니에공원,11,서울특별시,11110,종로구,570bbf09ec6117258c1ecf4805361572,우래옥/본점,11,서울특별시,11140,중구,음식,음식,한식,18
202607,2a13c8116abd9ec7c1e90c2696da0aa5,마로니에공원,11,서울특별시,11110,종로구,7d6ee6c7d086c52e3dc04e6c3c98dd46,덕수궁,11,서울특별시,11140,중구,관광지,역사관광,역사유적지,19
202607,2a13c8116abd9ec7c1e90c2696da0aa5,마로니에공원,11,서울특별시,11110,종로구,6456b98a98f2e065be78624ea07dbd53,혜화칼국수,11,서울특별시,11110,종로구,음식,음식,한식,20
202607,2a13c8116abd9ec7c1e90c2696da0aa5,마로니에공원,11,서울특별시,11110,종로구,294893d955bdcbf7b6aa7dff7764ebaa,페어필드바이메리어트서울호텔,11,서울특별시,11560,영등포구,숙박,숙박,호텔,21
202607,2a13c8116abd9ec7c1e90c2696da0aa5,마로니에공원,11,서울특별시,11110,종로구,aa6be6a4f5997ab91804f3b6be58e878,코엑스,11,서울특별시,11680,강남구,관광지,문화관광,전시시설,22
202607,2a13c8116abd9ec7c1e90c2696da0aa5,마로니에공원,11,서울특별시,11110,종로구,2e6ffef6dfd97fda4267294377d79013,서울퓨처랩,11,서울특별시,11500,강서구,관광지,문화관광,기타문화관광지,23
202607,2a13c8116abd9ec7c1e90c2696da0aa5,마로니에공원,11,서울특별시,11110,종로구,d7af7b223f926c4137c6d56084cd73e5,여의도공원,11,서울특별시,11560,영등포구,관광지,문화관광,도시공원,24
202607,2a13c8116abd9ec7c1e90c2696da0aa5,마로니에공원,11,서울특별시,11110,종로구,4d0051770a7a7e9731a67f97ac2f260a,브라운도트호텔/성신여대점,11,서울특별시,11290,성북구,숙박,숙박,모텔,25
202607,2a13c8116abd9ec7c1e90c2696da0aa5,마로니에공원,11,서울특별시,11110,종로구,c387c3daa995e0569a5bb5c515bc512d,대한문,11,서울특별시,11140,중구,관광지,기타관광,기타관광,26
202607,2a13c8116abd9ec7c1e90c2696da0aa5,마로니에공원,11,서울특별시,11110,종로구,a7ffa4b5abdaa88997b4e44e5e6f1905,마복림떡볶이,11,서울특별시,11140,중구,음식,음식,간이음식,27
202607,2a13c8116abd9ec7c1e90c2696da0aa5,마로니에공원,11,서울특별시,11110,종로구,af13327ac706e72b299c7d800805e508,에그앤플라워,11,서울특별시,11170,용산구,음식,음식,외국식,28
202607,2a13c8116abd9ec7c1e90c2696da0aa5,마로니에공원,11,서울특별시,11110,종로구,d1cb8a363709fec027313e3d55f16e39,밀리오레/동대문점,11,서울특별시,11140,중구,관광지,쇼핑,쇼핑몰,29
202607,2a13c8116abd9ec7c1e90c2696da0aa5,마로니에공원,11,서울특별시,11110,종로구,e76640f8cb622df7e414c4be7fe75e95,파라이,11,서울특별시,11710,송파구,음식,음식,외국식,30
202607,2a13c8116abd9ec7c1e90c2696da0aa5,마로니에공원,11,서울특별시,11110,종로구,669e8a1aec121433965c773b86d65ea9,소월아트홀,11,서울특별시,11200,성동구,관광지,문화관광,공연시설,31
202607,2a13c8116abd9ec7c1e90c2696da0aa5,마로니에공원,11,서울특별시,11110,종로구,501419356bdb9211c2451f5d9e988e40,호텔우디,11,서울특별시,11290,성북구,숙박,숙박,모텔,32
202607,2a13c8116abd9ec7c1e90c2696da0aa5,마로니에공원,11,서울특별시,11110,종로구,4a20c60ab2dc20e9d9b84b52adabfedf,쌍다리돼지불백/본점 [한식],11,서울특별시,11290,성북구,음식,음식,한식,33
202607,2a13c8116abd9ec7c1e90c2696da0aa5,마로니에공원,11,서울특별시,11110,종로구,23c0e519b9f507a3d130b518ade94d73,잠원한강공원,11,서울특별시,11680,강남구,관광지,문화관광,도시공원,34
202607,2a13c8116abd9ec7c1e90c2696da0aa5,마로니에공원,11,서울특별시,11110,종로구,167a668c5afeb57fe53322f5b9bce2c2,문정동로데오거리,11,서울특별시,11710,송파구,관광지,쇼핑,기타쇼핑시설,35
202607,2a13c8116abd9ec7c1e90c2696da0aa5,마로니에공원,11,서울특별시,11110,종로구,ede2ae68d400da1082f6d38fcdc58f48,봉원사,11,서울특별시,11410,서대문구,관광지,역사관광,종교성지,36
202607,2a13c8116abd9ec7c1e90c2696da0aa5,마로니에공원,11,서울특별시,11110,종로구,dbb3e3cd1e282ac5baab9d0416fc4fee,호텔써클,11,서울특별시,11440,마포구,숙박,숙박,호텔,37
202607,2a13c8116abd9ec7c1e90c2696da0aa5,마로니에공원,11,서울특별시,11110,종로구,3b4780080c9d7b67b703357ee3e47a50,만리재길,11,서울특별시,11140,중구,관광지,자연관광,자연경관(산),38
202607,2a13c8116abd9ec7c1e90c2696da0aa5,마로니에공원,11,서울특별시,11110,종로구,5877109bc88136ac4ee7f265d9568d0a,북촌한옥마을,11,서울특별시,11110,종로구,관광지,역사관광,역사유적지,39
202607,2a13c8116abd9ec7c1e90c2696da0aa5,마로니에공원,11,서울특별시,11110,종로구,77b8f6099fdae223e40b597bbe6e4ecc,허수아비/대학동점,11,서울특별시,11620,관악구,음식,음식,음식점기타,40
202607,2a13c8116abd9ec7c1e90c2696da0aa5,마로니에공원,11,서울특별시,11110,종로구,c6351f9aebae5a4c1cd1a33dded791f4,창신동문구거리,11,서울특별시,11110,종로구,관광지,쇼핑,기타쇼핑시설,41
202607,2a13c8116abd9ec7c1e90c2696da0aa5,마로니에공원,11,서울특별시,11110,종로구,79df877bdf5c79a7c30ed697c542b575,광화문,11,서울특별시,11110,종로구,관광지,역사관광,역사유적지,42
202607,2a13c8116abd9ec7c1e90c2696da0aa5,마로니에공원,11,서울특별시,11110,종로구,d9de2f557c12dc5c7c864760e200b5e9,두산타워,11,서울특별시,11140,중구,관광지,쇼핑,쇼핑몰,43
202607,2a13c8116abd9ec7c1e90c2696da0aa5,마로니에공원,11,서울특별시,11110,종로구,5586bd362e2d5603746eb8cd74f2c869,대성반점/[중식],11,서울특별시,11740,강동구,음식,음식,외국식,44
202607,2a13c8116abd9ec7c1e90c2696da0aa5,마로니에공원,11,서울특별시,11110,종로구,a00d99e7d405950063bd7bc98d83821a,진옥화할매원조닭한마리/본점,11,서울특별시,11110,종로구,음식,음식,한식,45
202607,2a13c8116abd9ec7c1e90c2696da0aa5,마로니에공원,11,서울특별시,11110,종로구,1da9cd8740b8326ebe9b15410d100e70,위시앤스테이모텔,11,서울특별시,11215,광진구,숙박,숙박,모텔,46
202607,2a13c8116abd9ec7c1e90c2696da0aa5,마로니에공원,11,서울특별시,11110,종로구,779e42d5ac3aeedb269f664bbc9c9f18,아이러브신당동,11,서울특별시,11140,중구,음식,음식,간이음식,47
202607,2a13c8116abd9ec7c1e90c2696da0aa5,마로니에공원,11,서울특별시,11110,종로구,c00f93264f52689aa0f399c293e13dd9,오라카이인사동스위츠,11,서울특별시,11110,종로구,숙박,숙박,호텔,48
202607,2a13c8116abd9ec7c1e90c2696da0aa5,마로니에공원,11,서울특별시,11110,종로구,5d9741883032dcb4480f497444374520,신창시장,11,서울특별시,11320,도봉구,관광지,쇼핑,시장,49
202607,2a13c8116abd9ec7c1e90c2696da0aa5,마로니에공원,11,서울특별시,11110,종로구,2df69dc02fa7c5fce3326b7102a79f80,방이맛골,11,서울특별시,11710,송파구,음식,음식,음식점기타,50
202607,bae908cd28770737089781a65f00dd99,금선사,11,서울특별시,11110,종로구,90f5fb5c1fa215eedc3dabceae3ca9c5,아만티호텔/서울,11,서울특별시,11440,마포구,숙박,숙박,호텔,1
202607,bae908cd28770737089781a65f00dd99,금선사,11,서울특별시,11110,종로구,87191a8c608dfc6be3f91248de1e8124,중화원/[중식],11,서울특별시,11380,은평구,음식,음식,외국식,2
202607,bae908cd28770737089781a65f00dd99,금선사,11,서울특별시,11110,종로구,b69e9919640adc08057eedd0dc90aed8,장충동족발골목,11,서울특별시,11140,중구,음식,음식,음식점기타,3
202607,bae908cd28770737089781a65f00dd99,금선사,11,서울특별시,11110,종로구,c318dcf07cfd92680e461df4d8882adb,석파정서울미술관,11,서울특별시,11110,종로구,관광지,문화관광,전시시설,4
202607,bae908cd28770737089781a65f00dd99,금선사,11,서울특별시,11110,종로구,eb7fbb2a9421a80e1488ad5d57cfe40d,강경불고기/종로평창동점,11,서울특별시,11110,종로구,음식,음식,한식,5
202607,bae908cd28770737089781a65f00dd99,금선사,11,서울특별시,11110,종로구,6633023fba65b8f170f647ffe6178b82,동대문디자인플라자/뮤지엄,11,서울특별시,11140,중구,관광지,문화관광,전시시설,6
202607,bae908cd28770737089781a65f00dd99,금선사,11,서울특별시,11110,종로구,385dd20f148fd21a08de36a9c03e69a1,영등포역,11,서울특별시,11560,영등포구,관광지,기타관광,교통시설,7
202607,d761218e6163daa798d55e35c6ac2c1d,대각사,11,서울특별시,11110,종로구,570bbf09ec6117258c1ecf4805361572,우래옥/본점,11,서울특별시,11140,중구,음식,음식,한식,1
202607,d761218e6163daa798d55e35c6ac2c1d,대각사,11,서울특별시,11110,종로구,19eca6b70f831757e015bfc77df6d5c6,스타벅스/연희DT점,11,서울특별시,11410,서대문구,음식,음식,카페/찻집,2
202607,d761218e6163daa798d55e35c6ac2c1d,대각사,11,서울특별시,11110,종로구,b708a7a4028a4d59ccc5e7acdde06637,신세계백화점/본점더리저브,11,서울특별시,11140,중구,관광지,쇼핑,백화점,3
202607,d761218e6163daa798d55e35c6ac2c1d,대각사,11,서울특별시,11110,종로구,e565d04c8c14958ed35f9e2c817f36a7,영동장어,11,서울특별시,11680,강남구,음식,음식,전문음식,4
202607,d761218e6163daa798d55e35c6ac2c1d,대각사,11,서울특별시,11110,종로구,9790b35b54d4adcc46e424df4f01b24e,산모퉁이,11,서울특별시,11110,종로구,음식,음식,카페/찻집,5
202607,5a61131c2d702aee96e966bac6fb868e,대한민국역사박물관,11,서울특별시,11110,종로구,d6e7d2e0ef86a25cce60aac5332b28dc,국립중앙박물관,11,서울특별시,11170,용산구,관광지,문화관광,전시시설,1
202607,5a61131c2d702aee96e966bac6fb868e,대한민국역사박물관,11,서울특별시,11110,종로구,9dac72fa7ebfaa2eca0d9f9e4e8ddcff,팔각정북악스카이,11,서울특별시,11110,종로구,관광지,문화관광,랜드마크관광,2
202607,5a61131c2d702aee96e966bac6fb868e,대한민국역사박물관,11,서울특별시,11110,종로구,119aea5c7ec7c0dfaeac26b1f14014df,서울역사박물관,11,서울특별시,11110,종로구,관광지,문화관광,전시시설,3
202607,5a61131c2d702aee96e966bac6fb868e,대한민국역사박물관,11,서울특별시,11110,종로구,ac364ac5b7a88c24c39f1ecd406a7970,더현대/서울,11,서울특별시,11560,영등포구,관광지,쇼핑,백화점,4
202607,5a61131c2d702aee96e966bac6fb868e,대한민국역사박물관,11,서울특별시,11110,종로구,8930f0b4a98b760f2a7bf5345eceb251,서대문형무소역사관,11,서울특별시,11410,서대문구,관광지,문화관광,전시시설,5
202607,5a61131c2d702aee96e966bac6fb868e,대한민국역사박물관,11,서울특별시,11110,종로구,79df877bdf5c79a7c30ed697c542b575,광화문,11,서울특별시,11110,종로구,관광지,역사관광,역사유적지,6
202607,5a61131c2d702aee96e966bac6fb868e,대한민국역사박물관,11,서울특별시,11110,종로구,6621aa050c3669cd812109b92af2ec74,앰배서더서울풀만호텔,11,서울특별시,11140,중구,숙박,숙박,호텔,7
202607,5a61131c2d702aee96e966bac6fb868e,대한민국역사박물관,11,서울특별시,11110,종로구,8919d6c92c3f2757e209d800b48c13e8,나인트리바이파르나스/서울명동2,11,서울특별시,11140,중구,숙박,숙박,호텔,8
202607,5a61131c2d702aee96e966bac6fb868e,대한민국역사박물관,11,서울특별시,11110,종로구,48d711bc1a903d95d891501dd96cdf06,경복궁,11,서울특별시,11110,종로구,관광지,역사관광,역사유적지,9
202607,5a61131c2d702aee96e966bac6fb868e,대한민국역사박물관,11,서울특별시,11110,종로구,42eaa57b48549bc6c48d6377a40419d5,광장시장,11,서울특별시,11110,종로구,관광지,쇼핑,시장,10
202607,5a61131c2d702aee96e966bac6fb868e,대한민국역사박물관,11,서울특별시,11110,종로구,e37c55f69380098cd62aa7204a898c2f,비트플렉스,11,서울특별시,11200,성동구,관광지,쇼핑,쇼핑몰,11
202607,5a61131c2d702aee96e966bac6fb868e,대한민국역사박물관,11,서울특별시,11110,종로구,b96ced03a6a40f970cb3a428e81ea19b,롯데호텔/서울점,11,서울특별시,11140,중구,숙박,숙박,호텔,12
202607,5a61131c2d702aee96e966bac6fb868e,대한민국역사박물관,11,서울특별시,11110,종로구,9fb8dce4c46fe540ea859737971abc3f,신세계백화점/본점디에스테이트,11,서울특별시,11140,중구,관광지,쇼핑,백화점,13
202607,5a61131c2d702aee96e966bac6fb868e,대한민국역사박물관,11,서울특별시,11110,종로구,20c9c1c52d38f4c88b8eaed8896fb2dc,르메르디앙/서울명동점,11,서울특별시,11140,중구,숙박,숙박,호텔,14
202607,5a61131c2d702aee96e966bac6fb868e,대한민국역사박물관,11,서울특별시,11110,종로구,c00f93264f52689aa0f399c293e13dd9,오라카이인사동스위츠,11,서울특별시,11110,종로구,숙박,숙박,호텔,15
202607,5a61131c2d702aee96e966bac6fb868e,대한민국역사박물관,11,서울특별시,11110,종로구,d6c9bc742abff495baef9bafbd96dcb5,여의도야외수영장,11,서울특별시,11560,영등포구,관광지,문화관광,테마공원,16
202607,5a61131c2d702aee96e966bac6fb868e,대한민국역사박물관,11,서울특별시,11110,종로구,a2d38004c2f5c82e7da96ac1b56a0957,애슐리퀸즈/종각역점,11,서울특별시,11110,종로구,음식,음식,전문음식,17
202607,5a61131c2d702aee96e966bac6fb868e,대한민국역사박물관,11,서울특별시,11110,종로구,e7a83332f31284087fb5fc193218a255,국립민속박물관,11,서울특별시,11110,종로구,관광지,문화관광,전시시설,18
202607,5a61131c2d702aee96e966bac6fb868e,대한민국역사박물관,11,서울특별시,11110,종로구,11f8b3b1bf78d9c8936758e525e3ed39,서울역,11,서울특별시,11170,용산구,관광지,기타관광,교통시설,19
202607,5a61131c2d702aee96e966bac6fb868e,대한민국역사박물관,11,서울특별시,11110,종로구,6dbde5794277b96d02f0b5c4d1b8d7d5,수서역,11,서울특별시,11680,강남구,관광지,기타관광,교통시설,20
202607,5a61131c2d702aee96e966bac6fb868e,대한민국역사박물관,11,서울특별시,11110,종로구,a2f485f90b137b2ac2c736d16d7dc42f,트레블로지명동남산호텔,11,서울특별시,11140,중구,숙박,숙박,호텔,21
202607,5a61131c2d702aee96e966bac6fb868e,대한민국역사박물관,11,서울특별시,11110,종로구,737f94efa9a1e5e1f009b08a8f822b71,서머셋팰리스/서울,11,서울특별시,11110,종로구,숙박,숙박,호텔,22
202607,5a61131c2d702aee96e966bac6fb868e,대한민국역사박물관,11,서울특별시,11110,종로구,aa6be6a4f5997ab91804f3b6be58e878,코엑스,11,서울특별시,11680,강남구,관광지,문화관광,전시시설,23
202607,5a61131c2d702aee96e966bac6fb868e,대한민국역사박물관,11,서울특별시,11110,종로구,adccdc1cf15e1260d6b5a68f8f93d268,NC백화점/송파점,11,서울특별시,11710,송파구,관광지,쇼핑,백화점,24
202607,5a61131c2d702aee96e966bac6fb868e,대한민국역사박물관,11,서울특별시,11110,종로구,bd4640c766eb781e302c461cbc570c61,3대삼계장인,11,서울특별시,11650,서초구,음식,음식,한식,25
202607,5a61131c2d702aee96e966bac6fb868e,대한민국역사박물관,11,서울특별시,11110,종로구,f7882675350a7de4ebb9a05804a922be,롯데몰/은평점,11,서울특별시,11380,은평구,관광지,쇼핑,쇼핑몰,26
202607,5a61131c2d702aee96e966bac6fb868e,대한민국역사박물관,11,서울특별시,11110,종로구,72890d7c55b3f506aadba221f94af8fc,테이크/종각점,11,서울특별시,11110,종로구,음식,음식,음식점기타,27
202607,5a61131c2d702aee96e966bac6fb868e,대한민국역사박물관,11,서울특별시,11110,종로구,6257a372012ce4533ac095b54fd0225d,잠실한강공원,11,서울특별시,11710,송파구,관광지,문화관광,도시공원,28
202607,5a61131c2d702aee96e966bac6fb868e,대한민국역사박물관,11,서울특별시,11110,종로구,7c695f9beab21fd772706c2cbb6d1a24,신원시장,11,서울특별시,11620,관악구,관광지,쇼핑,시장,29
202607,5a61131c2d702aee96e966bac6fb868e,대한민국역사박물관,11,서울특별시,11110,종로구,a8f61f2a33339f05688706e926a91626,국립어린이과학관,11,서울특별시,11110,종로구,관광지,문화관광,전시시설,30
202607,5a61131c2d702aee96e966bac6fb868e,대한민국역사박물관,11,서울특별시,11110,종로구,2eb38024dd7d0825481ea983f7dd1479,현대백화점/압구정본점,11,서울특별시,11680,강남구,관광지,쇼핑,백화점,31
202607,5a61131c2d702aee96e966bac6fb868e,대한민국역사박물관,11,서울특별시,11110,종로구,8c43b2191ecdc2f33386ac007b0f1df1,백년토종삼계탕/본점,11,서울특별시,11440,마포구,음식,음식,한식,32
202607,5a61131c2d702aee96e966bac6fb868e,대한민국역사박물관,11,서울특별시,11110,종로구,e5712730c371e5fddd7474df6752b347,롯데백화점/본점,11,서울특별시,11140,중구,관광지,쇼핑,백화점,33
202607,5a61131c2d702aee96e966bac6fb868e,대한민국역사박물관,11,서울특별시,11110,종로구,5e93ee7b8c38da2801d5dfcc09b0a5fc,그랜드인터컨티넨탈호텔/서울파르나스,11,서울특별시,11680,강남구,숙박,숙박,호텔,34
202607,5a61131c2d702aee96e966bac6fb868e,대한민국역사박물관,11,서울특별시,11110,종로구,b39f4258ab825aa18d4c23a9e8f32d30,해남낙지,11,서울특별시,11140,중구,음식,음식,전문음식,35
202607,5a61131c2d702aee96e966bac6fb868e,대한민국역사박물관,11,서울특별시,11110,종로구,0fddd4f04edf6c4394ec3c946ab96733,삼정호텔,11,서울특별시,11680,강남구,숙박,숙박,호텔,36
202607,5a61131c2d702aee96e966bac6fb868e,대한민국역사박물관,11,서울특별시,11110,종로구,2a9b21af2009d7009ff75194ab3e6ee7,노보텔앰배서더호텔/서울동대문,11,서울특별시,11140,중구,숙박,숙박,호텔,37
202607,5a61131c2d702aee96e966bac6fb868e,대한민국역사박물관,11,서울특별시,11110,종로구,87d0473d57cadb89cdb8b106a3ddfedf,하이커그라운드,11,서울특별시,11140,중구,관광지,문화관광,전시시설,38
202607,95b241f19db74f3fa94c7ae6719584a3,아르코예술극장,11,서울특별시,11110,종로구,e9964ba7825bf38bdf9916a9d5f2337d,더플라스틱클라이밍/염창점,11,서울특별시,11500,강서구,관광지,레저스포츠,기타레저스포츠,1
202607,95b241f19db74f3fa94c7ae6719584a3,아르코예술극장,11,서울특별시,11110,종로구,0f82d647b9bebee7021e23e992ab0868,평양면옥/장충본점,11,서울특별시,11140,중구,음식,음식,한식,2
202607,95b241f19db74f3fa94c7ae6719584a3,아르코예술극장,11,서울특별시,11110,종로구,057579775b527ad1eb381c56981342a9,서울드래곤시티,11,서울특별시,11170,용산구,숙박,숙박,호텔,3
202607,95b241f19db74f3fa94c7ae6719584a3,아르코예술극장,11,서울특별시,11110,종로구,8807c2b954cab4307d1be9ba140802b7,성북선잠박물관,11,서울특별시,11290,성북구,관광지,문화관광,전시시설,4
202607,95b241f19db74f3fa94c7ae6719584a3,아르코예술극장,11,서울특별시,11110,종로구,4f7b56aaee78410f20a2b9ae7a0de162,가락동농수산물도매시장,11,서울특별시,11710,송파구,관광지,쇼핑,시장,5
202607,95b241f19db74f3fa94c7ae6719584a3,아르코예술극장,11,서울특별시,11110,종로구,ab675b79d59aba5d06a6aaa6790c5a1e,아르코꿈밭극장,11,서울특별시,11110,종로구,관광지,문화관광,공연시설,6
202607,95b241f19db74f3fa94c7ae6719584a3,아르코예술극장,11,서울특별시,11110,종로구,787529db66fc4fed0f0762c2dff5a734,대학로예술극장,11,서울특별시,11110,종로구,관광지,문화관광,공연시설,7
202607,95b241f19db74f3fa94c7ae6719584a3,아르코예술극장,11,서울특별시,11110,종로구,dd9e29506ae483bda94d511a08087c1f,콘드에뻬뻬,11,서울특별시,11140,중구,음식,음식,전문음식,8
202607,95b241f19db74f3fa94c7ae6719584a3,아르코예술극장,11,서울특별시,11110,종로구,60e2a285ca63e1f00b26a1dbace52960,국립국악원/예악당,11,서울특별시,11650,서초구,관광지,문화관광,공연시설,9
202607,95b241f19db74f3fa94c7ae6719584a3,아르코예술극장,11,서울특별시,11110,종로구,3ab168604c257d9cfe06fef74ce5acbc,광진문화예술회관/나루아트센터,11,서울특별시,11215,광진구,관광지,문화관광,공연시설,10
202607,95b241f19db74f3fa94c7ae6719584a3,아르코예술극장,11,서울특별시,11110,종로구,d2b0a8a9f0512c32ddcd7d32e743ddc6,아르코미술관,11,서울특별시,11110,종로구,관광지,문화관광,전시시설,11
202607,95b241f19db74f3fa94c7ae6719584a3,아르코예술극장,11,서울특별시,11110,종로구,e901a5f2b28e9d0d3e46986976010536,롯데시티호텔/마포,11,서울특별시,11440,마포구,숙박,숙박,호텔,12
202607,95b241f19db74f3fa94c7ae6719584a3,아르코예술극장,11,서울특별시,11110,종로구,694b7186a1efb4ad649859afd8aec690,투썸플레이스/역삼성홍타워점,11,서울특별시,11680,강남구,음식,음식,카페/찻집,13
202607,95b241f19db74f3fa94c7ae6719584a3,아르코예술극장,11,서울특별시,11110,종로구,9ea953c00b8109b48edf03408004e148,한국문화의집,11,서울특별시,11680,강남구,관광지,문화관광,공연시설,14
202607,95b241f19db74f3fa94c7ae6719584a3,아르코예술극장,11,서울특별시,11110,종로구,e213fd933d1af24bdd62969aefb5fdf8,김영모과자점/신반포점,11,서울특별시,11650,서초구,음식,음식,간이음식,15
202607,95b241f19db74f3fa94c7ae6719584a3,아르코예술극장,11,서울특별시,11110,종로구,4ad99170855561c905cd752d5890235a,국립극장,11,서울특별시,11140,중구,관광지,문화관광,공연시설,16
202607,95b241f19db74f3fa94c7ae6719584a3,아르코예술극장,11,서울특별시,11110,종로구,11f8b3b1bf78d9c8936758e525e3ed39,서울역,11,서울특별시,11170,용산구,관광지,기타관광,교통시설,17
202607,95b241f19db74f3fa94c7ae6719584a3,아르코예술극장,11,서울특별시,11110,종로구,f35b60d04bbdf95b8219f31ffcb3910c,아웃백스테이크하우스/강동아이파크더리버점,11,서울특별시,11740,강동구,음식,음식,전문음식,18
202607,95b241f19db74f3fa94c7ae6719584a3,아르코예술극장,11,서울특별시,11110,종로구,24c5e8d6b8e14a8061ca2d6eadf4784d,우리밀국시,11,서울특별시,11290,성북구,음식,음식,한식,19
202607,95b241f19db74f3fa94c7ae6719584a3,아르코예술극장,11,서울특별시,11110,종로구,5ab2679fc831d22deb0d03c6f2b12d3a,현대백화점/미아점,11,서울특별시,11290,성북구,관광지,쇼핑,백화점,20
202607,95b241f19db74f3fa94c7ae6719584a3,아르코예술극장,11,서울특별시,11110,종로구,4665c1d06a02cdc1588be07ff8b4eb1e,한일관/압구정점 [한식],11,서울특별시,11680,강남구,음식,음식,한식,21
202607,95b241f19db74f3fa94c7ae6719584a3,아르코예술극장,11,서울특별시,11110,종로구,5e62c10f934eff919879ed59a15d2d6e,IFC몰,11,서울특별시,11560,영등포구,관광지,쇼핑,쇼핑몰,22
202607,95b241f19db74f3fa94c7ae6719584a3,아르코예술극장,11,서울특별시,11110,종로구,de1dda3abaad9e49aabc8f2b7525e225,국립정동극장/세실,11,서울특별시,11140,중구,관광지,문화관광,공연시설,23
202607,95b241f19db74f3fa94c7ae6719584a3,아르코예술극장,11,서울특별시,11110,종로구,c8f79047b2aca024c76c5c59071a0b41,NOL씨어터/대학로,11,서울특별시,11110,종로구,관광지,문화관광,공연시설,24
202607,95b241f19db74f3fa94c7ae6719584a3,아르코예술극장,11,서울특별시,11110,종로구,9a9060d1b5698843edb3a790064e97bd,숙성부심/군자본점,11,서울특별시,11215,광진구,음식,음식,한식,25
202607,95b241f19db74f3fa94c7ae6719584a3,아르코예술극장,11,서울특별시,11110,종로구,d4013927c3b8de452ec6bef6e84c6216,CGV/신촌아트레온,11,서울특별시,11410,서대문구,관광지,문화관광,공연시설,26
202607,95b241f19db74f3fa94c7ae6719584a3,아르코예술극장,11,서울특별시,11110,종로구,fca98da10a8cbb5aa0ce10b9daaa4efe,제일콩집,11,서울특별시,11350,노원구,음식,음식,한식,27
202607,95b241f19db74f3fa94c7ae6719584a3,아르코예술극장,11,서울특별시,11110,종로구,26597ff882336a4ba58352407cd33ed2,KFC/대학로점,11,서울특별시,11110,종로구,음식,음식,간이음식,28
202607,95b241f19db74f3fa94c7ae6719584a3,아르코예술극장,11,서울특별시,11110,종로구,8eb1d2d71132b00d2ca13f1ed1628ea8,창동극장,11,서울특별시,11320,도봉구,관광지,문화관광,공연시설,29
202607,9dac72fa7ebfaa2eca0d9f9e4e8ddcff,팔각정북악스카이,11,서울특별시,11110,종로구,0a1ce1c3edf210408700cc3c81c6ac0e,북악스카이웨이,11,서울특별시,11110,종로구,관광지,기타관광,데이트코스,1
202607,9dac72fa7ebfaa2eca0d9f9e4e8ddcff,팔각정북악스카이,11,서울특별시,11110,종로구,034449c8eea9c7448f6623888d85976b,길상사,11,서울특별시,11290,성북구,관광지,역사관광,종교성지,2
202607,9dac72fa7ebfaa2eca0d9f9e4e8ddcff,팔각정북악스카이,11,서울특별시,11110,종로구,2b4f7bc9ebebddae3392b736bfca54a5,더숲초소책방,11,서울특별시,11110,종로구,음식,음식,카페/찻집,3
202607,9dac72fa7ebfaa2eca0d9f9e4e8ddcff,팔각정북악스카이,11,서울특별시,11110,종로구,f72ab7ec1016941d7cc813b52b64cf57,자하손만두,11,서울특별시,11110,종로구,음식,음식,한식,4
202607,9dac72fa7ebfaa2eca0d9f9e4e8ddcff,팔각정북악스카이,11,서울특별시,11110,종로구,94b37da181384604e8bdf68b3217008e,여의도한강공원,11,서울특별시,11560,영등포구,관광지,문화관광,도시공원,5
202607,9dac72fa7ebfaa2eca0d9f9e4e8ddcff,팔각정북악스카이,11,서울특별시,11110,종로구,9790b35b54d4adcc46e424df4f01b24e,산모퉁이,11,서울특별시,11110,종로구,음식,음식,카페/찻집,6
202607,9dac72fa7ebfaa2eca0d9f9e4e8ddcff,팔각정북악스카이,11,서울특별시,11110,종로구,d43bec987a06205c72c8f924d7a336b5,삼청각,11,서울특별시,11290,성북구,관광지,문화관광,기타문화관광지,7
202607,9dac72fa7ebfaa2eca0d9f9e4e8ddcff,팔각정북악스카이,11,서울특별시,11110,종로구,eae638a0117eda42a27a586f77cc0cd3,반포한강공원,11,서울특별시,11650,서초구,관광지,문화관광,도시공원,8
202607,9dac72fa7ebfaa2eca0d9f9e4e8ddcff,팔각정북악스카이,11,서울특별시,11110,종로구,e646decaab0b5f74201df0186e514ff5,성북동메밀수제비누룽지백숙,11,서울특별시,11290,성북구,음식,음식,한식,9
202607,9dac72fa7ebfaa2eca0d9f9e4e8ddcff,팔각정북악스카이,11,서울특별시,11110,종로구,decd8a7f03165f076e2a025bc74be29c,희작,11,서울특별시,11110,종로구,음식,음식,카페/찻집,10
202607,9dac72fa7ebfaa2eca0d9f9e4e8ddcff,팔각정북악스카이,11,서울특별시,11110,종로구,8f3c468ef60ef8e1afe3e6e17e584d0f,성북동빵공장,11,서울특별시,11290,성북구,음식,음식,간이음식,11
202607,9dac72fa7ebfaa2eca0d9f9e4e8ddcff,팔각정북악스카이,11,서울특별시,11110,종로구,60e52706259a44f574c8150734caa41d,성북동면옥집,11,서울특별시,11290,성북구,음식,음식,한식,12
202607,9dac72fa7ebfaa2eca0d9f9e4e8ddcff,팔각정북악스카이,11,서울특별시,11110,종로구,fd24f4034fce785d524928601625686c,삼청동수제비/본점,11,서울특별시,11110,종로구,음식,음식,한식,13
202607,9dac72fa7ebfaa2eca0d9f9e4e8ddcff,팔각정북악스카이,11,서울특별시,11110,종로구,091c165f0c1e1a756edb723cb990c8cf,금왕돈까스,11,서울특별시,11290,성북구,음식,음식,전문음식,14
202607,9dac72fa7ebfaa2eca0d9f9e4e8ddcff,팔각정북악스카이,11,서울특별시,11110,종로구,0ec5ba872f1179835987f9028c4cc4df,YTN서울타워,11,서울특별시,11170,용산구,관광지,문화관광,랜드마크관광,15
202607,9dac72fa7ebfaa2eca0d9f9e4e8ddcff,팔각정북악스카이,11,서울특별시,11110,종로구,932713ceeaaa32f8416d0a69ca38fe75,남산케이블카,11,서울특별시,11140,중구,관광지,기타관광,기타관광,16
202607,9dac72fa7ebfaa2eca0d9f9e4e8ddcff,팔각정북악스카이,11,서울특별시,11110,종로구,a55ea5a87d9aceb45f1d5621eb367191,토속촌삼계탕,11,서울특별시,11110,종로구,음식,음식,한식,17
202607,9dac72fa7ebfaa2eca0d9f9e4e8ddcff,팔각정북악스카이,11,서울특별시,11110,종로구,23758dd0bbda518eb19fdc29ad4b72e1,서울연극창작센터,11,서울특별시,11290,성북구,관광지,문화관광,공연시설,18
202607,9dac72fa7ebfaa2eca0d9f9e4e8ddcff,팔각정북악스카이,11,서울특별시,11110,종로구,41f7f4f0d4293bc64a5f2d3c38daaf98,부암동7번지제빵소,11,서울특별시,11110,종로구,음식,음식,간이음식,19
202607,9dac72fa7ebfaa2eca0d9f9e4e8ddcff,팔각정북악스카이,11,서울특별시,11110,종로구,4a20c60ab2dc20e9d9b84b52adabfedf,쌍다리돼지불백/본점 [한식],11,서울특별시,11290,성북구,음식,음식,한식,20
202607,9dac72fa7ebfaa2eca0d9f9e4e8ddcff,팔각정북악스카이,11,서울특별시,11110,종로구,ec726d1680d0c705518526ff2b1f74e7,와룡공원,11,서울특별시,11110,종로구,관광지,문화관광,도시공원,21
202607,9dac72fa7ebfaa2eca0d9f9e4e8ddcff,팔각정북악스카이,11,서울특별시,11110,종로구,d53df0b25685768b1d823a4775a70652,선잠,11,서울특별시,11290,성북구,음식,음식,카페/찻집,22
202607,9dac72fa7ebfaa2eca0d9f9e4e8ddcff,팔각정북악스카이,11,서울특별시,11110,종로구,79df877bdf5c79a7c30ed697c542b575,광화문,11,서울특별시,11110,종로구,관광지,역사관광,역사유적지,23
202607,9dac72fa7ebfaa2eca0d9f9e4e8ddcff,팔각정북악스카이,11,서울특별시,11110,종로구,11f8b3b1bf78d9c8936758e525e3ed39,서울역,11,서울특별시,11170,용산구,관광지,기타관광,교통시설,24
202607,9dac72fa7ebfaa2eca0d9f9e4e8ddcff,팔각정북악스카이,11,서울특별시,11110,종로구,72052bd332dcb27c72a17ad8b6cf960a,국립현대미술관/서울관,11,서울특별시,11110,종로구,관광지,문화관광,전시시설,25
202607,9dac72fa7ebfaa2eca0d9f9e4e8ddcff,팔각정북악스카이,11,서울특별시,11110,종로구,0dfeeac49a5f9056fd1833a00b47a7a4,낙산공원,11,서울특별시,11110,종로구,관광지,문화관광,도시공원,26
202607,9dac72fa7ebfaa2eca0d9f9e4e8ddcff,팔각정북악스카이,11,서울특별시,11110,종로구,caf62084cf0647cc366482302b8f9bf5,계열사,11,서울특별시,11110,종로구,음식,음식,간이음식,27
202607,9dac72fa7ebfaa2eca0d9f9e4e8ddcff,팔각정북악스카이,11,서울특별시,11110,종로구,f96d68fe917c07b2ef1c51d62bd775ac,북악정,11,서울특별시,11110,종로구,음식,음식,한식,28
202607,9dac72fa7ebfaa2eca0d9f9e4e8ddcff,팔각정북악스카이,11,서울특별시,11110,종로구,5a61131c2d702aee96e966bac6fb868e,대한민국역사박물관,11,서울특별시,11110,종로구,관광지,문화관광,전시시설,29
202607,9dac72fa7ebfaa2eca0d9f9e4e8ddcff,팔각정북악스카이,11,서울특별시,11110,종로구,42eaa57b48549bc6c48d6377a40419d5,광장시장,11,서울특별시,11110,종로구,관광지,쇼핑,시장,30
202607,9dac72fa7ebfaa2eca0d9f9e4e8ddcff,팔각정북악스카이,11,서울특별시,11110,종로구,666decfe99780bb1046fd1bb6f76f965,롯데백화점/청량리점,11,서울특별시,11230,동대문구,관광지,쇼핑,백화점,31
202607,9dac72fa7ebfaa2eca0d9f9e4e8ddcff,팔각정북악스카이,11,서울특별시,11110,종로구,66fd47176e2a7cd05721e35919cf2557,신당동떡볶이타운,11,서울특별시,11140,중구,음식,음식,음식점기타,32
202607,9dac72fa7ebfaa2eca0d9f9e4e8ddcff,팔각정북악스카이,11,서울특별시,11110,종로구,f1ef4e4a2579b846c9b9924161d6bff7,그랜드하얏트/서울,11,서울특별시,11170,용산구,숙박,숙박,호텔,33
202607,9dac72fa7ebfaa2eca0d9f9e4e8ddcff,팔각정북악스카이,11,서울특별시,11110,종로구,e0ea3cce552a301b41ab033a41424e94,서울왕돈까스/성북동본점,11,서울특별시,11290,성북구,음식,음식,전문음식,34
202607,9dac72fa7ebfaa2eca0d9f9e4e8ddcff,팔각정북악스카이,11,서울특별시,11110,종로구,2c6be6eedf0cc77a3faf487fa3dc5c00,김창열화가의집,11,서울특별시,11110,종로구,관광지,문화관광,전시시설,35
202607,9dac72fa7ebfaa2eca0d9f9e4e8ddcff,팔각정북악스카이,11,서울특별시,11110,종로구,c318dcf07cfd92680e461df4d8882adb,석파정서울미술관,11,서울특별시,11110,종로구,관광지,문화관광,전시시설,36
202607,9dac72fa7ebfaa2eca0d9f9e4e8ddcff,팔각정북악스카이,11,서울특별시,11110,종로구,ea46c642f9a17c594ececca15acbfa14,응봉산팔각정,11,서울특별시,11200,성동구,관광지,역사관광,역사유적지,37
202607,9dac72fa7ebfaa2eca0d9f9e4e8ddcff,팔각정북악스카이,11,서울특별시,11110,종로구,8665d0867059aa93df0b980c628c862e,경리단길,11,서울특별시,11170,용산구,음식,음식,음식점기타,38
202607,9dac72fa7ebfaa2eca0d9f9e4e8ddcff,팔각정북악스카이,11,서울특별시,11110,종로구,2192e2b4098b707b9cafe500f12e0498,르한스,11,서울특별시,11290,성북구,음식,음식,전문음식,39
202607,9dac72fa7ebfaa2eca0d9f9e4e8ddcff,팔각정북악스카이,11,서울특별시,11110,종로구,5877109bc88136ac4ee7f265d9568d0a,북촌한옥마을,11,서울특별시,11110,종로구,관광지,역사관광,역사유적지,40
202607,9dac72fa7ebfaa2eca0d9f9e4e8ddcff,팔각정북악스카이,11,서울특별시,11110,종로구,b9dc3865498d79141065bc74ea791de7,CGV/아이파크몰용산점,11,서울특별시,11170,용산구,관광지,문화관광,공연시설,41
202607,9dac72fa7ebfaa2eca0d9f9e4e8ddcff,팔각정북악스카이,11,서울특별시,11110,종로구,ac364ac5b7a88c24c39f1ecd406a7970,더현대/서울,11,서울특별시,11560,영등포구,관광지,쇼핑,백화점,42
202607,9dac72fa7ebfaa2eca0d9f9e4e8ddcff,팔각정북악스카이,11,서울특별시,11110,종로구,a7ffa4b5abdaa88997b4e44e5e6f1905,마복림떡볶이,11,서울특별시,11140,중구,음식,음식,간이음식,43
202607,9dac72fa7ebfaa2eca0d9f9e4e8ddcff,팔각정북악스카이,11,서울특별시,11110,종로구,ff1b7da91c8becc05ccd75320569fe25,선동보리밥,11,서울특별시,11290,성북구,음식,음식,한식,44
202607,9dac72fa7ebfaa2eca0d9f9e4e8ddcff,팔각정북악스카이,11,서울특별시,11110,종로구,b93c3b411935828118c804f0f5e7c866,서령/본점,11,서울특별시,11140,중구,음식,음식,한식,45
202607,9dac72fa7ebfaa2eca0d9f9e4e8ddcff,팔각정북악스카이,11,서울특별시,11110,종로구,ba980a1877ef9902368f5ec3f80ab30e,청계천,11,서울특별시,11110,종로구,관광지,문화관광,테마공원,46
202607,9dac72fa7ebfaa2eca0d9f9e4e8ddcff,팔각정북악스카이,11,서울특별시,11110,종로구,b2e840beb2fcb66bb33d988c822656ad,뚝섬한강공원,11,서울특별시,11215,광진구,관광지,문화관광,도시공원,47
202607,9dac72fa7ebfaa2eca0d9f9e4e8ddcff,팔각정북악스카이,11,서울특별시,11110,종로구,61be4c622553d0a8c416676aec653b01,투썸플레이스/종로평창동점,11,서울특별시,11110,종로구,음식,음식,카페/찻집,48
202607,9dac72fa7ebfaa2eca0d9f9e4e8ddcff,팔각정북악스카이,11,서울특별시,11110,종로구,6ec12c2c0a3d0a85ebcf8e37f687074e,레이지버거클럽/부암점,11,서울특별시,11110,종로구,음식,음식,간이음식,49
202607,9dac72fa7ebfaa2eca0d9f9e4e8ddcff,팔각정북악스카이,11,서울특별시,11110,종로구,19c56a677ed2121ca587a9351ec529c1,강촌쌈밥/평창점,11,서울특별시,11110,종로구,음식,음식,한식,50
202607,d1123d91a33cec1c77e3ae42fcc15ca5,석파정,11,서울특별시,11110,종로구,decd8a7f03165f076e2a025bc74be29c,희작,11,서울특별시,11110,종로구,음식,음식,카페/찻집,1
202607,d1123d91a33cec1c77e3ae42fcc15ca5,석파정,11,서울특별시,11110,종로구,034449c8eea9c7448f6623888d85976b,길상사,11,서울특별시,11290,성북구,관광지,역사관광,종교성지,2
202607,d1123d91a33cec1c77e3ae42fcc15ca5,석파정,11,서울특별시,11110,종로구,c318dcf07cfd92680e461df4d8882adb,석파정서울미술관,11,서울특별시,11110,종로구,관광지,문화관광,전시시설,3
202607,d1123d91a33cec1c77e3ae42fcc15ca5,석파정,11,서울특별시,11110,종로구,855f21fcf04dec815994ddfd89f1501d,목인박물관 목석원,11,서울특별시,11110,종로구,관광지,문화관광,전시시설,4
202607,d1123d91a33cec1c77e3ae42fcc15ca5,석파정,11,서울특별시,11110,종로구,e7177a9f589bd522020861014825812f,환기미술관,11,서울특별시,11110,종로구,관광지,문화관광,전시시설,5
202607,d1123d91a33cec1c77e3ae42fcc15ca5,석파정,11,서울특별시,11110,종로구,f72ab7ec1016941d7cc813b52b64cf57,자하손만두,11,서울특별시,11110,종로구,음식,음식,한식,6
202607,d1123d91a33cec1c77e3ae42fcc15ca5,석파정,11,서울특별시,11110,종로구,b6e1a8223148d8c6dc0712a4de32e29d,반얀트리클럽앤스파서울,11,서울특별시,11140,중구,숙박,숙박,호텔,7
202607,d1123d91a33cec1c77e3ae42fcc15ca5,석파정,11,서울특별시,11110,종로구,e646decaab0b5f74201df0186e514ff5,성북동메밀수제비누룽지백숙,11,서울특별시,11290,성북구,음식,음식,한식,8
202607,d1123d91a33cec1c77e3ae42fcc15ca5,석파정,11,서울특별시,11110,종로구,fc2d467db8e1198e18daec18ba3dc1ed,국시랑만두,11,서울특별시,11110,종로구,음식,음식,한식,9
202607,d1123d91a33cec1c77e3ae42fcc15ca5,석파정,11,서울특별시,11110,종로구,c26e6ae6ded4859f8bc7b8ba781fbacf,토속칼국수,11,서울특별시,11110,종로구,음식,음식,한식,10
202607,d1123d91a33cec1c77e3ae42fcc15ca5,석파정,11,서울특별시,11110,종로구,caf62084cf0647cc366482302b8f9bf5,계열사,11,서울특별시,11110,종로구,음식,음식,간이음식,11
202607,d1123d91a33cec1c77e3ae42fcc15ca5,석파정,11,서울특별시,11110,종로구,9f8d7c416ec72268bb09f43608eb3a1e,세검정,11,서울특별시,11110,종로구,관광지,역사관광,역사유적지,12
202607,d1123d91a33cec1c77e3ae42fcc15ca5,석파정,11,서울특별시,11110,종로구,f96d68fe917c07b2ef1c51d62bd775ac,북악정,11,서울특별시,11110,종로구,음식,음식,한식,13
202607,d1123d91a33cec1c77e3ae42fcc15ca5,석파정,11,서울특별시,11110,종로구,e7a83332f31284087fb5fc193218a255,국립민속박물관,11,서울특별시,11110,종로구,관광지,문화관광,전시시설,14
202607,e00c7bdae0c471a9b978a899c2b219af,박정희대통령가옥,11,서울특별시,11140,중구,59afd89018682a7693fdc9b25513eda9,고분다리전통시장,11,서울특별시,11740,강동구,관광지,쇼핑,시장,1
202607,e00c7bdae0c471a9b978a899c2b219af,박정희대통령가옥,11,서울특별시,11140,중구,2238cc1cec5fe00aa88f303a55943555,마라나타,11,서울특별시,11530,구로구,음식,음식,카페/찻집,2
202607,e00c7bdae0c471a9b978a899c2b219af,박정희대통령가옥,11,서울특별시,11140,중구,14b4fd9c3087f72d5240c984fbeff36d,강남면옥/본점,11,서울특별시,11680,강남구,음식,음식,한식,3
202607,e00c7bdae0c471a9b978a899c2b219af,박정희대통령가옥,11,서울특별시,11140,중구,c8f79047b2aca024c76c5c59071a0b41,NOL씨어터/대학로,11,서울특별시,11110,종로구,관광지,문화관광,공연시설,4
202607,0460d73fd1d4379751ad735813e8b6de,종이나라박물관,11,서울특별시,11140,중구,749a481312a0b2fdd7d75dbf0966e6c0,가나아트센터,11,서울특별시,11110,종로구,관광지,문화관광,전시시설,1
202607,0460d73fd1d4379751ad735813e8b6de,종이나라박물관,11,서울특별시,11140,중구,1f23ef7439869eb0ae534277e8d46c53,신세계백화점/타임스퀘어점,11,서울특별시,11560,영등포구,관광지,쇼핑,백화점,2
202607,0460d73fd1d4379751ad735813e8b6de,종이나라박물관,11,서울특별시,11140,중구,0a48780e98a13495ab3a33e9e5801598,서울옥션/강남센터,11,서울특별시,11680,강남구,관광지,문화관광,기타문화관광지,3
202607,0460d73fd1d4379751ad735813e8b6de,종이나라박물관,11,서울특별시,11140,중구,81bf1d15ad057d0cc8f1eb7bc402dd7c,전쟁기념관,11,서울특별시,11170,용산구,관광지,문화관광,전시시설,4
202607,0460d73fd1d4379751ad735813e8b6de,종이나라박물관,11,서울특별시,11140,중구,a8531e95cebc9158bd3ac723a8ed2eb8,원조남산왕돈까스,11,서울특별시,11140,중구,음식,음식,전문음식,5
202607,0460d73fd1d4379751ad735813e8b6de,종이나라박물관,11,서울특별시,11140,중구,9fb8dce4c46fe540ea859737971abc3f,신세계백화점/본점디에스테이트,11,서울특별시,11140,중구,관광지,쇼핑,백화점,6
202607,0460d73fd1d4379751ad735813e8b6de,종이나라박물관,11,서울특별시,11140,중구,6d51b962202065af6259c46a63e64352,현대시티아울렛/동대문점,11,서울특별시,11140,중구,관광지,쇼핑,쇼핑몰,7
202607,0460d73fd1d4379751ad735813e8b6de,종이나라박물관,11,서울특별시,11140,중구,7d58cfcd075b17d0762b9c4e0178fd7b,갤러리아백화점/명품관WEST,11,서울특별시,11680,강남구,관광지,쇼핑,백화점,8
202607,0460d73fd1d4379751ad735813e8b6de,종이나라박물관,11,서울특별시,11140,중구,b708a7a4028a4d59ccc5e7acdde06637,신세계백화점/본점더리저브,11,서울특별시,11140,중구,관광지,쇼핑,백화점,9
202607,0460d73fd1d4379751ad735813e8b6de,종이나라박물관,11,서울특별시,11140,중구,33b7f43188be83f6466947067e5fd89d,유한양행/윌로우하우스,11,서울특별시,11590,동작구,관광지,문화관광,전시시설,10
202607,0460d73fd1d4379751ad735813e8b6de,종이나라박물관,11,서울특별시,11140,중구,c6b5964eb6deb72206d9bf59a6bb5268,신세계백화점/강남점,11,서울특별시,11650,서초구,관광지,쇼핑,백화점,11
202607,0460d73fd1d4379751ad735813e8b6de,종이나라박물관,11,서울특별시,11140,중구,57d4ba99171336619bcb92d8e50ed59d,몬드리안/서울이태원,11,서울특별시,11170,용산구,숙박,숙박,호텔,12
202607,0460d73fd1d4379751ad735813e8b6de,종이나라박물관,11,서울특별시,11140,중구,fd7a5a6d0893cd774c87716adb7121cc,스타벅스/동대입구역점,11,서울특별시,11140,중구,음식,음식,카페/찻집,13
202607,0460d73fd1d4379751ad735813e8b6de,종이나라박물관,11,서울특별시,11140,중구,2eb38024dd7d0825481ea983f7dd1479,현대백화점/압구정본점,11,서울특별시,11680,강남구,관광지,쇼핑,백화점,14
202607,0460d73fd1d4379751ad735813e8b6de,종이나라박물관,11,서울특별시,11140,중구,aa92cb3b981de854b202786ac8261a62,토다베이글/본점,11,서울특별시,11650,서초구,음식,음식,간이음식,15
202607,0460d73fd1d4379751ad735813e8b6de,종이나라박물관,11,서울특별시,11140,중구,c2f5bec09790e230d6426941b51d01ee,방문자센터/북서울꿈의숲,11,서울특별시,11305,강북구,관광지,기타관광,기타관광,16
202607,0460d73fd1d4379751ad735813e8b6de,종이나라박물관,11,서울특별시,11140,중구,55e0793c51cf907b25b9bed3458f3499,목동실내아이스링크,11,서울특별시,11470,양천구,관광지,레저스포츠,육상레저스포츠,17
202607,0460d73fd1d4379751ad735813e8b6de,종이나라박물관,11,서울특별시,11140,중구,c6351f9aebae5a4c1cd1a33dded791f4,창신동문구거리,11,서울특별시,11110,종로구,관광지,쇼핑,기타쇼핑시설,18
202607,0460d73fd1d4379751ad735813e8b6de,종이나라박물관,11,서울특별시,11140,중구,5de4dc997c0a6d1531c6abe376f1bad2,CGV/미아,11,서울특별시,11305,강북구,관광지,문화관광,공연시설,19
202607,0460d73fd1d4379751ad735813e8b6de,종이나라박물관,11,서울특별시,11140,중구,c4e12711e0bbd15cc0f3022e36ef9123,서울특별시교육청고덕평생학습관,11,서울특별시,11740,강동구,관광지,체험관광,체험관광기타,20
202607,868b54a0ecff1510baf8f974668d2e40,남산골한옥마을,11,서울특별시,11140,중구,42eaa57b48549bc6c48d6377a40419d5,광장시장,11,서울특별시,11110,종로구,관광지,쇼핑,시장,1
202607,868b54a0ecff1510baf8f974668d2e40,남산골한옥마을,11,서울특별시,11140,중구,264e64c62489fa01b31c520b75eb608e,신라면세점/서울점,11,서울특별시,11140,중구,관광지,쇼핑,면세점,2
202607,868b54a0ecff1510baf8f974668d2e40,남산골한옥마을,11,서울특별시,11140,중구,932713ceeaaa32f8416d0a69ca38fe75,남산케이블카,11,서울특별시,11140,중구,관광지,기타관광,기타관광,3
202607,868b54a0ecff1510baf8f974668d2e40,남산골한옥마을,11,서울특별시,11140,중구,81bf1d15ad057d0cc8f1eb7bc402dd7c,전쟁기념관,11,서울특별시,11170,용산구,관광지,문화관광,전시시설,4
202607,868b54a0ecff1510baf8f974668d2e40,남산골한옥마을,11,서울특별시,11140,중구,57e1099e4787afc40e35cbd6c67d9b8e,호텔베르누이서울,11,서울특별시,11530,구로구,숙박,숙박,호텔,5
202607,868b54a0ecff1510baf8f974668d2e40,남산골한옥마을,11,서울특별시,11140,중구,7da5f6b9ffe3c1f0d0da8fc804b15d57,신라아이파크면세점/아이파크몰용산점,11,서울특별시,11170,용산구,관광지,쇼핑,면세점,6
202607,868b54a0ecff1510baf8f974668d2e40,남산골한옥마을,11,서울특별시,11140,중구,48d711bc1a903d95d891501dd96cdf06,경복궁,11,서울특별시,11110,종로구,관광지,역사관광,역사유적지,7
202607,868b54a0ecff1510baf8f974668d2e40,남산골한옥마을,11,서울특별시,11140,중구,8d72950e6f528cfde405e99d5459570f,허브성감자탕,11,서울특별시,11440,마포구,음식,음식,한식,8
202607,868b54a0ecff1510baf8f974668d2e40,남산골한옥마을,11,서울특별시,11140,중구,87d0473d57cadb89cdb8b106a3ddfedf,하이커그라운드,11,서울특별시,11140,중구,관광지,문화관광,전시시설,9
202607,868b54a0ecff1510baf8f974668d2e40,남산골한옥마을,11,서울특별시,11140,중구,aa6be6a4f5997ab91804f3b6be58e878,코엑스,11,서울특별시,11680,강남구,관광지,문화관광,전시시설,10
202607,868b54a0ecff1510baf8f974668d2e40,남산골한옥마을,11,서울특별시,11140,중구,19fb30179dbc546c08d1172b2e6ecd07,롯데영플라자/명동점 공사중(2026년오픈예정),11,서울특별시,11140,중구,관광지,쇼핑,백화점,11
202607,868b54a0ecff1510baf8f974668d2e40,남산골한옥마을,11,서울특별시,11140,중구,3afccb88e233366981ad866ae610ffd4,경향아트힐,11,서울특별시,11140,중구,관광지,문화관광,공연시설,12
202607,868b54a0ecff1510baf8f974668d2e40,남산골한옥마을,11,서울특별시,11140,중구,294539848aecced85ea4fd3bc3536a2b,이비스앰배서더/서울 인사동,11,서울특별시,11110,종로구,숙박,숙박,호텔,13
202607,868b54a0ecff1510baf8f974668d2e40,남산골한옥마을,11,서울특별시,11140,중구,d6e7d2e0ef86a25cce60aac5332b28dc,국립중앙박물관,11,서울특별시,11170,용산구,관광지,문화관광,전시시설,14
202607,868b54a0ecff1510baf8f974668d2e40,남산골한옥마을,11,서울특별시,11140,중구,8de118a4b6f26f59fe7f8a9c5e2c275e,이비스앰배서더호텔/명동,11,서울특별시,11140,중구,숙박,숙박,호텔,15
202607,868b54a0ecff1510baf8f974668d2e40,남산골한옥마을,11,서울특별시,11140,중구,efe0cec96bdcb5d3a95caa3c9e3062e7,조계사,11,서울특별시,11110,종로구,관광지,역사관광,종교성지,16
202607,868b54a0ecff1510baf8f974668d2e40,남산골한옥마을,11,서울특별시,11140,중구,d4edfdccdab18d787235c82f7e430fdc,신라호텔/서울,11,서울특별시,11140,중구,숙박,숙박,호텔,17
202607,868b54a0ecff1510baf8f974668d2e40,남산골한옥마을,11,서울특별시,11140,중구,b2243c77aa218bc5dd15c85ef0a8442d,신마포회관,11,서울특별시,11440,마포구,음식,음식,한식,18
202607,868b54a0ecff1510baf8f974668d2e40,남산골한옥마을,11,서울특별시,11140,중구,8c70d8d20528568be11bcac548f02c55,밀리오레호텔/서울명동,11,서울특별시,11140,중구,숙박,숙박,호텔,19
202607,868b54a0ecff1510baf8f974668d2e40,남산골한옥마을,11,서울특별시,11140,중구,5195670748216dd85fe16c4b278c2db4,롯데면세점/명동본점,11,서울특별시,11140,중구,관광지,쇼핑,면세점,20
202607,868b54a0ecff1510baf8f974668d2e40,남산골한옥마을,11,서울특별시,11140,중구,8305585434c6e9f1f63675448b672be3,청와대사랑채,11,서울특별시,11110,종로구,관광지,문화관광,전시시설,21
202607,868b54a0ecff1510baf8f974668d2e40,남산골한옥마을,11,서울특별시,11140,중구,72052bd332dcb27c72a17ad8b6cf960a,국립현대미술관/서울관,11,서울특별시,11110,종로구,관광지,문화관광,전시시설,22
202607,868b54a0ecff1510baf8f974668d2e40,남산골한옥마을,11,서울특별시,11140,중구,b113fd3c3767bd042f56a8e477a8deac,서울가든호텔,11,서울특별시,11440,마포구,숙박,숙박,호텔,23
202607,868b54a0ecff1510baf8f974668d2e40,남산골한옥마을,11,서울특별시,11140,중구,e5712730c371e5fddd7474df6752b347,롯데백화점/본점,11,서울특별시,11140,중구,관광지,쇼핑,백화점,24
202607,868b54a0ecff1510baf8f974668d2e40,남산골한옥마을,11,서울특별시,11140,중구,58aa8bb19e781b7ecf2466ca1740e751,잠두봉선착장,11,서울특별시,11440,마포구,관광지,기타관광,교통시설,25
202607,868b54a0ecff1510baf8f974668d2e40,남산골한옥마을,11,서울특별시,11140,중구,8c43b2191ecdc2f33386ac007b0f1df1,백년토종삼계탕/본점,11,서울특별시,11440,마포구,음식,음식,한식,26
202607,868b54a0ecff1510baf8f974668d2e40,남산골한옥마을,11,서울특별시,11140,중구,3d7055e6af931796c64ff1fb1e1d99c0,인터시티서울호텔,11,서울특별시,11500,강서구,숙박,숙박,호텔,27
202607,868b54a0ecff1510baf8f974668d2e40,남산골한옥마을,11,서울특별시,11140,중구,70d4e6c4a26a2471628de3f5d411e927,한류삼계탕,11,서울특별시,11440,마포구,음식,음식,한식,28
202607,868b54a0ecff1510baf8f974668d2e40,남산골한옥마을,11,서울특별시,11140,중구,2e3a36ee173e08b847427ffbcb479d30,노량진수산시장,11,서울특별시,11590,동작구,관광지,쇼핑,시장,29
202607,868b54a0ecff1510baf8f974668d2e40,남산골한옥마을,11,서울특별시,11140,중구,5546e04c76de2c3ebd2434a2f7fe28e7,천궁토종삼계탕,11,서울특별시,11440,마포구,음식,음식,한식,30
202607,868b54a0ecff1510baf8f974668d2e40,남산골한옥마을,11,서울특별시,11140,중구,e31216a568070f9935d30576a31bd110,청와대앞길,11,서울특별시,11110,종로구,관광지,문화관광,테마공원,31
202607,868b54a0ecff1510baf8f974668d2e40,남산골한옥마을,11,서울특별시,11140,중구,e7a83332f31284087fb5fc193218a255,국립민속박물관,11,서울특별시,11110,종로구,관광지,문화관광,전시시설,32
202607,868b54a0ecff1510baf8f974668d2e40,남산골한옥마을,11,서울특별시,11140,중구,d1cb8a363709fec027313e3d55f16e39,밀리오레/동대문점,11,서울특별시,11140,중구,관광지,쇼핑,쇼핑몰,33
202607,868b54a0ecff1510baf8f974668d2e40,남산골한옥마을,11,서울특별시,11140,중구,539b5d3f4a4d4a40f4a3d88b6da3a167,구룡사,11,서울특별시,11650,서초구,관광지,역사관광,종교성지,34
202607,868b54a0ecff1510baf8f974668d2e40,남산골한옥마을,11,서울특별시,11140,중구,04996481efd999556dceb550554f0900,서촌한옥마을,11,서울특별시,11110,종로구,관광지,역사관광,역사유적지,35
202607,868b54a0ecff1510baf8f974668d2e40,남산골한옥마을,11,서울특별시,11140,중구,68896be5958d876502d1c8a626fca9ec,스타벅스/종암DT점,11,서울특별시,11290,성북구,음식,음식,카페/찻집,36
202607,868b54a0ecff1510baf8f974668d2e40,남산골한옥마을,11,서울특별시,11140,중구,373a7c954519b87ac886cc32d13fbfe8,진고개,11,서울특별시,11140,중구,음식,음식,한식,37
202607,868b54a0ecff1510baf8f974668d2e40,남산골한옥마을,11,서울특별시,11140,중구,edb90d13ea7f57b64714251253bd70bb,신가예촌/[한식],11,서울특별시,11650,서초구,음식,음식,한식,38
202607,868b54a0ecff1510baf8f974668d2e40,남산골한옥마을,11,서울특별시,11140,중구,f8ad3f3ae31e27cd12704723298b4262,머큐어앰배서더호텔/홍대,11,서울특별시,11440,마포구,숙박,숙박,호텔,39
202607,868b54a0ecff1510baf8f974668d2e40,남산골한옥마을,11,서울특별시,11140,중구,1fd766da2ba48ead5364fa9b75cd69f3,한국도심공항,11,서울특별시,11680,강남구,관광지,기타관광,교통시설,40
202607,868b54a0ecff1510baf8f974668d2e40,남산골한옥마을,11,서울특별시,11140,중구,dda5b2713a1088529fb7f030fc281e7f,창경궁,11,서울특별시,11110,종로구,관광지,역사관광,역사유적지,41
202607,868b54a0ecff1510baf8f974668d2e40,남산골한옥마을,11,서울특별시,11140,중구,50623e42e7ced277f6dbf7ce5f0f5fa4,연경/연희점 [중식],11,서울특별시,11410,서대문구,음식,음식,외국식,42
202607,868b54a0ecff1510baf8f974668d2e40,남산골한옥마을,11,서울특별시,11140,중구,b058218fc4383181b33bc646c5df22c3,명륜진사갈비/성균관대점,11,서울특별시,11110,종로구,음식,음식,한식,43
202607,868b54a0ecff1510baf8f974668d2e40,남산골한옥마을,11,서울특별시,11140,중구,fddd3e4e45317188f52a1415c70c6505,칠궁,11,서울특별시,11110,종로구,관광지,기타관광,기타관광,44
202607,868b54a0ecff1510baf8f974668d2e40,남산골한옥마을,11,서울특별시,11140,중구,ad171b123327ef996d7479f08e5fed62,한국은행 화폐박물관,11,서울특별시,11140,중구,관광지,문화관광,전시시설,45
202607,868b54a0ecff1510baf8f974668d2e40,남산골한옥마을,11,서울특별시,11140,중구,4a729236dd0ada1774a4edd9759396dc,서울한방진흥센터,11,서울특별시,11230,동대문구,관광지,문화관광,기타문화관광지,46
202607,868b54a0ecff1510baf8f974668d2e40,남산골한옥마을,11,서울특별시,11140,중구,f672ceb11355e2106768f2587fcff74d,메이플레이스호텔,11,서울특별시,11110,종로구,숙박,숙박,호텔,47
202607,868b54a0ecff1510baf8f974668d2e40,남산골한옥마을,11,서울특별시,11140,중구,a55ea5a87d9aceb45f1d5621eb367191,토속촌삼계탕,11,서울특별시,11110,종로구,음식,음식,한식,48
202607,868b54a0ecff1510baf8f974668d2e40,남산골한옥마을,11,서울특별시,11140,중구,8b55c46ff3f55ccbf772cca41b00ae40,Hello APM,11,서울특별시,11140,중구,관광지,쇼핑,쇼핑몰,49
202607,868b54a0ecff1510baf8f974668d2e40,남산골한옥마을,11,서울특별시,11140,중구,0d403717613936fb345f88c568758b28,메가MGC커피/명동입구점,11,서울특별시,11140,중구,음식,음식,카페/찻집,50
202607,cddb9b6702162c9d4070db388e357ac3,동대문역사문화공원,11,서울특별시,11140,중구,42eaa57b48549bc6c48d6377a40419d5,광장시장,11,서울특별시,11110,종로구,관광지,쇼핑,시장,1
202607,cddb9b6702162c9d4070db388e357ac3,동대문역사문화공원,11,서울특별시,11140,중구,c5e94d4439641971ec7b53c10a6fb54c,로얄호텔서울,11,서울특별시,11140,중구,숙박,숙박,호텔,2
202607,cddb9b6702162c9d4070db388e357ac3,동대문역사문화공원,11,서울특별시,11140,중구,e31216a568070f9935d30576a31bd110,청와대앞길,11,서울특별시,11110,종로구,관광지,문화관광,테마공원,3
202607,cddb9b6702162c9d4070db388e357ac3,동대문역사문화공원,11,서울특별시,11140,중구,7093490ccab1bbdf3a1a4023eb8fe1bd,용산역,11,서울특별시,11170,용산구,관광지,기타관광,교통시설,4
202607,cddb9b6702162c9d4070db388e357ac3,동대문역사문화공원,11,서울특별시,11140,중구,11f8b3b1bf78d9c8936758e525e3ed39,서울역,11,서울특별시,11170,용산구,관광지,기타관광,교통시설,5
202607,cddb9b6702162c9d4070db388e357ac3,동대문역사문화공원,11,서울특별시,11140,중구,4c625f7eb0034dc906c595e832042589,동대문종합시장,11,서울특별시,11110,종로구,관광지,쇼핑,시장,6
202607,cddb9b6702162c9d4070db388e357ac3,동대문역사문화공원,11,서울특별시,11140,중구,a16dd59a84e34c61bd9cf50517373bea,성수동카페거리,11,서울특별시,11200,성동구,음식,음식,음식점기타,7
202607,cddb9b6702162c9d4070db388e357ac3,동대문역사문화공원,11,서울특별시,11140,중구,573adb5fa0ca6c36fdc22416d8221c51,남산산채집,11,서울특별시,11140,중구,음식,음식,한식,8
202607,cddb9b6702162c9d4070db388e357ac3,동대문역사문화공원,11,서울특별시,11140,중구,2eb38024dd7d0825481ea983f7dd1479,현대백화점/압구정본점,11,서울특별시,11680,강남구,관광지,쇼핑,백화점,9
202607,cddb9b6702162c9d4070db388e357ac3,동대문역사문화공원,11,서울특별시,11140,중구,2dabd36b14b5f597c435ddfea49a8427,JS가든/청담점,11,서울특별시,11680,강남구,음식,음식,외국식,10
202607,cddb9b6702162c9d4070db388e357ac3,동대문역사문화공원,11,서울특별시,11140,중구,17fa13c5f566918730f0f1d8a2ac2759,금남시장,11,서울특별시,11200,성동구,관광지,쇼핑,시장,11
202607,cddb9b6702162c9d4070db388e357ac3,동대문역사문화공원,11,서울특별시,11140,중구,a55ea5a87d9aceb45f1d5621eb367191,토속촌삼계탕,11,서울특별시,11110,종로구,음식,음식,한식,12
202607,cddb9b6702162c9d4070db388e357ac3,동대문역사문화공원,11,서울특별시,11140,중구,1dc5cf91e0dc82285e4da9aa397d3e07,삼원가든/본점,11,서울특별시,11680,강남구,음식,음식,한식,13
202607,cddb9b6702162c9d4070db388e357ac3,동대문역사문화공원,11,서울특별시,11140,중구,6dbde5794277b96d02f0b5c4d1b8d7d5,수서역,11,서울특별시,11680,강남구,관광지,기타관광,교통시설,14
202607,cddb9b6702162c9d4070db388e357ac3,동대문역사문화공원,11,서울특별시,11140,중구,2132805d91f73fb5de4af8e9e9a207b1,우대포/왕십리직영점,11,서울특별시,11200,성동구,음식,음식,한식,15
202607,cddb9b6702162c9d4070db388e357ac3,동대문역사문화공원,11,서울특별시,11140,중구,15efadad7f9b4d5481f9fb67d0728625,보코서울명동,11,서울특별시,11140,중구,숙박,숙박,호텔,16
202607,cddb9b6702162c9d4070db388e357ac3,동대문역사문화공원,11,서울특별시,11140,중구,58aa8bb19e781b7ecf2466ca1740e751,잠두봉선착장,11,서울특별시,11440,마포구,관광지,기타관광,교통시설,17
202607,cddb9b6702162c9d4070db388e357ac3,동대문역사문화공원,11,서울특별시,11140,중구,8b750c0dbf493b5bcb1d02c318646fbb,남대문시장,11,서울특별시,11140,중구,관광지,쇼핑,시장,18
202607,cddb9b6702162c9d4070db388e357ac3,동대문역사문화공원,11,서울특별시,11140,중구,bda5892432acee9ebb861ac73079f9b6,대평갈비,11,서울특별시,11110,종로구,음식,음식,한식,19
202607,cddb9b6702162c9d4070db388e357ac3,동대문역사문화공원,11,서울특별시,11140,중구,c084a8744d3d56e6e0bf02828e008631,호텔더보타닉세운/명동,11,서울특별시,11140,중구,숙박,숙박,호텔,20
202607,cddb9b6702162c9d4070db388e357ac3,동대문역사문화공원,11,서울특별시,11140,중구,6621aa050c3669cd812109b92af2ec74,앰배서더서울풀만호텔,11,서울특별시,11140,중구,숙박,숙박,호텔,21
202607,cddb9b6702162c9d4070db388e357ac3,동대문역사문화공원,11,서울특별시,11140,중구,77049628e0b2e7f86a65f69921231f81,인왕산국사당,11,서울특별시,11110,종로구,관광지,역사관광,역사유적지,22
202607,cddb9b6702162c9d4070db388e357ac3,동대문역사문화공원,11,서울특별시,11140,중구,0a1ce1c3edf210408700cc3c81c6ac0e,북악스카이웨이,11,서울특별시,11110,종로구,관광지,기타관광,데이트코스,23
202607,cddb9b6702162c9d4070db388e357ac3,동대문역사문화공원,11,서울특별시,11140,중구,66fd47176e2a7cd05721e35919cf2557,신당동떡볶이타운,11,서울특별시,11140,중구,음식,음식,음식점기타,24
202607,cddb9b6702162c9d4070db388e357ac3,동대문역사문화공원,11,서울특별시,11140,중구,d1f69a42b8e819d4649a67e618f8ac04,글래드호텔/마포,11,서울특별시,11440,마포구,숙박,숙박,호텔,25
202607,cddb9b6702162c9d4070db388e357ac3,동대문역사문화공원,11,서울특별시,11140,중구,9dd951f7e743268a7b86843f079d665c,리치다이아몬드호텔,11,서울특별시,11305,강북구,숙박,숙박,호텔,26
202607,cddb9b6702162c9d4070db388e357ac3,동대문역사문화공원,11,서울특별시,11140,중구,c149fdce592db1c81dd524c675dddbcc,압구정로데오거리,11,서울특별시,11680,강남구,관광지,문화관광,테마공원,27
202607,cddb9b6702162c9d4070db388e357ac3,동대문역사문화공원,11,서울특별시,11140,중구,8894f79f6dddbeac78dc671bfb39e053,정릉,11,서울특별시,11290,성북구,관광지,역사관광,역사유적지,28
202607,cddb9b6702162c9d4070db388e357ac3,동대문역사문화공원,11,서울특별시,11140,중구,0e03b478d11a02389c59e2a7d8e288fa,현대아울렛/가산점,11,서울특별시,11545,금천구,관광지,쇼핑,쇼핑몰,29
202607,cddb9b6702162c9d4070db388e357ac3,동대문역사문화공원,11,서울특별시,11140,중구,010d451af93f93270c0b952fb82a05dd,풍년기사님식당/[한식],11,서울특별시,11440,마포구,음식,음식,한식,30
202607,cddb9b6702162c9d4070db388e357ac3,동대문역사문화공원,11,서울특별시,11140,중구,681fb8f32e3ec2559f2367fb1ab9d7b3,제일평화시장,11,서울특별시,11140,중구,관광지,쇼핑,시장,31
202607,cddb9b6702162c9d4070db388e357ac3,동대문역사문화공원,11,서울특별시,11140,중구,8cbd1a98e93c186c6b5bfdf1675ab266,아난티 앳 강남,11,서울특별시,11680,강남구,숙박,숙박,호텔,32
202607,cddb9b6702162c9d4070db388e357ac3,동대문역사문화공원,11,서울특별시,11140,중구,c10d1ca54ae273eeeddf2a6597af5445,JK블라썸호텔,11,서울특별시,11500,강서구,숙박,숙박,호텔,33
202607,cddb9b6702162c9d4070db388e357ac3,동대문역사문화공원,11,서울특별시,11140,중구,f3045e578c0a3db707d9d358189cd0e6,한동길뼈다귀감자탕/신내본점,11,서울특별시,11260,중랑구,음식,음식,한식,34
202607,cddb9b6702162c9d4070db388e357ac3,동대문역사문화공원,11,서울특별시,11140,중구,72052bd332dcb27c72a17ad8b6cf960a,국립현대미술관/서울관,11,서울특별시,11110,종로구,관광지,문화관광,전시시설,35
202607,cddb9b6702162c9d4070db388e357ac3,동대문역사문화공원,11,서울특별시,11140,중구,625cb5cb7e2406852b648d293a86ca31,청량리청과물시장,11,서울특별시,11230,동대문구,관광지,쇼핑,시장,36
202607,cddb9b6702162c9d4070db388e357ac3,동대문역사문화공원,11,서울특별시,11140,중구,264e64c62489fa01b31c520b75eb608e,신라면세점/서울점,11,서울특별시,11140,중구,관광지,쇼핑,면세점,37
202607,cddb9b6702162c9d4070db388e357ac3,동대문역사문화공원,11,서울특별시,11140,중구,eb9a79157a8b91948e19fc3cc6c7e221,인사동문화의거리,11,서울특별시,11110,종로구,관광지,쇼핑,기타쇼핑시설,38
202607,cddb9b6702162c9d4070db388e357ac3,동대문역사문화공원,11,서울특별시,11140,중구,54c55204d0745e7256af3489117acc75,연신내로데오거리,11,서울특별시,11380,은평구,관광지,문화관광,테마공원,39
202607,cddb9b6702162c9d4070db388e357ac3,동대문역사문화공원,11,서울특별시,11140,중구,d9de2f557c12dc5c7c864760e200b5e9,두산타워,11,서울특별시,11140,중구,관광지,쇼핑,쇼핑몰,40
202607,cddb9b6702162c9d4070db388e357ac3,동대문역사문화공원,11,서울특별시,11140,중구,afc6b5cce6a167570a7549ec5511baaf,김포국제공항,11,서울특별시,11500,강서구,관광지,기타관광,교통시설,41
202607,cddb9b6702162c9d4070db388e357ac3,동대문역사문화공원,11,서울특별시,11140,중구,2df69dc02fa7c5fce3326b7102a79f80,방이맛골,11,서울특별시,11710,송파구,음식,음식,음식점기타,42
202607,cddb9b6702162c9d4070db388e357ac3,동대문역사문화공원,11,서울특별시,11140,중구,445d5491e91fcb2739617f74f43deb48,서관면옥/삼성점,11,서울특별시,11680,강남구,음식,음식,한식,43
202607,cddb9b6702162c9d4070db388e357ac3,동대문역사문화공원,11,서울특별시,11140,중구,33ba06b4bad87468f71d5bddadf054ce,시그니엘/서울,11,서울특별시,11710,송파구,숙박,숙박,호텔,44
202607,cddb9b6702162c9d4070db388e357ac3,동대문역사문화공원,11,서울특별시,11140,중구,b313c20ff42a9a6ce0143e703829fe90,베스트웨스턴프리미어강남호텔,11,서울특별시,11680,강남구,숙박,숙박,호텔,45
202607,cddb9b6702162c9d4070db388e357ac3,동대문역사문화공원,11,서울특별시,11140,중구,9fb8dce4c46fe540ea859737971abc3f,신세계백화점/본점디에스테이트,11,서울특별시,11140,중구,관광지,쇼핑,백화점,46
202607,cddb9b6702162c9d4070db388e357ac3,동대문역사문화공원,11,서울특별시,11140,중구,d1fecf08f1aa42389a2f0fd261747311,논두렁오리주물럭/선릉직영점,11,서울특별시,11680,강남구,음식,음식,전문음식,47
202607,cddb9b6702162c9d4070db388e357ac3,동대문역사문화공원,11,서울특별시,11140,중구,5f1d37f5677edb3d423951f242dea736,샤브20/서울노원점,11,서울특별시,11350,노원구,음식,음식,전문음식,48
202607,cddb9b6702162c9d4070db388e357ac3,동대문역사문화공원,11,서울특별시,11140,중구,dd0ed67fa62e147aae4af9e39b5cb4b1,금돼지식당,11,서울특별시,11140,중구,음식,음식,한식,49
202607,cddb9b6702162c9d4070db388e357ac3,동대문역사문화공원,11,서울특별시,11140,중구,0f82d647b9bebee7021e23e992ab0868,평양면옥/장충본점,11,서울특별시,11140,중구,음식,음식,한식,50
202607,932713ceeaaa32f8416d0a69ca38fe75,남산케이블카,11,서울특별시,11140,중구,0ec5ba872f1179835987f9028c4cc4df,YTN서울타워,11,서울특별시,11170,용산구,관광지,문화관광,랜드마크관광,1
202607,932713ceeaaa32f8416d0a69ca38fe75,남산케이블카,11,서울특별시,11140,중구,42eaa57b48549bc6c48d6377a40419d5,광장시장,11,서울특별시,11110,종로구,관광지,쇼핑,시장,2
202607,932713ceeaaa32f8416d0a69ca38fe75,남산케이블카,11,서울특별시,11140,중구,5877109bc88136ac4ee7f265d9568d0a,북촌한옥마을,11,서울특별시,11110,종로구,관광지,역사관광,역사유적지,3
202607,932713ceeaaa32f8416d0a69ca38fe75,남산케이블카,11,서울특별시,11140,중구,733ea9de1405e05f7a680c3a48fd44c1,원조남산돈까스,11,서울특별시,11140,중구,음식,음식,전문음식,4
202607,932713ceeaaa32f8416d0a69ca38fe75,남산케이블카,11,서울특별시,11140,중구,ce802f509749d23bb5308d756f987d94,N서울타워,11,서울특별시,11170,용산구,관광지,문화관광,랜드마크관광,5
202607,932713ceeaaa32f8416d0a69ca38fe75,남산케이블카,11,서울특별시,11140,중구,e5712730c371e5fddd7474df6752b347,롯데백화점/본점,11,서울특별시,11140,중구,관광지,쇼핑,백화점,6
202607,932713ceeaaa32f8416d0a69ca38fe75,남산케이블카,11,서울특별시,11140,중구,48d711bc1a903d95d891501dd96cdf06,경복궁,11,서울특별시,11110,종로구,관광지,역사관광,역사유적지,7
202607,932713ceeaaa32f8416d0a69ca38fe75,남산케이블카,11,서울특별시,11140,중구,d6e7d2e0ef86a25cce60aac5332b28dc,국립중앙박물관,11,서울특별시,11170,용산구,관광지,문화관광,전시시설,8
202607,932713ceeaaa32f8416d0a69ca38fe75,남산케이블카,11,서울특별시,11140,중구,11f8b3b1bf78d9c8936758e525e3ed39,서울역,11,서울특별시,11170,용산구,관광지,기타관광,교통시설,9
202607,932713ceeaaa32f8416d0a69ca38fe75,남산케이블카,11,서울특별시,11140,중구,9fb8dce4c46fe540ea859737971abc3f,신세계백화점/본점디에스테이트,11,서울특별시,11140,중구,관광지,쇼핑,백화점,10
202607,932713ceeaaa32f8416d0a69ca38fe75,남산케이블카,11,서울특별시,11140,중구,f1ef4e4a2579b846c9b9924161d6bff7,그랜드하얏트/서울,11,서울특별시,11170,용산구,숙박,숙박,호텔,11
202607,932713ceeaaa32f8416d0a69ca38fe75,남산케이블카,11,서울특별시,11140,중구,9dac72fa7ebfaa2eca0d9f9e4e8ddcff,팔각정북악스카이,11,서울특별시,11110,종로구,관광지,문화관광,랜드마크관광,12
202607,932713ceeaaa32f8416d0a69ca38fe75,남산케이블카,11,서울특별시,11140,중구,4ad99170855561c905cd752d5890235a,국립극장,11,서울특별시,11140,중구,관광지,문화관광,공연시설,13
202607,932713ceeaaa32f8416d0a69ca38fe75,남산케이블카,11,서울특별시,11140,중구,0a1ce1c3edf210408700cc3c81c6ac0e,북악스카이웨이,11,서울특별시,11110,종로구,관광지,기타관광,데이트코스,14
202607,932713ceeaaa32f8416d0a69ca38fe75,남산케이블카,11,서울특별시,11140,중구,868b54a0ecff1510baf8f974668d2e40,남산골한옥마을,11,서울특별시,11140,중구,관광지,역사관광,역사유적지,15
202607,932713ceeaaa32f8416d0a69ca38fe75,남산케이블카,11,서울특별시,11140,중구,9e31aae766907b59097cf51c35f9543f,L7 명동 바이 롯데호텔,11,서울특별시,11140,중구,숙박,숙박,호텔,16
202607,932713ceeaaa32f8416d0a69ca38fe75,남산케이블카,11,서울특별시,11140,중구,7413592f5ac37e38d9a557c9872eb497,포시즌스호텔/서울,11,서울특별시,11110,종로구,숙박,숙박,호텔,17
202607,932713ceeaaa32f8416d0a69ca38fe75,남산케이블카,11,서울특별시,11140,중구,c5e94d4439641971ec7b53c10a6fb54c,로얄호텔서울,11,서울특별시,11140,중구,숙박,숙박,호텔,18
202607,932713ceeaaa32f8416d0a69ca38fe75,남산케이블카,11,서울특별시,11140,중구,eae638a0117eda42a27a586f77cc0cd3,반포한강공원,11,서울특별시,11650,서초구,관광지,문화관광,도시공원,19
202607,932713ceeaaa32f8416d0a69ca38fe75,남산케이블카,11,서울특별시,11140,중구,94b37da181384604e8bdf68b3217008e,여의도한강공원,11,서울특별시,11560,영등포구,관광지,문화관광,도시공원,20
202607,932713ceeaaa32f8416d0a69ca38fe75,남산케이블카,11,서울특별시,11140,중구,264e64c62489fa01b31c520b75eb608e,신라면세점/서울점,11,서울특별시,11140,중구,관광지,쇼핑,면세점,21
202607,932713ceeaaa32f8416d0a69ca38fe75,남산케이블카,11,서울특별시,11140,중구,b96ced03a6a40f970cb3a428e81ea19b,롯데호텔/서울점,11,서울특별시,11140,중구,숙박,숙박,호텔,22
202607,932713ceeaaa32f8416d0a69ca38fe75,남산케이블카,11,서울특별시,11140,중구,ac364ac5b7a88c24c39f1ecd406a7970,더현대/서울,11,서울특별시,11560,영등포구,관광지,쇼핑,백화점,23
202607,932713ceeaaa32f8416d0a69ca38fe75,남산케이블카,11,서울특별시,11140,중구,5195670748216dd85fe16c4b278c2db4,롯데면세점/명동본점,11,서울특별시,11140,중구,관광지,쇼핑,면세점,24
202607,932713ceeaaa32f8416d0a69ca38fe75,남산케이블카,11,서울특별시,11140,중구,ba980a1877ef9902368f5ec3f80ab30e,청계천,11,서울특별시,11110,종로구,관광지,문화관광,테마공원,25
202607,932713ceeaaa32f8416d0a69ca38fe75,남산케이블카,11,서울특별시,11140,중구,47e04689b6ed42008bc05a0500c5bbc9,101번지남산돈까스/본점,11,서울특별시,11140,중구,음식,음식,전문음식,26
202607,932713ceeaaa32f8416d0a69ca38fe75,남산케이블카,11,서울특별시,11140,중구,a40f4d0aa0c9e865fe29df3e85bc5461,소문난성수감자탕/본관,11,서울특별시,11200,성동구,음식,음식,한식,27
202607,932713ceeaaa32f8416d0a69ca38fe75,남산케이블카,11,서울특별시,11140,중구,0a9423034a362ca071973e7380572e77,서울스카이,11,서울특별시,11710,송파구,관광지,문화관광,랜드마크관광,28
202607,932713ceeaaa32f8416d0a69ca38fe75,남산케이블카,11,서울특별시,11140,중구,767eb3c379efa3729418cfbf802ec713,세빛섬,11,서울특별시,11650,서초구,관광지,자연관광,자연경관(하천/해양),29
202607,932713ceeaaa32f8416d0a69ca38fe75,남산케이블카,11,서울특별시,11140,중구,66fd47176e2a7cd05721e35919cf2557,신당동떡볶이타운,11,서울특별시,11140,중구,음식,음식,음식점기타,30
202607,932713ceeaaa32f8416d0a69ca38fe75,남산케이블카,11,서울특별시,11140,중구,895cf571f2c7b984e454a8cba241518d,스타벅스/서울웨이브아트센터점,11,서울특별시,11650,서초구,음식,음식,카페/찻집,31
202607,932713ceeaaa32f8416d0a69ca38fe75,남산케이블카,11,서울특별시,11140,중구,6383cf02cac739716f0aa988f02365ac,호텔스카이파크/동대문1호점,11,서울특별시,11140,중구,숙박,숙박,호텔,32
202607,932713ceeaaa32f8416d0a69ca38fe75,남산케이블카,11,서울특별시,11140,중구,efe0cec96bdcb5d3a95caa3c9e3062e7,조계사,11,서울특별시,11110,종로구,관광지,역사관광,종교성지,33
202607,932713ceeaaa32f8416d0a69ca38fe75,남산케이블카,11,서울특별시,11140,중구,1cbc07c7cecb0e4cc3c18e9c0367c095,트레블로지동대문호텔,11,서울특별시,11140,중구,숙박,숙박,호텔,34
202607,932713ceeaaa32f8416d0a69ca38fe75,남산케이블카,11,서울특별시,11140,중구,c084a8744d3d56e6e0bf02828e008631,호텔더보타닉세운/명동,11,서울특별시,11140,중구,숙박,숙박,호텔,35
202607,932713ceeaaa32f8416d0a69ca38fe75,남산케이블카,11,서울특별시,11140,중구,8f1fc218c06226be8273a0748c68277c,창덕궁,11,서울특별시,11110,종로구,관광지,역사관광,역사유적지,36
202607,932713ceeaaa32f8416d0a69ca38fe75,남산케이블카,11,서울특별시,11140,중구,d43bec987a06205c72c8f924d7a336b5,삼청각,11,서울특별시,11290,성북구,관광지,문화관광,기타문화관광지,37
202607,932713ceeaaa32f8416d0a69ca38fe75,남산케이블카,11,서울특별시,11140,중구,1f42d1fe1580daeeca68c3bd7e6fdca2,명보아트홀,11,서울특별시,11140,중구,관광지,문화관광,공연시설,38
202607,932713ceeaaa32f8416d0a69ca38fe75,남산케이블카,11,서울특별시,11140,중구,6e83a36a9b7bd04680c637b8f44a99ab,봉은사,11,서울특별시,11680,강남구,관광지,역사관광,종교성지,39
202607,932713ceeaaa32f8416d0a69ca38fe75,남산케이블카,11,서울특별시,11140,중구,72052bd332dcb27c72a17ad8b6cf960a,국립현대미술관/서울관,11,서울특별시,11110,종로구,관광지,문화관광,전시시설,40
202607,932713ceeaaa32f8416d0a69ca38fe75,남산케이블카,11,서울특별시,11140,중구,775c61c26ccfd36838db01794d0cf643,코리아나호텔/서울,11,서울특별시,11140,중구,숙박,숙박,호텔,41
202607,932713ceeaaa32f8416d0a69ca38fe75,남산케이블카,11,서울특별시,11140,중구,75ebd5f837d2d3002d57345a71c349a5,콤포타블/남산점,11,서울특별시,11170,용산구,음식,음식,카페/찻집,42
202607,932713ceeaaa32f8416d0a69ca38fe75,남산케이블카,11,서울특별시,11140,중구,5e93ee7b8c38da2801d5dfcc09b0a5fc,그랜드인터컨티넨탈호텔/서울파르나스,11,서울특별시,11680,강남구,숙박,숙박,호텔,43
202607,932713ceeaaa32f8416d0a69ca38fe75,남산케이블카,11,서울특별시,11140,중구,2e3a36ee173e08b847427ffbcb479d30,노량진수산시장,11,서울특별시,11590,동작구,관광지,쇼핑,시장,44
202607,932713ceeaaa32f8416d0a69ca38fe75,남산케이블카,11,서울특별시,11140,중구,da5f79e75ec9cd53e7066baecaf94502,JW메리어트호텔/서울,11,서울특별시,11650,서초구,숙박,숙박,호텔,45
202607,932713ceeaaa32f8416d0a69ca38fe75,남산케이블카,11,서울특별시,11140,중구,e42f0b354c379b16017831de6ea6a075,G3호텔,11,서울특별시,11140,중구,숙박,숙박,호텔,46
202607,932713ceeaaa32f8416d0a69ca38fe75,남산케이블카,11,서울특별시,11140,중구,f4cb0345c02d72995cc67111ef093ead,롯데월드/잠실점,11,서울특별시,11710,송파구,관광지,문화관광,테마공원,47
202607,932713ceeaaa32f8416d0a69ca38fe75,남산케이블카,11,서울특별시,11140,중구,fe31ad86e45e955a073ccff5aed465c2,이랜드크루즈/여의도선착장,11,서울특별시,11560,영등포구,관광지,기타관광,교통시설,48
202607,932713ceeaaa32f8416d0a69ca38fe75,남산케이블카,11,서울특별시,11140,중구,57e1099e4787afc40e35cbd6c67d9b8e,호텔베르누이서울,11,서울특별시,11530,구로구,숙박,숙박,호텔,49
202607,932713ceeaaa32f8416d0a69ca38fe75,남산케이블카,11,서울특별시,11140,중구,8de118a4b6f26f59fe7f8a9c5e2c275e,이비스앰배서더호텔/명동,11,서울특별시,11140,중구,숙박,숙박,호텔,50
202607,7577fe65e18dcf2ef3d208750d506ab6,용산가족공원,11,서울특별시,11170,용산구,01953653a8a2e279ecab3087df280fd2,아이파크몰/용산점,11,서울특별시,11170,용산구,관광지,쇼핑,백화점,1
202607,7577fe65e18dcf2ef3d208750d506ab6,용산가족공원,11,서울특별시,11170,용산구,303e061a253a591246fbd0156f0dad12,신세계센트럴시티터미널/호남선,11,서울특별시,11650,서초구,관광지,기타관광,교통시설,2
202607,7577fe65e18dcf2ef3d208750d506ab6,용산가족공원,11,서울특별시,11170,용산구,d6e7d2e0ef86a25cce60aac5332b28dc,국립중앙박물관,11,서울특별시,11170,용산구,관광지,문화관광,전시시설,3
202607,7577fe65e18dcf2ef3d208750d506ab6,용산가족공원,11,서울특별시,11170,용산구,b8f4e4d0d3371490810088ddc0d18a71,노이덴,11,서울특별시,11170,용산구,음식,음식,외국식,4
202607,7577fe65e18dcf2ef3d208750d506ab6,용산가족공원,11,서울특별시,11170,용산구,78c4c7c49c09ae3df64fe3d505eef0b7,반포쇼핑타운,11,서울특별시,11650,서초구,관광지,쇼핑,쇼핑몰,5
202607,7577fe65e18dcf2ef3d208750d506ab6,용산가족공원,11,서울특별시,11170,용산구,f1f28f87c0e65722637e7598b5615e11,스시이안앤/신길점,11,서울특별시,11560,영등포구,음식,음식,외국식,6
202607,7577fe65e18dcf2ef3d208750d506ab6,용산가족공원,11,서울특별시,11170,용산구,cb76424200b461b4db792f0fbb94e9c2,용산어린이정원,11,서울특별시,11170,용산구,관광지,문화관광,도시공원,7
202607,7577fe65e18dcf2ef3d208750d506ab6,용산가족공원,11,서울특별시,11170,용산구,026934c7b62368744563162af4450390,돈까스잔치/동빙고점,11,서울특별시,11170,용산구,음식,음식,전문음식,8
202607,7577fe65e18dcf2ef3d208750d506ab6,용산가족공원,11,서울특별시,11170,용산구,d583efd1c6578da7ddccb18e122cef18,블루스퀘어우리은행홀,11,서울특별시,11170,용산구,관광지,문화관광,공연시설,9
202607,7577fe65e18dcf2ef3d208750d506ab6,용산가족공원,11,서울특별시,11170,용산구,4f8220d5302924a51ab78f548910c7f7,거대곰탕/서초점,11,서울특별시,11650,서초구,음식,음식,한식,10
202607,7577fe65e18dcf2ef3d208750d506ab6,용산가족공원,11,서울특별시,11170,용산구,895cf571f2c7b984e454a8cba241518d,스타벅스/서울웨이브아트센터점,11,서울특별시,11650,서초구,음식,음식,카페/찻집,11
202607,7577fe65e18dcf2ef3d208750d506ab6,용산가족공원,11,서울특별시,11170,용산구,dfdc36a36f2a8364dc44ab77ba2add4e,동대문쇼핑타운,11,서울특별시,11110,종로구,관광지,쇼핑,쇼핑몰,12
202607,7577fe65e18dcf2ef3d208750d506ab6,용산가족공원,11,서울특별시,11170,용산구,9d201839f6cc36c063e29f3b7e38507b,군산오징어/잠실본점,11,서울특별시,11710,송파구,음식,음식,전문음식,13
202607,7577fe65e18dcf2ef3d208750d506ab6,용산가족공원,11,서울특별시,11170,용산구,d820c0a2de5709890c63832c5b6d2998,녹원쌈밥/연희점,11,서울특별시,11410,서대문구,음식,음식,한식,14
202607,7577fe65e18dcf2ef3d208750d506ab6,용산가족공원,11,서울특별시,11170,용산구,eecb51fa7fe2d093d4f424d359a09ac8,양화한강공원,11,서울특별시,11560,영등포구,관광지,문화관광,도시공원,15
202607,7577fe65e18dcf2ef3d208750d506ab6,용산가족공원,11,서울특별시,11170,용산구,2eb38024dd7d0825481ea983f7dd1479,현대백화점/압구정본점,11,서울특별시,11680,강남구,관광지,쇼핑,백화점,16
202607,7577fe65e18dcf2ef3d208750d506ab6,용산가족공원,11,서울특별시,11170,용산구,eae638a0117eda42a27a586f77cc0cd3,반포한강공원,11,서울특별시,11650,서초구,관광지,문화관광,도시공원,17
202607,7577fe65e18dcf2ef3d208750d506ab6,용산가족공원,11,서울특별시,11170,용산구,65c8caf17c25814f22aba701cad90835,가양칼국수버섯매운탕,11,서울특별시,11560,영등포구,음식,음식,한식,18
202607,7577fe65e18dcf2ef3d208750d506ab6,용산가족공원,11,서울특별시,11170,용산구,113256faf42c1616839f7b8b29cfae94,카페흙,11,서울특별시,11170,용산구,음식,음식,카페/찻집,19
202607,7577fe65e18dcf2ef3d208750d506ab6,용산가족공원,11,서울특별시,11170,용산구,456fa0e05cde781f23497710e8985a25,꾸석지돌판한우/신풍역점,11,서울특별시,11560,영등포구,음식,음식,한식,20
202607,7577fe65e18dcf2ef3d208750d506ab6,용산가족공원,11,서울특별시,11170,용산구,4f533f9c0fd47f7a29af3291cb8f25d2,스타벅스/여의도원센티널점,11,서울특별시,11560,영등포구,음식,음식,카페/찻집,21
202607,7577fe65e18dcf2ef3d208750d506ab6,용산가족공원,11,서울특별시,11170,용산구,001d29f8fa0553791116c3db1c0845a0,아웃백스테이크하우스/신촌점,11,서울특별시,11410,서대문구,음식,음식,전문음식,22
202607,7577fe65e18dcf2ef3d208750d506ab6,용산가족공원,11,서울특별시,11170,용산구,8636f94e44e6238feef3096455af030c,골목떡볶이,11,서울특별시,11710,송파구,음식,음식,간이음식,23
202607,7577fe65e18dcf2ef3d208750d506ab6,용산가족공원,11,서울특별시,11170,용산구,06a6e9b07587c1155f7bd46687abd365,서울올림픽파크텔,11,서울특별시,11710,송파구,숙박,숙박,호텔,24
202607,7577fe65e18dcf2ef3d208750d506ab6,용산가족공원,11,서울특별시,11170,용산구,8adc8967b302c7e48222dae4f0ba1f25,장꼬방,11,서울특별시,11650,서초구,음식,음식,카페/찻집,25
202607,7577fe65e18dcf2ef3d208750d506ab6,용산가족공원,11,서울특별시,11170,용산구,7d6ec12431eaf2098664b8c543aecbe9,청수당,11,서울특별시,11110,종로구,음식,음식,카페/찻집,26
202607,7577fe65e18dcf2ef3d208750d506ab6,용산가족공원,11,서울특별시,11170,용산구,34fc31720ce1b1ab18191a852120231f,석촌호수/동호,11,서울특별시,11710,송파구,관광지,자연관광,자연경관(하천/해양),27
202607,7577fe65e18dcf2ef3d208750d506ab6,용산가족공원,11,서울특별시,11170,용산구,057579775b527ad1eb381c56981342a9,서울드래곤시티,11,서울특별시,11170,용산구,숙박,숙박,호텔,28
202607,7577fe65e18dcf2ef3d208750d506ab6,용산가족공원,11,서울특별시,11170,용산구,18597711778f8de7a9a2693620872e19,우동키노야/신용산본점,11,서울특별시,11170,용산구,음식,음식,외국식,29
202607,7577fe65e18dcf2ef3d208750d506ab6,용산가족공원,11,서울특별시,11170,용산구,ee3984e4e46e78a8b3321e6bce2c676c,백령도 바지락칼국수,11,서울특별시,11170,용산구,음식,음식,한식,30
202607,7577fe65e18dcf2ef3d208750d506ab6,용산가족공원,11,서울특별시,11170,용산구,bbc2d930b987120ed7925dfad1e97dee,효창공원,11,서울특별시,11170,용산구,관광지,문화관광,도시공원,31
202607,7577fe65e18dcf2ef3d208750d506ab6,용산가족공원,11,서울특별시,11170,용산구,702709ef1a14d0af942b9c25aaac6a20,CGV/청담씨네시티,11,서울특별시,11680,강남구,관광지,문화관광,공연시설,32
202607,7577fe65e18dcf2ef3d208750d506ab6,용산가족공원,11,서울특별시,11170,용산구,b35baf66f56313e6033cd1969ca7f85c,경동시장,11,서울특별시,11230,동대문구,관광지,쇼핑,시장,33
202607,7577fe65e18dcf2ef3d208750d506ab6,용산가족공원,11,서울특별시,11170,용산구,2f280409ca2772c2cf4a90219b146d24,웨스틴서울파르나스,11,서울특별시,11680,강남구,숙박,숙박,호텔,34
202607,7577fe65e18dcf2ef3d208750d506ab6,용산가족공원,11,서울특별시,11170,용산구,755cf847170400b2edd3b30fc426fca0,가나돈까스의집,11,서울특별시,11680,강남구,음식,음식,전문음식,35
202607,7577fe65e18dcf2ef3d208750d506ab6,용산가족공원,11,서울특별시,11170,용산구,274aa714fb9bc8ae467b31e1b84b30e3,한남동한방통닭,11,서울특별시,11170,용산구,음식,음식,간이음식,36
202607,7577fe65e18dcf2ef3d208750d506ab6,용산가족공원,11,서울특별시,11170,용산구,fbe1201ae1f5a48d1386fa6419f9b1fd,깨돌이김밥,11,서울특별시,11740,강동구,음식,음식,간이음식,37
202607,7577fe65e18dcf2ef3d208750d506ab6,용산가족공원,11,서울특별시,11170,용산구,4f664a8b67e1025fa584afab9a2a1ef6,갯마을/한강로점,11,서울특별시,11170,용산구,음식,음식,한식,38
202607,7577fe65e18dcf2ef3d208750d506ab6,용산가족공원,11,서울특별시,11170,용산구,45051d1249d88ec5076a952126cd6ba5,신흥시장,11,서울특별시,11170,용산구,관광지,쇼핑,시장,39
202607,7577fe65e18dcf2ef3d208750d506ab6,용산가족공원,11,서울특별시,11170,용산구,92fc7845fe6ba41610a14b3f5b575479,천호문구완구거리,11,서울특별시,11740,강동구,관광지,쇼핑,기타쇼핑시설,40
202607,7577fe65e18dcf2ef3d208750d506ab6,용산가족공원,11,서울특별시,11170,용산구,ce196c950c52d6a7f26097a553f7fadf,블루스퀘어,11,서울특별시,11170,용산구,관광지,문화관광,공연시설,41
202607,7577fe65e18dcf2ef3d208750d506ab6,용산가족공원,11,서울특별시,11170,용산구,f1ef4e4a2579b846c9b9924161d6bff7,그랜드하얏트/서울,11,서울특별시,11170,용산구,숙박,숙박,호텔,42
202607,c336796f7044be996c3f33bc7878e670,이태원앤틱가구거리,11,서울특별시,11170,용산구,c870640332e75cb28037f47ff5575f0f,이비스스타일앰배서더/서울용산,11,서울특별시,11170,용산구,숙박,숙박,호텔,1
202607,c336796f7044be996c3f33bc7878e670,이태원앤틱가구거리,11,서울특별시,11170,용산구,8b750c0dbf493b5bcb1d02c318646fbb,남대문시장,11,서울특별시,11140,중구,관광지,쇼핑,시장,2
202607,c336796f7044be996c3f33bc7878e670,이태원앤틱가구거리,11,서울특별시,11170,용산구,0bbe3c06704cea0f2effdcce6b84b343,원강,11,서울특별시,11680,강남구,음식,음식,한식,3
202607,c336796f7044be996c3f33bc7878e670,이태원앤틱가구거리,11,서울특별시,11170,용산구,45051d1249d88ec5076a952126cd6ba5,신흥시장,11,서울특별시,11170,용산구,관광지,쇼핑,시장,4
202607,8570e8b7a265058a6c28f6fa4da2a208,식민지역사박물관,11,서울특별시,11170,용산구,8930f0b4a98b760f2a7bf5345eceb251,서대문형무소역사관,11,서울특별시,11410,서대문구,관광지,문화관광,전시시설,1
202607,58baf8648ed1557a5e5737b837ae38aa,아모레퍼시픽미술관,11,서울특별시,11170,용산구,01953653a8a2e279ecab3087df280fd2,아이파크몰/용산점,11,서울특별시,11170,용산구,관광지,쇼핑,백화점,1
202607,58baf8648ed1557a5e5737b837ae38aa,아모레퍼시픽미술관,11,서울특별시,11170,용산구,d6e7d2e0ef86a25cce60aac5332b28dc,국립중앙박물관,11,서울특별시,11170,용산구,관광지,문화관광,전시시설,2
202607,58baf8648ed1557a5e5737b837ae38aa,아모레퍼시픽미술관,11,서울특별시,11170,용산구,054b3899f465ac2823cffd7b7e69fa8b,리움미술관/M1,11,서울특별시,11170,용산구,관광지,문화관광,전시시설,3
202607,58baf8648ed1557a5e5737b837ae38aa,아모레퍼시픽미술관,11,서울특별시,11170,용산구,4d184ef15ff70f47adf62843e9a57292,현대백화점/무역센터점,11,서울특별시,11680,강남구,관광지,쇼핑,백화점,4
202607,58baf8648ed1557a5e5737b837ae38aa,아모레퍼시픽미술관,11,서울특별시,11170,용산구,3c57ab41aa9abd8901a2419782b1f4b6,타데우스로팍서울,11,서울특별시,11170,용산구,관광지,문화관광,전시시설,5
202607,58baf8648ed1557a5e5737b837ae38aa,아모레퍼시픽미술관,11,서울특별시,11170,용산구,5e62c10f934eff919879ed59a15d2d6e,IFC몰,11,서울특별시,11560,영등포구,관광지,쇼핑,쇼핑몰,6
202607,58baf8648ed1557a5e5737b837ae38aa,아모레퍼시픽미술관,11,서울특별시,11170,용산구,c6b5964eb6deb72206d9bf59a6bb5268,신세계백화점/강남점,11,서울특별시,11650,서초구,관광지,쇼핑,백화점,7
202607,58baf8648ed1557a5e5737b837ae38aa,아모레퍼시픽미술관,11,서울특별시,11170,용산구,aa21d46afd60c55e14991c1e2edb56e1,사피드서울,11,서울특별시,11170,용산구,음식,음식,외국식,8
202607,58baf8648ed1557a5e5737b837ae38aa,아모레퍼시픽미술관,11,서울특별시,11170,용산구,f62652b5f6bae205f4271c4395770e0c,봉피양/용산점,11,서울특별시,11170,용산구,음식,음식,한식,9
202607,58baf8648ed1557a5e5737b837ae38aa,아모레퍼시픽미술관,11,서울특별시,11170,용산구,c196f497d35b343fc47a018293ab0bd0,인스타일/서울드래곤시티호텔,11,서울특별시,11170,용산구,음식,음식,전문음식,10
202607,58baf8648ed1557a5e5737b837ae38aa,아모레퍼시픽미술관,11,서울특별시,11170,용산구,34552eaec4dc65b7dfce77ea744be29f,호텔나루서울엠갤러리,11,서울특별시,11440,마포구,숙박,숙박,호텔,11
202607,58baf8648ed1557a5e5737b837ae38aa,아모레퍼시픽미술관,11,서울특별시,11170,용산구,cb76424200b461b4db792f0fbb94e9c2,용산어린이정원,11,서울특별시,11170,용산구,관광지,문화관광,도시공원,12
202607,58baf8648ed1557a5e5737b837ae38aa,아모레퍼시픽미술관,11,서울특별시,11170,용산구,ac364ac5b7a88c24c39f1ecd406a7970,더현대/서울,11,서울특별시,11560,영등포구,관광지,쇼핑,백화점,13
202607,58baf8648ed1557a5e5737b837ae38aa,아모레퍼시픽미술관,11,서울특별시,11170,용산구,091c165f0c1e1a756edb723cb990c8cf,금왕돈까스,11,서울특별시,11290,성북구,음식,음식,전문음식,14
202607,58baf8648ed1557a5e5737b837ae38aa,아모레퍼시픽미술관,11,서울특별시,11170,용산구,7809cc52d9c63e6b7d56bbea6556593c,창익집,11,서울특별시,11170,용산구,음식,음식,한식,15
202607,58baf8648ed1557a5e5737b837ae38aa,아모레퍼시픽미술관,11,서울특별시,11170,용산구,539712766c725118a8731cfe8aa536c9,호텔베뉴지,11,서울특별시,11110,종로구,숙박,숙박,호텔,16
202607,58baf8648ed1557a5e5737b837ae38aa,아모레퍼시픽미술관,11,서울특별시,11170,용산구,aa55d489d963352a296836387a9cfd7e,올디스타코/을지로본점,11,서울특별시,11140,중구,음식,음식,외국식,17
202607,58baf8648ed1557a5e5737b837ae38aa,아모레퍼시픽미술관,11,서울특별시,11170,용산구,bcdd8cd54c7962050fde83e7c0b98b25,아리아/웨스틴조선호텔,11,서울특별시,11140,중구,음식,음식,전문음식,18
202607,58baf8648ed1557a5e5737b837ae38aa,아모레퍼시픽미술관,11,서울특별시,11170,용산구,d4ea0aacdf2463189fd2d5c8a013519c,스타벅스/신림타임스트림점,11,서울특별시,11620,관악구,음식,음식,카페/찻집,19
202607,58baf8648ed1557a5e5737b837ae38aa,아모레퍼시픽미술관,11,서울특별시,11170,용산구,a28c4436b44e6cef4c1e433b03989f20,학동공원,11,서울특별시,11680,강남구,관광지,문화관광,도시공원,20
202607,58baf8648ed1557a5e5737b837ae38aa,아모레퍼시픽미술관,11,서울특별시,11170,용산구,afd4c0cd46bfb5cb69cc7d38b9130642,스타벅스/신림DT점,11,서울특별시,11620,관악구,음식,음식,카페/찻집,21
202607,58baf8648ed1557a5e5737b837ae38aa,아모레퍼시픽미술관,11,서울특별시,11170,용산구,33ba06b4bad87468f71d5bddadf054ce,시그니엘/서울,11,서울특별시,11710,송파구,숙박,숙박,호텔,22
202607,58baf8648ed1557a5e5737b837ae38aa,아모레퍼시픽미술관,11,서울특별시,11170,용산구,6c707a54f9c92f23d8d259b06ad4d78d,닥터로빈/흑석점,11,서울특별시,11590,동작구,음식,음식,외국식,23
202607,58baf8648ed1557a5e5737b837ae38aa,아모레퍼시픽미술관,11,서울특별시,11170,용산구,f180cf2886c48c9ef254156a44527e17,버거킹/장안SK점,11,서울특별시,11230,동대문구,음식,음식,간이음식,24
202607,58baf8648ed1557a5e5737b837ae38aa,아모레퍼시픽미술관,11,서울특별시,11170,용산구,0010d1f00478f68455fab71af6532c1b,삼청각/일화당,11,서울특별시,11290,성북구,관광지,문화관광,기타문화관광지,25
202607,58baf8648ed1557a5e5737b837ae38aa,아모레퍼시픽미술관,11,서울특별시,11170,용산구,b9d2bfcacff4b0c07f220ae8cb1c1c40,현대백화점/목동점,11,서울특별시,11470,양천구,관광지,쇼핑,백화점,26
202607,58baf8648ed1557a5e5737b837ae38aa,아모레퍼시픽미술관,11,서울특별시,11170,용산구,1fd766da2ba48ead5364fa9b75cd69f3,한국도심공항,11,서울특별시,11680,강남구,관광지,기타관광,교통시설,27
202607,58baf8648ed1557a5e5737b837ae38aa,아모레퍼시픽미술관,11,서울특별시,11170,용산구,ec8ed12bb31d610931a0a80397c75fc8,신라스테이/서대문,11,서울특별시,11410,서대문구,숙박,숙박,호텔,28
202607,58baf8648ed1557a5e5737b837ae38aa,아모레퍼시픽미술관,11,서울특별시,11170,용산구,2f280409ca2772c2cf4a90219b146d24,웨스틴서울파르나스,11,서울특별시,11680,강남구,숙박,숙박,호텔,29
202607,58baf8648ed1557a5e5737b837ae38aa,아모레퍼시픽미술관,11,서울특별시,11170,용산구,7cdacbdd3d1cfd93a87fc6331fb62099,서울옥션하우스,11,서울특별시,11110,종로구,관광지,문화관광,전시시설,30
202607,58baf8648ed1557a5e5737b837ae38aa,아모레퍼시픽미술관,11,서울특별시,11170,용산구,c32383e4c3a5da8e13c0ace748bba4df,더백테라스,11,서울특별시,11170,용산구,음식,음식,간이음식,31
202607,58baf8648ed1557a5e5737b837ae38aa,아모레퍼시픽미술관,11,서울특별시,11170,용산구,ff5694c1019a3da50ed4022a7701827f,진진/본관 [중식],11,서울특별시,11440,마포구,음식,음식,외국식,32
202607,58baf8648ed1557a5e5737b837ae38aa,아모레퍼시픽미술관,11,서울특별시,11170,용산구,9bc3f57aa7375fac875095884aa73884,서울시립미술관,11,서울특별시,11140,중구,관광지,문화관광,전시시설,33
202607,58baf8648ed1557a5e5737b837ae38aa,아모레퍼시픽미술관,11,서울특별시,11170,용산구,69c7a4b1c5bf2614af39ba0aa2808fe5,임병주산동손칼국수,11,서울특별시,11650,서초구,음식,음식,한식,34
202607,58baf8648ed1557a5e5737b837ae38aa,아모레퍼시픽미술관,11,서울특별시,11170,용산구,2bf18160cbe7aadca3d2d7bdbb1cb5d6,역삼브라운도트호텔,11,서울특별시,11680,강남구,숙박,숙박,호텔,35
202607,58baf8648ed1557a5e5737b837ae38aa,아모레퍼시픽미술관,11,서울특별시,11170,용산구,0646b44c6e8208ce47fe1e0851f5079d,문화비축기지/문화복합공간,11,서울특별시,11440,마포구,관광지,문화관광,기타문화관광지,36
202607,58baf8648ed1557a5e5737b837ae38aa,아모레퍼시픽미술관,11,서울특별시,11170,용산구,6dbde5794277b96d02f0b5c4d1b8d7d5,수서역,11,서울특별시,11680,강남구,관광지,기타관광,교통시설,37
202607,58baf8648ed1557a5e5737b837ae38aa,아모레퍼시픽미술관,11,서울특별시,11170,용산구,3c64c6f9cdc5e7e1e86be281d15740a9,마일스톤커피/한남점,11,서울특별시,11170,용산구,음식,음식,카페/찻집,38
202607,58baf8648ed1557a5e5737b837ae38aa,아모레퍼시픽미술관,11,서울특별시,11170,용산구,fd24f4034fce785d524928601625686c,삼청동수제비/본점,11,서울특별시,11110,종로구,음식,음식,한식,39
202607,58baf8648ed1557a5e5737b837ae38aa,아모레퍼시픽미술관,11,서울특별시,11170,용산구,2e3a36ee173e08b847427ffbcb479d30,노량진수산시장,11,서울특별시,11590,동작구,관광지,쇼핑,시장,40
202607,58baf8648ed1557a5e5737b837ae38aa,아모레퍼시픽미술관,11,서울특별시,11170,용산구,72052bd332dcb27c72a17ad8b6cf960a,국립현대미술관/서울관,11,서울특별시,11110,종로구,관광지,문화관광,전시시설,41
202607,58baf8648ed1557a5e5737b837ae38aa,아모레퍼시픽미술관,11,서울특별시,11170,용산구,7587abda998767505ebc4effc1cde04a,라그릴리아/SPC스퀘어점,11,서울특별시,11680,강남구,음식,음식,전문음식,42
202607,58baf8648ed1557a5e5737b837ae38aa,아모레퍼시픽미술관,11,서울특별시,11170,용산구,bbc2d930b987120ed7925dfad1e97dee,효창공원,11,서울특별시,11170,용산구,관광지,문화관광,도시공원,43
202607,58baf8648ed1557a5e5737b837ae38aa,아모레퍼시픽미술관,11,서울특별시,11170,용산구,4a7662799ae41340ff85a9dc5c85bec5,롯데백화점/강남점,11,서울특별시,11680,강남구,관광지,쇼핑,백화점,44
202607,58baf8648ed1557a5e5737b837ae38aa,아모레퍼시픽미술관,11,서울특별시,11170,용산구,e12e929f8bae2e1cfd1dfa6a9e0b493f,비파티세리/공덕점,11,서울특별시,11440,마포구,음식,음식,카페/찻집,45
202607,58baf8648ed1557a5e5737b837ae38aa,아모레퍼시픽미술관,11,서울특별시,11170,용산구,7229c85f4ff0c1043092c102f8152f85,동빙고/2호점,11,서울특별시,11170,용산구,음식,음식,카페/찻집,46
202607,58baf8648ed1557a5e5737b837ae38aa,아모레퍼시픽미술관,11,서울특별시,11170,용산구,a987d248522c6588f77509189525a5b1,정안사,11,서울특별시,11590,동작구,관광지,역사관광,종교성지,47
202607,58baf8648ed1557a5e5737b837ae38aa,아모레퍼시픽미술관,11,서울특별시,11170,용산구,0b2996efc19ce5ad7be7c96fd4b3896b,토리시키,11,서울특별시,11680,강남구,음식,음식,외국식,48
202607,58baf8648ed1557a5e5737b837ae38aa,아모레퍼시픽미술관,11,서울특별시,11170,용산구,41e7f402947f5570e4d3d0d91b8334ca,한남라메종,11,서울특별시,11170,용산구,음식,음식,카페/찻집,49
202607,58baf8648ed1557a5e5737b837ae38aa,아모레퍼시픽미술관,11,서울특별시,11170,용산구,5f1d088053387009f7b98095fae858fb,투썸플레이스/보라매삼성쉐르빌점,11,서울특별시,11590,동작구,음식,음식,카페/찻집,50
202607,0ec5ba872f1179835987f9028c4cc4df,YTN서울타워,11,서울특별시,11170,용산구,932713ceeaaa32f8416d0a69ca38fe75,남산케이블카,11,서울특별시,11140,중구,관광지,기타관광,기타관광,1
202607,0ec5ba872f1179835987f9028c4cc4df,YTN서울타워,11,서울특별시,11170,용산구,ce802f509749d23bb5308d756f987d94,N서울타워,11,서울특별시,11170,용산구,관광지,문화관광,랜드마크관광,2
202607,0ec5ba872f1179835987f9028c4cc4df,YTN서울타워,11,서울특별시,11170,용산구,0a1ce1c3edf210408700cc3c81c6ac0e,북악스카이웨이,11,서울특별시,11110,종로구,관광지,기타관광,데이트코스,3
202607,0ec5ba872f1179835987f9028c4cc4df,YTN서울타워,11,서울특별시,11170,용산구,eae638a0117eda42a27a586f77cc0cd3,반포한강공원,11,서울특별시,11650,서초구,관광지,문화관광,도시공원,4
202607,0ec5ba872f1179835987f9028c4cc4df,YTN서울타워,11,서울특별시,11170,용산구,94b37da181384604e8bdf68b3217008e,여의도한강공원,11,서울특별시,11560,영등포구,관광지,문화관광,도시공원,5
202607,0ec5ba872f1179835987f9028c4cc4df,YTN서울타워,11,서울특별시,11170,용산구,9dac72fa7ebfaa2eca0d9f9e4e8ddcff,팔각정북악스카이,11,서울특별시,11110,종로구,관광지,문화관광,랜드마크관광,6
202607,0ec5ba872f1179835987f9028c4cc4df,YTN서울타워,11,서울특별시,11170,용산구,4ad99170855561c905cd752d5890235a,국립극장,11,서울특별시,11140,중구,관광지,문화관광,공연시설,7
202607,0ec5ba872f1179835987f9028c4cc4df,YTN서울타워,11,서울특별시,11170,용산구,a8531e95cebc9158bd3ac723a8ed2eb8,원조남산왕돈까스,11,서울특별시,11140,중구,음식,음식,전문음식,8
202607,0ec5ba872f1179835987f9028c4cc4df,YTN서울타워,11,서울특별시,11170,용산구,d6e7d2e0ef86a25cce60aac5332b28dc,국립중앙박물관,11,서울특별시,11170,용산구,관광지,문화관광,전시시설,9
202607,0ec5ba872f1179835987f9028c4cc4df,YTN서울타워,11,서울특별시,11170,용산구,47e04689b6ed42008bc05a0500c5bbc9,101번지남산돈까스/본점,11,서울특별시,11140,중구,음식,음식,전문음식,10
202607,0ec5ba872f1179835987f9028c4cc4df,YTN서울타워,11,서울특별시,11170,용산구,5877109bc88136ac4ee7f265d9568d0a,북촌한옥마을,11,서울특별시,11110,종로구,관광지,역사관광,역사유적지,11
202607,0ec5ba872f1179835987f9028c4cc4df,YTN서울타워,11,서울특별시,11170,용산구,f1ef4e4a2579b846c9b9924161d6bff7,그랜드하얏트/서울,11,서울특별시,11170,용산구,숙박,숙박,호텔,12
202607,0ec5ba872f1179835987f9028c4cc4df,YTN서울타워,11,서울특별시,11170,용산구,8de6e5b5838ea70bc46a18dea5499bec,필동면옥,11,서울특별시,11140,중구,음식,음식,한식,13
202607,0ec5ba872f1179835987f9028c4cc4df,YTN서울타워,11,서울특별시,11170,용산구,733ea9de1405e05f7a680c3a48fd44c1,원조남산돈까스,11,서울특별시,11140,중구,음식,음식,전문음식,14
202607,0ec5ba872f1179835987f9028c4cc4df,YTN서울타워,11,서울특별시,11170,용산구,66fd47176e2a7cd05721e35919cf2557,신당동떡볶이타운,11,서울특별시,11140,중구,음식,음식,음식점기타,15
202607,0ec5ba872f1179835987f9028c4cc4df,YTN서울타워,11,서울특별시,11170,용산구,8b750c0dbf493b5bcb1d02c318646fbb,남대문시장,11,서울특별시,11140,중구,관광지,쇼핑,시장,16
202607,0ec5ba872f1179835987f9028c4cc4df,YTN서울타워,11,서울특별시,11170,용산구,79df877bdf5c79a7c30ed697c542b575,광화문,11,서울특별시,11110,종로구,관광지,역사관광,역사유적지,17
202607,0ec5ba872f1179835987f9028c4cc4df,YTN서울타워,11,서울특별시,11170,용산구,e1dddacca1cc3b7128ae272f0b532a51,해밀톤호텔,11,서울특별시,11170,용산구,숙박,숙박,호텔,18
202607,0ec5ba872f1179835987f9028c4cc4df,YTN서울타워,11,서울특별시,11170,용산구,e5712730c371e5fddd7474df6752b347,롯데백화점/본점,11,서울특별시,11140,중구,관광지,쇼핑,백화점,19
202607,0ec5ba872f1179835987f9028c4cc4df,YTN서울타워,11,서울특별시,11170,용산구,b708a7a4028a4d59ccc5e7acdde06637,신세계백화점/본점더리저브,11,서울특별시,11140,중구,관광지,쇼핑,백화점,20
202607,0ec5ba872f1179835987f9028c4cc4df,YTN서울타워,11,서울특별시,11170,용산구,23c0e519b9f507a3d130b518ade94d73,잠원한강공원,11,서울특별시,11680,강남구,관광지,문화관광,도시공원,21
202607,0ec5ba872f1179835987f9028c4cc4df,YTN서울타워,11,서울특별시,11170,용산구,11f8b3b1bf78d9c8936758e525e3ed39,서울역,11,서울특별시,11170,용산구,관광지,기타관광,교통시설,22
202607,0ec5ba872f1179835987f9028c4cc4df,YTN서울타워,11,서울특별시,11170,용산구,48d711bc1a903d95d891501dd96cdf06,경복궁,11,서울특별시,11110,종로구,관광지,역사관광,역사유적지,23
202607,0ec5ba872f1179835987f9028c4cc4df,YTN서울타워,11,서울특별시,11170,용산구,75ebd5f837d2d3002d57345a71c349a5,콤포타블/남산점,11,서울특별시,11170,용산구,음식,음식,카페/찻집,24
202607,0ec5ba872f1179835987f9028c4cc4df,YTN서울타워,11,서울특별시,11170,용산구,01953653a8a2e279ecab3087df280fd2,아이파크몰/용산점,11,서울특별시,11170,용산구,관광지,쇼핑,백화점,25
202607,0ec5ba872f1179835987f9028c4cc4df,YTN서울타워,11,서울특별시,11170,용산구,7093490ccab1bbdf3a1a4023eb8fe1bd,용산역,11,서울특별시,11170,용산구,관광지,기타관광,교통시설,26
202607,0ec5ba872f1179835987f9028c4cc4df,YTN서울타워,11,서울특별시,11170,용산구,5195670748216dd85fe16c4b278c2db4,롯데면세점/명동본점,11,서울특별시,11140,중구,관광지,쇼핑,면세점,27
202607,0ec5ba872f1179835987f9028c4cc4df,YTN서울타워,11,서울특별시,11170,용산구,9fb8dce4c46fe540ea859737971abc3f,신세계백화점/본점디에스테이트,11,서울특별시,11140,중구,관광지,쇼핑,백화점,28
202607,0ec5ba872f1179835987f9028c4cc4df,YTN서울타워,11,서울특별시,11170,용산구,2bfa1eb3a3c4347a0f8a20bf8ef6c8e5,고메이494/한남,11,서울특별시,11170,용산구,음식,음식,전문음식,29
202607,0ec5ba872f1179835987f9028c4cc4df,YTN서울타워,11,서울특별시,11170,용산구,6d51b962202065af6259c46a63e64352,현대시티아울렛/동대문점,11,서울특별시,11140,중구,관광지,쇼핑,쇼핑몰,30
202607,0ec5ba872f1179835987f9028c4cc4df,YTN서울타워,11,서울특별시,11170,용산구,a7818ca59283de7031fdc833f5cf90b3,우정,11,서울특별시,11140,중구,음식,음식,간이음식,31
202607,0ec5ba872f1179835987f9028c4cc4df,YTN서울타워,11,서울특별시,11170,용산구,b7d97075178eca310d58040f02af4d8e,롯데월드몰,11,서울특별시,11710,송파구,관광지,쇼핑,쇼핑몰,32
202607,0ec5ba872f1179835987f9028c4cc4df,YTN서울타워,11,서울특별시,11170,용산구,0e105f50aee89d36873278b77072de7f,남산공원,11,서울특별시,11170,용산구,관광지,문화관광,도시공원,33
202607,0ec5ba872f1179835987f9028c4cc4df,YTN서울타워,11,서울특별시,11170,용산구,c6344b0ae32e496be8b1b701e540d566,김포국제공항국내선,11,서울특별시,11500,강서구,관광지,기타관광,교통시설,34
202607,0ec5ba872f1179835987f9028c4cc4df,YTN서울타워,11,서울특별시,11170,용산구,218970f5a644e7e88da9663a46229a59,채빛퀴진,11,서울특별시,11650,서초구,음식,음식,전문음식,35
202607,0ec5ba872f1179835987f9028c4cc4df,YTN서울타워,11,서울특별시,11170,용산구,b6e1a8223148d8c6dc0712a4de32e29d,반얀트리클럽앤스파서울,11,서울특별시,11140,중구,숙박,숙박,호텔,36
202607,0ec5ba872f1179835987f9028c4cc4df,YTN서울타워,11,서울특별시,11170,용산구,a55ea5a87d9aceb45f1d5621eb367191,토속촌삼계탕,11,서울특별시,11110,종로구,음식,음식,한식,37
202607,0ec5ba872f1179835987f9028c4cc4df,YTN서울타워,11,서울특별시,11170,용산구,dda5b2713a1088529fb7f030fc281e7f,창경궁,11,서울특별시,11110,종로구,관광지,역사관광,역사유적지,38
202607,0ec5ba872f1179835987f9028c4cc4df,YTN서울타워,11,서울특별시,11170,용산구,ac364ac5b7a88c24c39f1ecd406a7970,더현대/서울,11,서울특별시,11560,영등포구,관광지,쇼핑,백화점,39
202607,0ec5ba872f1179835987f9028c4cc4df,YTN서울타워,11,서울특별시,11170,용산구,81bf1d15ad057d0cc8f1eb7bc402dd7c,전쟁기념관,11,서울특별시,11170,용산구,관광지,문화관광,전시시설,40
202607,0ec5ba872f1179835987f9028c4cc4df,YTN서울타워,11,서울특별시,11170,용산구,57d4ba99171336619bcb92d8e50ed59d,몬드리안/서울이태원,11,서울특별시,11170,용산구,숙박,숙박,호텔,41
202607,0ec5ba872f1179835987f9028c4cc4df,YTN서울타워,11,서울특별시,11170,용산구,4a56af4af78c470e71195105acded04e,잠수교집/본점,11,서울특별시,11170,용산구,음식,음식,한식,42
202607,0ec5ba872f1179835987f9028c4cc4df,YTN서울타워,11,서울특별시,11170,용산구,274aa714fb9bc8ae467b31e1b84b30e3,한남동한방통닭,11,서울특별시,11170,용산구,음식,음식,간이음식,43
202607,0ec5ba872f1179835987f9028c4cc4df,YTN서울타워,11,서울특별시,11170,용산구,ba980a1877ef9902368f5ec3f80ab30e,청계천,11,서울특별시,11110,종로구,관광지,문화관광,테마공원,44
202607,0ec5ba872f1179835987f9028c4cc4df,YTN서울타워,11,서울특별시,11170,용산구,9d58042af96868b01de11722f6a2975f,망원한강공원,11,서울특별시,11440,마포구,관광지,문화관광,도시공원,45
202607,0ec5ba872f1179835987f9028c4cc4df,YTN서울타워,11,서울특별시,11170,용산구,8f1fc218c06226be8273a0748c68277c,창덕궁,11,서울특별시,11110,종로구,관광지,역사관광,역사유적지,46
202607,0ec5ba872f1179835987f9028c4cc4df,YTN서울타워,11,서울특별시,11170,용산구,72052bd332dcb27c72a17ad8b6cf960a,국립현대미술관/서울관,11,서울특별시,11110,종로구,관광지,문화관광,전시시설,47
202607,0ec5ba872f1179835987f9028c4cc4df,YTN서울타워,11,서울특별시,11170,용산구,fd24f4034fce785d524928601625686c,삼청동수제비/본점,11,서울특별시,11110,종로구,음식,음식,한식,48
202607,0ec5ba872f1179835987f9028c4cc4df,YTN서울타워,11,서울특별시,11170,용산구,057579775b527ad1eb381c56981342a9,서울드래곤시티,11,서울특별시,11170,용산구,숙박,숙박,호텔,49
202607,0ec5ba872f1179835987f9028c4cc4df,YTN서울타워,11,서울특별시,11170,용산구,224a3804cdf859de22b26c8c2c12141b,써미트호텔,11,서울특별시,11140,중구,숙박,숙박,호텔,50
202607,9a660c68fa635c3e9c4ebb8190de897e,마장축산물시장,11,서울특별시,11200,성동구,b35baf66f56313e6033cd1969ca7f85c,경동시장,11,서울특별시,11230,동대문구,관광지,쇼핑,시장,1
202607,9a660c68fa635c3e9c4ebb8190de897e,마장축산물시장,11,서울특별시,11200,성동구,625cb5cb7e2406852b648d293a86ca31,청량리청과물시장,11,서울특별시,11230,동대문구,관광지,쇼핑,시장,2
202607,9a660c68fa635c3e9c4ebb8190de897e,마장축산물시장,11,서울특별시,11200,성동구,f180cf2886c48c9ef254156a44527e17,버거킹/장안SK점,11,서울특별시,11230,동대문구,음식,음식,간이음식,3
202607,9a660c68fa635c3e9c4ebb8190de897e,마장축산물시장,11,서울특별시,11200,성동구,e53f266af47836d98e6698e95f816602,흑돈가/삼성직영점,11,서울특별시,11680,강남구,음식,음식,한식,4
202607,9a660c68fa635c3e9c4ebb8190de897e,마장축산물시장,11,서울특별시,11200,성동구,bd95520cddb15b1eee99ab1d97ed2774,국립고궁박물관,11,서울특별시,11110,종로구,관광지,문화관광,전시시설,5
202607,9a660c68fa635c3e9c4ebb8190de897e,마장축산물시장,11,서울특별시,11200,성동구,2ae519a915e89b4f879f7d17210dfcdc,수유시장,11,서울특별시,11305,강북구,관광지,쇼핑,시장,6
202607,9a660c68fa635c3e9c4ebb8190de897e,마장축산물시장,11,서울특별시,11200,성동구,7093490ccab1bbdf3a1a4023eb8fe1bd,용산역,11,서울특별시,11170,용산구,관광지,기타관광,교통시설,7
202607,9a660c68fa635c3e9c4ebb8190de897e,마장축산물시장,11,서울특별시,11200,성동구,e1f98312a8ed54ecb7fb1afb60959347,황학동주방거리,11,서울특별시,11140,중구,관광지,쇼핑,기타쇼핑시설,8
202607,9a660c68fa635c3e9c4ebb8190de897e,마장축산물시장,11,서울특별시,11200,성동구,7d58cfcd075b17d0762b9c4e0178fd7b,갤러리아백화점/명품관WEST,11,서울특별시,11680,강남구,관광지,쇼핑,백화점,9
202607,9a660c68fa635c3e9c4ebb8190de897e,마장축산물시장,11,서울특별시,11200,성동구,c6351f9aebae5a4c1cd1a33dded791f4,창신동문구거리,11,서울특별시,11110,종로구,관광지,쇼핑,기타쇼핑시설,10
202607,9a660c68fa635c3e9c4ebb8190de897e,마장축산물시장,11,서울특별시,11200,성동구,36058d2951ca512cb0a9ad52930b0335,할매재첩국/대치점,11,서울특별시,11680,강남구,음식,음식,한식,11
202607,9a660c68fa635c3e9c4ebb8190de897e,마장축산물시장,11,서울특별시,11200,성동구,7e3c8f83d8660f652d4eca980bfa59cd,독산동우시장,11,서울특별시,11545,금천구,관광지,쇼핑,시장,12
202607,9a660c68fa635c3e9c4ebb8190de897e,마장축산물시장,11,서울특별시,11200,성동구,dcb9401c1b2489e806f753c3db60461d,포방터시장,11,서울특별시,11410,서대문구,관광지,쇼핑,시장,13
202607,9a660c68fa635c3e9c4ebb8190de897e,마장축산물시장,11,서울특별시,11200,성동구,0ec5ba872f1179835987f9028c4cc4df,YTN서울타워,11,서울특별시,11170,용산구,관광지,문화관광,랜드마크관광,14
202607,9a660c68fa635c3e9c4ebb8190de897e,마장축산물시장,11,서울특별시,11200,성동구,7109c643636a0b6a6cd1fbdcc50165d1,노들섬공원/공사중(2028년 완공예정),11,서울특별시,11170,용산구,관광지,문화관광,도시공원,15
202607,9a660c68fa635c3e9c4ebb8190de897e,마장축산물시장,11,서울특별시,11200,성동구,fc07dfb66401536dc7b03ca8f0117347,가락관광호텔,11,서울특별시,11710,송파구,숙박,숙박,호텔,16
202607,9a660c68fa635c3e9c4ebb8190de897e,마장축산물시장,11,서울특별시,11200,성동구,c1c8e1a3b21693d5d84e3d7ab517139f,고려시장,11,서울특별시,11290,성북구,관광지,쇼핑,시장,17
202607,9a660c68fa635c3e9c4ebb8190de897e,마장축산물시장,11,서울특별시,11200,성동구,e6ca5651dcbb4eaf39f52498148b8535,청량리시장,11,서울특별시,11230,동대문구,관광지,쇼핑,시장,18
202607,9a660c68fa635c3e9c4ebb8190de897e,마장축산물시장,11,서울특별시,11200,성동구,34fc31720ce1b1ab18191a852120231f,석촌호수/동호,11,서울특별시,11710,송파구,관광지,자연관광,자연경관(하천/해양),19
202607,9a660c68fa635c3e9c4ebb8190de897e,마장축산물시장,11,서울특별시,11200,성동구,9ee33be6f238533412ea512ae51ad3d6,북창동순두부/서초점,11,서울특별시,11650,서초구,음식,음식,한식,20
202607,9a660c68fa635c3e9c4ebb8190de897e,마장축산물시장,11,서울특별시,11200,성동구,ea459067229bf6f9a101d4ca3dd6b629,서울경동약령시장,11,서울특별시,11230,동대문구,관광지,쇼핑,시장,21
202607,9a660c68fa635c3e9c4ebb8190de897e,마장축산물시장,11,서울특별시,11200,성동구,e05bde82d043b39ee33a816e48e7a569,성천막국수,11,서울특별시,11230,동대문구,음식,음식,한식,22
202607,9a660c68fa635c3e9c4ebb8190de897e,마장축산물시장,11,서울특별시,11200,성동구,f56d7cc6c779d3b640ba91ed7fc5b71b,산들해/송파점 [한식],11,서울특별시,11710,송파구,음식,음식,한식,23
202607,9a660c68fa635c3e9c4ebb8190de897e,마장축산물시장,11,서울특별시,11200,성동구,29f78ee82dc2886aca0ef8daf09c04c8,우리집떡볶이,11,서울특별시,11140,중구,음식,음식,간이음식,24
202607,9a660c68fa635c3e9c4ebb8190de897e,마장축산물시장,11,서울특별시,11200,성동구,e787d9327a982ee62761f014a7507cdb,서래본갈비,11,서울특별시,11650,서초구,음식,음식,한식,25
202607,9a660c68fa635c3e9c4ebb8190de897e,마장축산물시장,11,서울특별시,11200,성동구,6dbde5794277b96d02f0b5c4d1b8d7d5,수서역,11,서울특별시,11680,강남구,관광지,기타관광,교통시설,26
202607,9a660c68fa635c3e9c4ebb8190de897e,마장축산물시장,11,서울특별시,11200,성동구,06f81215aa7fdb6e30da21f32aa7028f,호텔국도,11,서울특별시,11140,중구,숙박,숙박,호텔,27
202607,9a660c68fa635c3e9c4ebb8190de897e,마장축산물시장,11,서울특별시,11200,성동구,9719fe40635467319d55f35195fbfa11,호텔더디자이너스/건대점,11,서울특별시,11215,광진구,숙박,숙박,호텔,28
202607,9a660c68fa635c3e9c4ebb8190de897e,마장축산물시장,11,서울특별시,11200,성동구,d4e7692063961fc47f79aa86368b94f0,중랑물재생센터/축구장,11,서울특별시,11200,성동구,관광지,문화관광,레저스포츠시설,29
202607,9a660c68fa635c3e9c4ebb8190de897e,마장축산물시장,11,서울특별시,11200,성동구,50be9916d831e322727e7099dc47ec6c,피자힐,11,서울특별시,11215,광진구,음식,음식,간이음식,30
202607,9a660c68fa635c3e9c4ebb8190de897e,마장축산물시장,11,서울특별시,11200,성동구,d1cb8a363709fec027313e3d55f16e39,밀리오레/동대문점,11,서울특별시,11140,중구,관광지,쇼핑,쇼핑몰,31
202607,9a660c68fa635c3e9c4ebb8190de897e,마장축산물시장,11,서울특별시,11200,성동구,274aa714fb9bc8ae467b31e1b84b30e3,한남동한방통닭,11,서울특별시,11170,용산구,음식,음식,간이음식,32
202607,9a660c68fa635c3e9c4ebb8190de897e,마장축산물시장,11,서울특별시,11200,성동구,681fb8f32e3ec2559f2367fb1ab9d7b3,제일평화시장,11,서울특별시,11140,중구,관광지,쇼핑,시장,33
202607,9a660c68fa635c3e9c4ebb8190de897e,마장축산물시장,11,서울특별시,11200,성동구,5e62c10f934eff919879ed59a15d2d6e,IFC몰,11,서울특별시,11560,영등포구,관광지,쇼핑,쇼핑몰,34
202607,9a660c68fa635c3e9c4ebb8190de897e,마장축산물시장,11,서울특별시,11200,성동구,0a86419e80941ca3cc211065778910d2,송림식당/[한식],11,서울특별시,11215,광진구,음식,음식,한식,35
202607,9a660c68fa635c3e9c4ebb8190de897e,마장축산물시장,11,서울특별시,11200,성동구,ac364ac5b7a88c24c39f1ecd406a7970,더현대/서울,11,서울특별시,11560,영등포구,관광지,쇼핑,백화점,36
202607,9a660c68fa635c3e9c4ebb8190de897e,마장축산물시장,11,서울특별시,11200,성동구,a40f4d0aa0c9e865fe29df3e85bc5461,소문난성수감자탕/본관,11,서울특별시,11200,성동구,음식,음식,한식,37
202607,9a660c68fa635c3e9c4ebb8190de897e,마장축산물시장,11,서울특별시,11200,성동구,b1817399d83a4c4f5710c5624bc97f4a,아이스제이,11,서울특별시,11710,송파구,관광지,레저스포츠,육상레저스포츠,38
202607,9a660c68fa635c3e9c4ebb8190de897e,마장축산물시장,11,서울특별시,11200,성동구,bea0367ae321ac52d5cb77f9897e3b0c,부일갈비/본점,11,서울특별시,11650,서초구,음식,음식,한식,39
202607,9a660c68fa635c3e9c4ebb8190de897e,마장축산물시장,11,서울특별시,11200,성동구,1f4a81ed88f9dc8a71c88c5a6b77453d,스타벅스/고대안암병원점,11,서울특별시,11290,성북구,음식,음식,카페/찻집,40
202607,9a660c68fa635c3e9c4ebb8190de897e,마장축산물시장,11,서울특별시,11200,성동구,3124144b98cccf114f444813801ddef1,버거킹/약수역점,11,서울특별시,11140,중구,음식,음식,간이음식,41
202607,9a660c68fa635c3e9c4ebb8190de897e,마장축산물시장,11,서울특별시,11200,성동구,f1ef4e4a2579b846c9b9924161d6bff7,그랜드하얏트/서울,11,서울특별시,11170,용산구,숙박,숙박,호텔,42
202607,9a660c68fa635c3e9c4ebb8190de897e,마장축산물시장,11,서울특별시,11200,성동구,ec8ed12bb31d610931a0a80397c75fc8,신라스테이/서대문,11,서울특별시,11410,서대문구,숙박,숙박,호텔,43
202607,9a660c68fa635c3e9c4ebb8190de897e,마장축산물시장,11,서울특별시,11200,성동구,5cf6e1251b78c733f9e169464867f043,큰대문집,11,서울특별시,11290,성북구,음식,음식,한식,44
202607,9a660c68fa635c3e9c4ebb8190de897e,마장축산물시장,11,서울특별시,11200,성동구,bd21072846707681f5c33d834e72699d,서울시립미술아카이브,11,서울특별시,11110,종로구,관광지,문화관광,전시시설,45
202607,9a660c68fa635c3e9c4ebb8190de897e,마장축산물시장,11,서울특별시,11200,성동구,e58bb462dcc05d689cdf28f6ce9c440d,숟가락반상마실/[한식],11,서울특별시,11350,노원구,음식,음식,한식,46
202607,9a660c68fa635c3e9c4ebb8190de897e,마장축산물시장,11,서울특별시,11200,성동구,3e758820b560d819f0f75a71535889e2,경복궁/서초점,11,서울특별시,11650,서초구,음식,음식,한식,47
202607,9a660c68fa635c3e9c4ebb8190de897e,마장축산물시장,11,서울특별시,11200,성동구,66c8dbe9554ead149f1a8e75c8fffc02,쉐이크쉑/두타점,11,서울특별시,11140,중구,음식,음식,간이음식,48
202607,9a660c68fa635c3e9c4ebb8190de897e,마장축산물시장,11,서울특별시,11200,성동구,9aee8f61d9d681bcc6eadb9086dc2cba,들밥차반/신사점 [한식],11,서울특별시,11680,강남구,음식,음식,한식,49
202607,9a660c68fa635c3e9c4ebb8190de897e,마장축산물시장,11,서울특별시,11200,성동구,ebfb0ec90e35611e0a108893ed9ae6f2,더진미평냉,11,서울특별시,11650,서초구,음식,음식,한식,50
202607,7dd71a1a0a148b98b97a1fc9d1c17458,미타사,11,서울특별시,11200,성동구,3124144b98cccf114f444813801ddef1,버거킹/약수역점,11,서울특별시,11140,중구,음식,음식,간이음식,1
202607,7dd71a1a0a148b98b97a1fc9d1c17458,미타사,11,서울특별시,11200,성동구,d67a337548ab3fd2f8af4468dfe5c78e,로얄스퀘어호텔,11,서울특별시,11500,강서구,숙박,숙박,호텔,2
202607,7dd71a1a0a148b98b97a1fc9d1c17458,미타사,11,서울특별시,11200,성동구,a771f3264569714c9548ca8abeff4661,수성동계곡,11,서울특별시,11110,종로구,관광지,자연관광,자연경관(산),3
202607,7dd71a1a0a148b98b97a1fc9d1c17458,미타사,11,서울특별시,11200,성동구,2da1fe4799f7b19ac3f33c58124efcc0,한정선/성수본점,11,서울특별시,11200,성동구,음식,음식,간이음식,4
202607,f9def64e76978fa7592b29cac5ed8caa,서울광나루안전체험관,11,서울특별시,11215,광진구,13db262a7b0b994c18a9d27a5d14f383,서울상상나라,11,서울특별시,11215,광진구,관광지,문화관광,전시시설,1
202607,f9def64e76978fa7592b29cac5ed8caa,서울광나루안전체험관,11,서울특별시,11215,광진구,1d97509dda804ea7abc88d81971a0322,북서울꿈의숲,11,서울특별시,11305,강북구,관광지,문화관광,도시공원,2
202607,f9def64e76978fa7592b29cac5ed8caa,서울광나루안전체험관,11,서울특별시,11215,광진구,4bfd2b7611d700d9188a47faf5004e80,영화사,11,서울특별시,11215,광진구,관광지,역사관광,종교성지,3
202607,f9def64e76978fa7592b29cac5ed8caa,서울광나루안전체험관,11,서울특별시,11215,광진구,6239fe4694d56e981df9b5b6d0812a80,그랜드머큐어앰배서더/용산,11,서울특별시,11170,용산구,숙박,숙박,호텔,4
202607,f9def64e76978fa7592b29cac5ed8caa,서울광나루안전체험관,11,서울특별시,11215,광진구,cb12adb0b9edd1b122c0aafc2896ce97,VIPS/어린이대공원점,11,서울특별시,11215,광진구,음식,음식,전문음식,5
202607,f9def64e76978fa7592b29cac5ed8caa,서울광나루안전체험관,11,서울특별시,11215,광진구,52d39ce630074db23e6b45cebe69e606,어린이회관,11,서울특별시,11215,광진구,관광지,문화관광,기타문화관광지,6
202607,f9def64e76978fa7592b29cac5ed8caa,서울광나루안전체험관,11,서울특별시,11215,광진구,0b9e7174f3ab82915f4660a9f92c5e64,성수율카페,11,서울특별시,11200,성동구,음식,음식,카페/찻집,7
202607,f9def64e76978fa7592b29cac5ed8caa,서울광나루안전체험관,11,서울특별시,11215,광진구,6a4932d3f2787d25a04b758ba68e9db2,어린이대공원,11,서울특별시,11215,광진구,관광지,문화관광,테마공원,8
202607,f9def64e76978fa7592b29cac5ed8caa,서울광나루안전체험관,11,서울특별시,11215,광진구,b2e840beb2fcb66bb33d988c822656ad,뚝섬한강공원,11,서울특별시,11215,광진구,관광지,문화관광,도시공원,9
202607,f9def64e76978fa7592b29cac5ed8caa,서울광나루안전체험관,11,서울특별시,11215,광진구,01953653a8a2e279ecab3087df280fd2,아이파크몰/용산점,11,서울특별시,11170,용산구,관광지,쇼핑,백화점,10
202607,f9def64e76978fa7592b29cac5ed8caa,서울광나루안전체험관,11,서울특별시,11215,광진구,9e706eb1858168cf34f24b6659d3610d,가든파이브라이프,11,서울특별시,11710,송파구,관광지,쇼핑,쇼핑몰,11
202607,f9def64e76978fa7592b29cac5ed8caa,서울광나루안전체험관,11,서울특별시,11215,광진구,2eb38024dd7d0825481ea983f7dd1479,현대백화점/압구정본점,11,서울특별시,11680,강남구,관광지,쇼핑,백화점,12
202607,f9def64e76978fa7592b29cac5ed8caa,서울광나루안전체험관,11,서울특별시,11215,광진구,0ec5ba872f1179835987f9028c4cc4df,YTN서울타워,11,서울특별시,11170,용산구,관광지,문화관광,랜드마크관광,13
202607,f9def64e76978fa7592b29cac5ed8caa,서울광나루안전체험관,11,서울특별시,11215,광진구,aacdf85c74aa745c45f6407dccd6d246,대엽/성수점,11,서울특별시,11200,성동구,음식,음식,한식,14
202607,f9def64e76978fa7592b29cac5ed8caa,서울광나루안전체험관,11,서울특별시,11215,광진구,b57f4f20f743d6df817eae3d98c6cda8,롯데백화점/건대스타시티점,11,서울특별시,11215,광진구,관광지,쇼핑,백화점,15
202607,f9def64e76978fa7592b29cac5ed8caa,서울광나루안전체험관,11,서울특별시,11215,광진구,22ad6f8972bc4ac8458897ad02027391,카페제이,11,서울특별시,11740,강동구,음식,음식,카페/찻집,16
202607,13db262a7b0b994c18a9d27a5d14f383,서울상상나라,11,서울특별시,11215,광진구,b57f4f20f743d6df817eae3d98c6cda8,롯데백화점/건대스타시티점,11,서울특별시,11215,광진구,관광지,쇼핑,백화점,1
202607,13db262a7b0b994c18a9d27a5d14f383,서울상상나라,11,서울특별시,11215,광진구,7985c4eb146c1a0a9dcb69d6eba67eb0,함흥본가면옥/건대점,11,서울특별시,11215,광진구,음식,음식,한식,2
202607,13db262a7b0b994c18a9d27a5d14f383,서울상상나라,11,서울특별시,11215,광진구,b7d97075178eca310d58040f02af4d8e,롯데월드몰,11,서울특별시,11710,송파구,관광지,쇼핑,쇼핑몰,3
202607,13db262a7b0b994c18a9d27a5d14f383,서울상상나라,11,서울특별시,11215,광진구,a7dc6ad80beb0009dff5f6aac7070545,신토불이떡볶이/본점,11,서울특별시,11215,광진구,음식,음식,간이음식,4
202607,13db262a7b0b994c18a9d27a5d14f383,서울상상나라,11,서울특별시,11215,광진구,9532db2896632f5c5391655d86795cd2,서울형키즈카페/시립뚝섬자벌레점,11,서울특별시,11215,광진구,관광지,문화관광,테마공원,5
202607,13db262a7b0b994c18a9d27a5d14f383,서울상상나라,11,서울특별시,11215,광진구,3031c5a633d68399d7b59efb804dee79,우리금융아트홀,11,서울특별시,11710,송파구,관광지,문화관광,공연시설,6
202607,13db262a7b0b994c18a9d27a5d14f383,서울상상나라,11,서울특별시,11215,광진구,666decfe99780bb1046fd1bb6f76f965,롯데백화점/청량리점,11,서울특별시,11230,동대문구,관광지,쇼핑,백화점,7
202607,13db262a7b0b994c18a9d27a5d14f383,서울상상나라,11,서울특별시,11215,광진구,52d39ce630074db23e6b45cebe69e606,어린이회관,11,서울특별시,11215,광진구,관광지,문화관광,기타문화관광지,8
202607,13db262a7b0b994c18a9d27a5d14f383,서울상상나라,11,서울특별시,11215,광진구,a3cd13a5dfd1660b9abbd156067b7bd9,그랜드워커힐/서울,11,서울특별시,11215,광진구,숙박,숙박,호텔,9
202607,13db262a7b0b994c18a9d27a5d14f383,서울상상나라,11,서울특별시,11215,광진구,d4edfdccdab18d787235c82f7e430fdc,신라호텔/서울,11,서울특별시,11140,중구,숙박,숙박,호텔,10
202607,13db262a7b0b994c18a9d27a5d14f383,서울상상나라,11,서울특별시,11215,광진구,eec50956d20173236f77305e3f3aaf1b,현대백화점/천호점,11,서울특별시,11740,강동구,관광지,쇼핑,백화점,11
202607,13db262a7b0b994c18a9d27a5d14f383,서울상상나라,11,서울특별시,11215,광진구,73bc00a87254e3456a406922d1ca45a4,롯데월드아쿠아리움,11,서울특별시,11710,송파구,관광지,문화관광,테마공원,12
202607,13db262a7b0b994c18a9d27a5d14f383,서울상상나라,11,서울특별시,11215,광진구,2891483f22f8fe8e8fd7a1297a8044ab,풀만앰배서더서울이스트폴,11,서울특별시,11215,광진구,숙박,숙박,호텔,13
202607,13db262a7b0b994c18a9d27a5d14f383,서울상상나라,11,서울특별시,11215,광진구,5949d27b70d6f7d20a9ddbccfa6777b7,코시/건대점,11,서울특별시,11215,광진구,음식,음식,외국식,14
202607,13db262a7b0b994c18a9d27a5d14f383,서울상상나라,11,서울특별시,11215,광진구,4a01b9578a8bbca5b8d2ceae6b7cd60c,NC/이스트폴점,11,서울특별시,11215,광진구,관광지,쇼핑,쇼핑몰,15
202607,13db262a7b0b994c18a9d27a5d14f383,서울상상나라,11,서울특별시,11215,광진구,05af6704fdc24850e4eb0de02435f1a1,소사면옥/군자역본점,11,서울특별시,11215,광진구,음식,음식,한식,16
202607,13db262a7b0b994c18a9d27a5d14f383,서울상상나라,11,서울특별시,11215,광진구,f9def64e76978fa7592b29cac5ed8caa,서울광나루안전체험관,11,서울특별시,11215,광진구,관광지,문화관광,기타문화관광지,17
202607,13db262a7b0b994c18a9d27a5d14f383,서울상상나라,11,서울특별시,11215,광진구,d5a4d928d8ef6751da11eb9ba6c8a7a9,어린이대공원/아트센터,11,서울특별시,11215,광진구,관광지,문화관광,기타문화관광지,18
202607,13db262a7b0b994c18a9d27a5d14f383,서울상상나라,11,서울특별시,11215,광진구,456c3d0d1c9342d9a1bc5b68a53dce34,서울형키즈카페/광진구중곡3동점,11,서울특별시,11215,광진구,관광지,문화관광,테마공원,19
202607,13db262a7b0b994c18a9d27a5d14f383,서울상상나라,11,서울특별시,11215,광진구,2eb38024dd7d0825481ea983f7dd1479,현대백화점/압구정본점,11,서울특별시,11680,강남구,관광지,쇼핑,백화점,20
202607,13db262a7b0b994c18a9d27a5d14f383,서울상상나라,11,서울특별시,11215,광진구,30e7d704aa2510a5a2ccecaca2fb4c6c,맥도날드/어린이대공원점,11,서울특별시,11215,광진구,음식,음식,간이음식,21
202607,13db262a7b0b994c18a9d27a5d14f383,서울상상나라,11,서울특별시,11215,광진구,8e3d87bad96ae5e87bc3b147d8aa77f1,대도식당/왕십리본점,11,서울특별시,11200,성동구,음식,음식,한식,22
202607,13db262a7b0b994c18a9d27a5d14f383,서울상상나라,11,서울특별시,11215,광진구,50be9916d831e322727e7099dc47ec6c,피자힐,11,서울특별시,11215,광진구,음식,음식,간이음식,23
202607,13db262a7b0b994c18a9d27a5d14f383,서울상상나라,11,서울특별시,11215,광진구,cb12adb0b9edd1b122c0aafc2896ce97,VIPS/어린이대공원점,11,서울특별시,11215,광진구,음식,음식,전문음식,24
202607,13db262a7b0b994c18a9d27a5d14f383,서울상상나라,11,서울특별시,11215,광진구,50b73b2ccfbe4bd21ed3364d860fd852,망향비빔국수/광진구점,11,서울특별시,11215,광진구,음식,음식,한식,25
202607,13db262a7b0b994c18a9d27a5d14f383,서울상상나라,11,서울특별시,11215,광진구,6a4932d3f2787d25a04b758ba68e9db2,어린이대공원,11,서울특별시,11215,광진구,관광지,문화관광,테마공원,26
202607,13db262a7b0b994c18a9d27a5d14f383,서울상상나라,11,서울특별시,11215,광진구,d53da1ad899e4b2fe5532a7ebff095be,도셰프/강변점,11,서울특별시,11215,광진구,음식,음식,외국식,27
202607,13db262a7b0b994c18a9d27a5d14f383,서울상상나라,11,서울특별시,11215,광진구,6c6f198951917dca21373aac411cf64d,플레이즈라운지,11,서울특별시,11200,성동구,관광지,문화관광,테마공원,28
202607,13db262a7b0b994c18a9d27a5d14f383,서울상상나라,11,서울특별시,11215,광진구,18e1e820549aeeaebfc619ad92239be1,롯데시네마/건대입구,11,서울특별시,11215,광진구,관광지,문화관광,공연시설,29
202607,13db262a7b0b994c18a9d27a5d14f383,서울상상나라,11,서울특별시,11215,광진구,ba8b8a62fc68d79474c226b9145c6b22,아웃백스테이크하우스/건대스타시티점,11,서울특별시,11215,광진구,음식,음식,전문음식,30
202607,13db262a7b0b994c18a9d27a5d14f383,서울상상나라,11,서울특별시,11215,광진구,6f8a59e035c98961bf154b0729f35a3a,하이디라오/건대지점,11,서울특별시,11215,광진구,음식,음식,외국식,31
202607,13db262a7b0b994c18a9d27a5d14f383,서울상상나라,11,서울특별시,11215,광진구,b2e840beb2fcb66bb33d988c822656ad,뚝섬한강공원,11,서울특별시,11215,광진구,관광지,문화관광,도시공원,32
202607,13db262a7b0b994c18a9d27a5d14f383,서울상상나라,11,서울특별시,11215,광진구,2f377d7118324387ad969cbced17ae5f,스타벅스/구의DT점,11,서울특별시,11215,광진구,음식,음식,카페/찻집,33
202607,13db262a7b0b994c18a9d27a5d14f383,서울상상나라,11,서울특별시,11215,광진구,02f718040320c170bca2430426ea5a34,데케드 파크,11,서울특별시,11215,광진구,음식,음식,카페/찻집,34
202607,13db262a7b0b994c18a9d27a5d14f383,서울상상나라,11,서울특별시,11215,광진구,f3e049c1eea684aff4c2b15c89a2f9ce,빛의시어터,11,서울특별시,11215,광진구,관광지,문화관광,전시시설,35
202607,13db262a7b0b994c18a9d27a5d14f383,서울상상나라,11,서울특별시,11215,광진구,43874f6d328e0d352a0116d20aac74c7,하하호호놀이터/장지동점,11,서울특별시,11710,송파구,관광지,문화관광,테마공원,36
202607,13db262a7b0b994c18a9d27a5d14f383,서울상상나라,11,서울특별시,11215,광진구,5e3e2c982d75c73d60f8c2cb677b8740,장꼬방묵은김치찌개전문,11,서울특별시,11650,서초구,음식,음식,한식,37
202607,13db262a7b0b994c18a9d27a5d14f383,서울상상나라,11,서울특별시,11215,광진구,86d742ac9b8bfe2759a2764a25cc7e71,고척근린공원,11,서울특별시,11530,구로구,관광지,문화관광,도시공원,38
202607,13db262a7b0b994c18a9d27a5d14f383,서울상상나라,11,서울특별시,11215,광진구,b3c3b9a56339baec4f9723f29e7ea9c8,성수낙낙,11,서울특별시,11200,성동구,관광지,문화관광,기타문화관광지,39
202607,13db262a7b0b994c18a9d27a5d14f383,서울상상나라,11,서울특별시,11215,광진구,aecc82b22e80abd21a19df3adb5d14fb,한솔공원,11,서울특별시,11680,강남구,관광지,문화관광,도시공원,40
202607,13db262a7b0b994c18a9d27a5d14f383,서울상상나라,11,서울특별시,11215,광진구,9fb8dce4c46fe540ea859737971abc3f,신세계백화점/본점디에스테이트,11,서울특별시,11140,중구,관광지,쇼핑,백화점,41
202607,13db262a7b0b994c18a9d27a5d14f383,서울상상나라,11,서울특별시,11215,광진구,1aca034942e6ceb1eee10b994c841427,청와옥/군자역직영점,11,서울특별시,11215,광진구,음식,음식,한식,42
202607,13db262a7b0b994c18a9d27a5d14f383,서울상상나라,11,서울특별시,11215,광진구,8ba57fda99dae27f1df09914dc84eb37,서울월드컵경기장,11,서울특별시,11440,마포구,관광지,문화관광,레저스포츠시설,43
202607,13db262a7b0b994c18a9d27a5d14f383,서울상상나라,11,서울특별시,11215,광진구,b708a7a4028a4d59ccc5e7acdde06637,신세계백화점/본점더리저브,11,서울특별시,11140,중구,관광지,쇼핑,백화점,44
202607,13db262a7b0b994c18a9d27a5d14f383,서울상상나라,11,서울특별시,11215,광진구,9aee8f61d9d681bcc6eadb9086dc2cba,들밥차반/신사점 [한식],11,서울특별시,11680,강남구,음식,음식,한식,45
202607,13db262a7b0b994c18a9d27a5d14f383,서울상상나라,11,서울특별시,11215,광진구,d4e7692063961fc47f79aa86368b94f0,중랑물재생센터/축구장,11,서울특별시,11200,성동구,관광지,문화관광,레저스포츠시설,46
202607,13db262a7b0b994c18a9d27a5d14f383,서울상상나라,11,서울특별시,11215,광진구,24ddd9f52895b3bc438bb4dd05a63b0f,하이난/[중식],11,서울특별시,11215,광진구,음식,음식,외국식,47
202607,13db262a7b0b994c18a9d27a5d14f383,서울상상나라,11,서울특별시,11215,광진구,56133eb40357030a4ff9e64e0e90951f,버거킹/문정점,11,서울특별시,11710,송파구,음식,음식,간이음식,48
202607,13db262a7b0b994c18a9d27a5d14f383,서울상상나라,11,서울특별시,11215,광진구,a8f61f2a33339f05688706e926a91626,국립어린이과학관,11,서울특별시,11110,종로구,관광지,문화관광,전시시설,49
202607,13db262a7b0b994c18a9d27a5d14f383,서울상상나라,11,서울특별시,11215,광진구,a0cc8aa8a18cc352eaa90d8ceb635e27,리베라호텔/청담,11,서울특별시,11680,강남구,숙박,숙박,호텔,50
202607,4bfd2b7611d700d9188a47faf5004e80,영화사,11,서울특별시,11215,광진구,c27f64af4c7ab1f2f334c397b1fecd31,스타벅스/사가정역점,11,서울특별시,11260,중랑구,음식,음식,카페/찻집,1
202607,4bfd2b7611d700d9188a47faf5004e80,영화사,11,서울특별시,11215,광진구,4d184ef15ff70f47adf62843e9a57292,현대백화점/무역센터점,11,서울특별시,11680,강남구,관광지,쇼핑,백화점,2
202607,4bfd2b7611d700d9188a47faf5004e80,영화사,11,서울특별시,11215,광진구,b57f4f20f743d6df817eae3d98c6cda8,롯데백화점/건대스타시티점,11,서울특별시,11215,광진구,관광지,쇼핑,백화점,3
202607,4bfd2b7611d700d9188a47faf5004e80,영화사,11,서울특별시,11215,광진구,5ab2679fc831d22deb0d03c6f2b12d3a,현대백화점/미아점,11,서울특별시,11290,성북구,관광지,쇼핑,백화점,4
202607,4bfd2b7611d700d9188a47faf5004e80,영화사,11,서울특별시,11215,광진구,a3cd13a5dfd1660b9abbd156067b7bd9,그랜드워커힐/서울,11,서울특별시,11215,광진구,숙박,숙박,호텔,5
202607,4bfd2b7611d700d9188a47faf5004e80,영화사,11,서울특별시,11215,광진구,b7d97075178eca310d58040f02af4d8e,롯데월드몰,11,서울특별시,11710,송파구,관광지,쇼핑,쇼핑몰,6
202607,4bfd2b7611d700d9188a47faf5004e80,영화사,11,서울특별시,11215,광진구,7e5840875a3cf8a3fbd149594428e9b7,긴고랑계곡,11,서울특별시,11215,광진구,관광지,자연관광,자연경관(산),7
202607,4bfd2b7611d700d9188a47faf5004e80,영화사,11,서울특별시,11215,광진구,6a4932d3f2787d25a04b758ba68e9db2,어린이대공원,11,서울특별시,11215,광진구,관광지,문화관광,테마공원,8
202607,4bfd2b7611d700d9188a47faf5004e80,영화사,11,서울특별시,11215,광진구,1aca034942e6ceb1eee10b994c841427,청와옥/군자역직영점,11,서울특별시,11215,광진구,음식,음식,한식,9
202607,4bfd2b7611d700d9188a47faf5004e80,영화사,11,서울특별시,11215,광진구,bfe3506536197c481a3238091da93695,어린이대공원/팔각당,11,서울특별시,11215,광진구,관광지,문화관광,기타문화관광지,10
202607,4bfd2b7611d700d9188a47faf5004e80,영화사,11,서울특별시,11215,광진구,4998e7f9d0ac201b5e63ccfcca5648cd,롯데시네마/강동,11,서울특별시,11740,강동구,관광지,문화관광,공연시설,11
202607,4bfd2b7611d700d9188a47faf5004e80,영화사,11,서울특별시,11215,광진구,9a461ef4370c1cac1ee1e9ba7ad50bb2,스윗솔트,11,서울특별시,11740,강동구,음식,음식,전문음식,12
202607,4bfd2b7611d700d9188a47faf5004e80,영화사,11,서울특별시,11215,광진구,c717e34729be0359426c26cc3dd561b6,명륜진사갈비/서울아차산역점,11,서울특별시,11215,광진구,음식,음식,한식,13
202607,4bfd2b7611d700d9188a47faf5004e80,영화사,11,서울특별시,11215,광진구,937b083f9554929dadf430d4e471e851,동서울종합터미널,11,서울특별시,11215,광진구,관광지,기타관광,교통시설,14
202607,4bfd2b7611d700d9188a47faf5004e80,영화사,11,서울특별시,11215,광진구,7413592f5ac37e38d9a557c9872eb497,포시즌스호텔/서울,11,서울특별시,11110,종로구,숙박,숙박,호텔,15
202607,4bfd2b7611d700d9188a47faf5004e80,영화사,11,서울특별시,11215,광진구,43ca6dbb53bcbeb347811ec20db9e3d6,송도갈비/광장점,11,서울특별시,11215,광진구,음식,음식,한식,16
202607,4bfd2b7611d700d9188a47faf5004e80,영화사,11,서울특별시,11215,광진구,d155bf8be0a793b78afac6f1e3f4fc0b,스타벅스/갤러리아팰리스점,11,서울특별시,11710,송파구,음식,음식,카페/찻집,17
202607,4bfd2b7611d700d9188a47faf5004e80,영화사,11,서울특별시,11215,광진구,99a9bf1bf74077ba1d25fef17c7e4778,길동우동/길동본점,11,서울특별시,11740,강동구,음식,음식,외국식,18
202607,4bfd2b7611d700d9188a47faf5004e80,영화사,11,서울특별시,11215,광진구,6931d755586b6da5be1ac9b6971752e1,홍삼웰빙오리,11,서울특별시,11215,광진구,음식,음식,전문음식,19
202607,4bfd2b7611d700d9188a47faf5004e80,영화사,11,서울특별시,11215,광진구,f5fa944b0ac123ee26e06ba71073c078,호텔PJ,11,서울특별시,11140,중구,숙박,숙박,호텔,20
202607,4bfd2b7611d700d9188a47faf5004e80,영화사,11,서울특별시,11215,광진구,603a5e928c6fbd6b36c7536797dcf928,반트,11,서울특별시,11650,서초구,음식,음식,전문음식,21
202607,4bfd2b7611d700d9188a47faf5004e80,영화사,11,서울특별시,11215,광진구,7093490ccab1bbdf3a1a4023eb8fe1bd,용산역,11,서울특별시,11170,용산구,관광지,기타관광,교통시설,22
202607,4bfd2b7611d700d9188a47faf5004e80,영화사,11,서울특별시,11215,광진구,fa34200015ce4499ba2393e376d26ffc,다이닝원/청량리점,11,서울특별시,11230,동대문구,음식,음식,전문음식,23
202607,4bfd2b7611d700d9188a47faf5004e80,영화사,11,서울특별시,11215,광진구,f9def64e76978fa7592b29cac5ed8caa,서울광나루안전체험관,11,서울특별시,11215,광진구,관광지,문화관광,기타문화관광지,24
202607,4bfd2b7611d700d9188a47faf5004e80,영화사,11,서울특별시,11215,광진구,07b222cc5725671e650daf9fb5f35efe,용암사,11,서울특별시,11215,광진구,관광지,역사관광,종교성지,25
202607,4bfd2b7611d700d9188a47faf5004e80,영화사,11,서울특별시,11215,광진구,e05f8e671053842f42e03f4df912a97c,혜성칼국수,11,서울특별시,11230,동대문구,음식,음식,한식,26
202607,4bfd2b7611d700d9188a47faf5004e80,영화사,11,서울특별시,11215,광진구,2396d654117dde745cf2086d2d7ec736,중랑동부시장,11,서울특별시,11260,중랑구,관광지,쇼핑,시장,27
202607,4bfd2b7611d700d9188a47faf5004e80,영화사,11,서울특별시,11215,광진구,d4edfdccdab18d787235c82f7e430fdc,신라호텔/서울,11,서울특별시,11140,중구,숙박,숙박,호텔,28
202607,4bfd2b7611d700d9188a47faf5004e80,영화사,11,서울특별시,11215,광진구,6dcf119c78fe788c44b01e36c0437d57,ETF베이커리,11,서울특별시,11200,성동구,음식,음식,간이음식,29
202607,4bfd2b7611d700d9188a47faf5004e80,영화사,11,서울특별시,11215,광진구,e6be0f5ca74e429f7a8d4adf4a704571,홍이네옛날떡볶이,11,서울특별시,11260,중랑구,음식,음식,간이음식,30
202607,4bfd2b7611d700d9188a47faf5004e80,영화사,11,서울특별시,11215,광진구,9c635bc792125e89a380992e5bd1458f,나루아트센터/대공연장,11,서울특별시,11215,광진구,관광지,문화관광,공연시설,31
202607,4bfd2b7611d700d9188a47faf5004e80,영화사,11,서울특별시,11215,광진구,f17a8c99d67ddef585ca361785331106,골든씨티호텔,11,서울특별시,11230,동대문구,숙박,숙박,호텔,32
202607,4bfd2b7611d700d9188a47faf5004e80,영화사,11,서울특별시,11215,광진구,4e48a176b1b3bfe83797a90e62f619a5,화로구이/마장점,11,서울특별시,11200,성동구,음식,음식,한식,33
202607,4bfd2b7611d700d9188a47faf5004e80,영화사,11,서울특별시,11215,광진구,cdac0c508b2790d73d964df6094d1d44,스타벅스/동부이촌동점,11,서울특별시,11170,용산구,음식,음식,카페/찻집,34
202607,4bfd2b7611d700d9188a47faf5004e80,영화사,11,서울특별시,11215,광진구,9048018685423a68367c990c06bf2ac3,가온,11,서울특별시,11215,광진구,음식,음식,한식,35
202607,4bfd2b7611d700d9188a47faf5004e80,영화사,11,서울특별시,11215,광진구,679815a8aa65197341ff660588490fa3,서울남부터미널,11,서울특별시,11650,서초구,관광지,기타관광,교통시설,36
202607,4bfd2b7611d700d9188a47faf5004e80,영화사,11,서울특별시,11215,광진구,19232949faf8c9118333b1b16a7ac769,컴포트인여의도,11,서울특별시,11560,영등포구,숙박,숙박,호텔,37
202607,4bfd2b7611d700d9188a47faf5004e80,영화사,11,서울특별시,11215,광진구,d0bf9d38c9879ba0402c43f4e39faa6d,롯데백화점/미아점,11,서울특별시,11305,강북구,관광지,쇼핑,백화점,38
202607,4bfd2b7611d700d9188a47faf5004e80,영화사,11,서울특별시,11215,광진구,2f377d7118324387ad969cbced17ae5f,스타벅스/구의DT점,11,서울특별시,11215,광진구,음식,음식,카페/찻집,39
202607,4bfd2b7611d700d9188a47faf5004e80,영화사,11,서울특별시,11215,광진구,2d0cc1e1ee194640ae8b4d092769583d,스타벅스/신사역성일빌딩점,11,서울특별시,11680,강남구,음식,음식,카페/찻집,40
202607,4bfd2b7611d700d9188a47faf5004e80,영화사,11,서울특별시,11215,광진구,7be4bb4536c2b222ab91c3cd29a7af66,K212,11,서울특별시,11170,용산구,음식,음식,전문음식,41
202607,4bfd2b7611d700d9188a47faf5004e80,영화사,11,서울특별시,11215,광진구,1222b255dc28484bbc53781acfd8e46e,신선설농탕/자양점,11,서울특별시,11215,광진구,음식,음식,한식,42
202607,4bfd2b7611d700d9188a47faf5004e80,영화사,11,서울특별시,11215,광진구,7385f1d7a4f3bdf0f595840486a0d098,자룡사,11,서울특별시,11650,서초구,관광지,역사관광,종교성지,43
202607,4bfd2b7611d700d9188a47faf5004e80,영화사,11,서울특별시,11215,광진구,4f7b56aaee78410f20a2b9ae7a0de162,가락동농수산물도매시장,11,서울특별시,11710,송파구,관광지,쇼핑,시장,44
202607,4bfd2b7611d700d9188a47faf5004e80,영화사,11,서울특별시,11215,광진구,ab89713acd7fa908cba0a38d75948c7e,원조할아버지손두부,11,서울특별시,11215,광진구,음식,음식,한식,45
202607,4bfd2b7611d700d9188a47faf5004e80,영화사,11,서울특별시,11215,광진구,c294156646f6be60e78744bd26d99971,짬뽕지존/아차산역점 [중식],11,서울특별시,11215,광진구,음식,음식,외국식,46
202607,4bfd2b7611d700d9188a47faf5004e80,영화사,11,서울특별시,11215,광진구,486d44fe72368d4ef7a054d93d2e4aea,동천실내스케이트장,11,서울특별시,11350,노원구,관광지,레저스포츠,육상레저스포츠,47
202607,4bfd2b7611d700d9188a47faf5004e80,영화사,11,서울특별시,11215,광진구,9719fe40635467319d55f35195fbfa11,호텔더디자이너스/건대점,11,서울특별시,11215,광진구,숙박,숙박,호텔,48
202607,4bfd2b7611d700d9188a47faf5004e80,영화사,11,서울특별시,11215,광진구,7973857b4d9a9d847a43fd754d724ff5,불광사,11,서울특별시,11710,송파구,관광지,역사관광,종교성지,49
202607,4bfd2b7611d700d9188a47faf5004e80,영화사,11,서울특별시,11215,광진구,6e83a36a9b7bd04680c637b8f44a99ab,봉은사,11,서울특별시,11680,강남구,관광지,역사관광,종교성지,50
202607,b04525381f8ed53e25949444442b9247,아차산,11,서울특별시,11215,광진구,0a34a76ef495eba00c9826154c760b63,팀호완/용산점,11,서울특별시,11170,용산구,음식,음식,외국식,1
202607,b04525381f8ed53e25949444442b9247,아차산,11,서울특별시,11215,광진구,f64c75e2837d4868f78ca419fef398d4,마들체육공원,11,서울특별시,11350,노원구,관광지,문화관광,도시공원,2
202607,b04525381f8ed53e25949444442b9247,아차산,11,서울특별시,11215,광진구,b2e840beb2fcb66bb33d988c822656ad,뚝섬한강공원,11,서울특별시,11215,광진구,관광지,문화관광,도시공원,3
202607,b04525381f8ed53e25949444442b9247,아차산,11,서울특별시,11215,광진구,a7dc6ad80beb0009dff5f6aac7070545,신토불이떡볶이/본점,11,서울특별시,11215,광진구,음식,음식,간이음식,4
202607,b04525381f8ed53e25949444442b9247,아차산,11,서울특별시,11215,광진구,8665d0867059aa93df0b980c628c862e,경리단길,11,서울특별시,11170,용산구,음식,음식,음식점기타,5
202607,b04525381f8ed53e25949444442b9247,아차산,11,서울특별시,11215,광진구,853821ef1158b88a67758ff711a27873,CGV/강변,11,서울특별시,11215,광진구,관광지,문화관광,공연시설,6
202607,b04525381f8ed53e25949444442b9247,아차산,11,서울특별시,11215,광진구,e3945d1bc623329ab1f8cb5a4ca3fd3e,FCC,11,서울특별시,11215,광진구,음식,음식,카페/찻집,7
202607,b04525381f8ed53e25949444442b9247,아차산,11,서울특별시,11215,광진구,17f14f095780bebaf4965fc4a8aab9f9,우리콩밭손두부,11,서울특별시,11215,광진구,음식,음식,한식,8
202607,b04525381f8ed53e25949444442b9247,아차산,11,서울특별시,11215,광진구,79df877bdf5c79a7c30ed697c542b575,광화문,11,서울특별시,11110,종로구,관광지,역사관광,역사유적지,9
202607,b04525381f8ed53e25949444442b9247,아차산,11,서울특별시,11215,광진구,a5a5c191c26d94c7e5653a6752b20c56,현대시장,11,서울특별시,11230,동대문구,관광지,쇼핑,시장,10
202607,b04525381f8ed53e25949444442b9247,아차산,11,서울특별시,11215,광진구,c6b5964eb6deb72206d9bf59a6bb5268,신세계백화점/강남점,11,서울특별시,11650,서초구,관광지,쇼핑,백화점,11
202607,b04525381f8ed53e25949444442b9247,아차산,11,서울특별시,11215,광진구,e2b7776ce3856d4bd3a81aa51e152326,건대양꼬치거리,11,서울특별시,11215,광진구,음식,음식,음식점기타,12
202607,b04525381f8ed53e25949444442b9247,아차산,11,서울특별시,11215,광진구,3940250ffb6b9e7c66bb234d75683541,가락수산시장,11,서울특별시,11710,송파구,관광지,쇼핑,시장,13
202607,b04525381f8ed53e25949444442b9247,아차산,11,서울특별시,11215,광진구,160bf31d8a991cecf482ceb74ce2d780,어울림,11,서울특별시,11215,광진구,음식,음식,전문음식,14
202607,27b4afa16a5ba1c8833f49dd9ce59aee,아차산배수지체육공원,11,서울특별시,11215,광진구,57aea76ab97061cb7f5e7a52146ed943,정은꽃농원,11,서울특별시,11215,광진구,관광지,체험관광,농/산/어촌체험,1
202607,27b4afa16a5ba1c8833f49dd9ce59aee,아차산배수지체육공원,11,서울특별시,11215,광진구,6d26e4b5ecb9d64007c6c16f1434ee7f,명가순대국,11,서울특별시,11215,광진구,음식,음식,한식,2
202607,27b4afa16a5ba1c8833f49dd9ce59aee,아차산배수지체육공원,11,서울특별시,11215,광진구,26e6b35624ac94d6c7fd301fc466b27d,산바다스포츠,11,서울특별시,11680,강남구,관광지,레저스포츠,기타레저스포츠,3
202607,27b4afa16a5ba1c8833f49dd9ce59aee,아차산배수지체육공원,11,서울특별시,11215,광진구,b3c75837de454e110900fb71fca188a0,북한산생태숲,11,서울특별시,11290,성북구,관광지,문화관광,도시공원,4
202607,27b4afa16a5ba1c8833f49dd9ce59aee,아차산배수지체육공원,11,서울특별시,11215,광진구,e82b2d34d683b0821d7e5e2fcdb25990,성내유수지축구장,11,서울특별시,11710,송파구,관광지,문화관광,레저스포츠시설,5
202607,27b4afa16a5ba1c8833f49dd9ce59aee,아차산배수지체육공원,11,서울특별시,11215,광진구,05af6704fdc24850e4eb0de02435f1a1,소사면옥/군자역본점,11,서울특별시,11215,광진구,음식,음식,한식,6
202607,27b4afa16a5ba1c8833f49dd9ce59aee,아차산배수지체육공원,11,서울특별시,11215,광진구,50b73b2ccfbe4bd21ed3364d860fd852,망향비빔국수/광진구점,11,서울특별시,11215,광진구,음식,음식,한식,7
202607,27b4afa16a5ba1c8833f49dd9ce59aee,아차산배수지체육공원,11,서울특별시,11215,광진구,fd24f4034fce785d524928601625686c,삼청동수제비/본점,11,서울특별시,11110,종로구,음식,음식,한식,8
202607,27b4afa16a5ba1c8833f49dd9ce59aee,아차산배수지체육공원,11,서울특별시,11215,광진구,cd07a13b8e1a4184d9401368c1dd96d8,도곡시장,11,서울특별시,11680,강남구,관광지,쇼핑,시장,9
202607,27b4afa16a5ba1c8833f49dd9ce59aee,아차산배수지체육공원,11,서울특별시,11215,광진구,7a7d19a93f01292502031707bd9ef892,오라카이대학로호텔,11,서울특별시,11110,종로구,숙박,숙박,호텔,10
202607,27b4afa16a5ba1c8833f49dd9ce59aee,아차산배수지체육공원,11,서울특별시,11215,광진구,a26436254998575e8421b54cb98a6078,버거킹/아차산역점,11,서울특별시,11215,광진구,음식,음식,간이음식,11
202607,27b4afa16a5ba1c8833f49dd9ce59aee,아차산배수지체육공원,11,서울특별시,11215,광진구,8ab22d7f9564d56b27f9f0d3578e460f,혜림,11,서울특별시,11650,서초구,음식,음식,전문음식,12
202607,27b4afa16a5ba1c8833f49dd9ce59aee,아차산배수지체육공원,11,서울특별시,11215,광진구,105b68b0f0c82e088ba4e6c892c32c17,방산종합시장,11,서울특별시,11140,중구,관광지,쇼핑,시장,13
202607,27b4afa16a5ba1c8833f49dd9ce59aee,아차산배수지체육공원,11,서울특별시,11215,광진구,90b1b2edb51d984fbc123bc4265b4b24,용마폭포공원,11,서울특별시,11260,중랑구,관광지,문화관광,도시공원,14
202607,27b4afa16a5ba1c8833f49dd9ce59aee,아차산배수지체육공원,11,서울특별시,11215,광진구,c97d70a38f9c1c371f887c8f82668e25,고고기,11,서울특별시,11215,광진구,음식,음식,한식,15
202607,27b4afa16a5ba1c8833f49dd9ce59aee,아차산배수지체육공원,11,서울특별시,11215,광진구,ec726d1680d0c705518526ff2b1f74e7,와룡공원,11,서울특별시,11110,종로구,관광지,문화관광,도시공원,16
202607,27b4afa16a5ba1c8833f49dd9ce59aee,아차산배수지체육공원,11,서울특별시,11215,광진구,e9e88af74da9f24a7cb35f0c69719e09,깐부치킨/광장점,11,서울특별시,11215,광진구,음식,음식,간이음식,17
202607,27b4afa16a5ba1c8833f49dd9ce59aee,아차산배수지체육공원,11,서울특별시,11215,광진구,2e253bdfcb7ac4cf23659b2d3e7c3391,구도로통닭/서울방이점,11,서울특별시,11710,송파구,음식,음식,간이음식,18
202607,27b4afa16a5ba1c8833f49dd9ce59aee,아차산배수지체육공원,11,서울특별시,11215,광진구,a1b69ec73fb4d68b1d03ddef01fa82d6,성천막국수/논현점,11,서울특별시,11650,서초구,음식,음식,한식,19
202607,27b4afa16a5ba1c8833f49dd9ce59aee,아차산배수지체육공원,11,서울특별시,11215,광진구,2f377d7118324387ad969cbced17ae5f,스타벅스/구의DT점,11,서울특별시,11215,광진구,음식,음식,카페/찻집,20
202607,27b4afa16a5ba1c8833f49dd9ce59aee,아차산배수지체육공원,11,서울특별시,11215,광진구,1ccf01201d85b32c0e53615d5113b5ce,푸주옥,11,서울특별시,11470,양천구,음식,음식,한식,21
202607,27b4afa16a5ba1c8833f49dd9ce59aee,아차산배수지체육공원,11,서울특별시,11215,광진구,b15c42acd922d3b63a9be66e1e546d62,일품대패/장안동점,11,서울특별시,11230,동대문구,음식,음식,한식,22
202607,27b4afa16a5ba1c8833f49dd9ce59aee,아차산배수지체육공원,11,서울특별시,11215,광진구,026934c7b62368744563162af4450390,돈까스잔치/동빙고점,11,서울특별시,11170,용산구,음식,음식,전문음식,23
202607,27b4afa16a5ba1c8833f49dd9ce59aee,아차산배수지체육공원,11,서울특별시,11215,광진구,ab89713acd7fa908cba0a38d75948c7e,원조할아버지손두부,11,서울특별시,11215,광진구,음식,음식,한식,24
202607,27b4afa16a5ba1c8833f49dd9ce59aee,아차산배수지체육공원,11,서울특별시,11215,광진구,160faebc8953f586378fb79a58c951bd,김포국제공항국제선,11,서울특별시,11500,강서구,관광지,기타관광,교통시설,25
202607,27b4afa16a5ba1c8833f49dd9ce59aee,아차산배수지체육공원,11,서울특별시,11215,광진구,70a0d7cb8e2ba51a319ad7fc45a3e0ad,영동코다리,11,서울특별시,11680,강남구,음식,음식,한식,26
202607,27b4afa16a5ba1c8833f49dd9ce59aee,아차산배수지체육공원,11,서울특별시,11215,광진구,afce9ec1ea5f62a8abcc5bcde75aa92e,송탄부대찌개,11,서울특별시,11680,강남구,음식,음식,전문음식,27
202607,27b4afa16a5ba1c8833f49dd9ce59aee,아차산배수지체육공원,11,서울특별시,11215,광진구,db4b7ffdd17f2d7dc2474f278740fe89,파크하비오워터킹덤,11,서울특별시,11710,송파구,관광지,문화관광,테마공원,28
202607,27b4afa16a5ba1c8833f49dd9ce59aee,아차산배수지체육공원,11,서울특별시,11215,광진구,bef1d1f5f7a21d3f7ac7ea100356b253,원조마산할매아구찜,11,서울특별시,11650,서초구,음식,음식,한식,29
202607,27b4afa16a5ba1c8833f49dd9ce59aee,아차산배수지체육공원,11,서울특별시,11215,광진구,38528d78a47332e691b7cb7f1dfa8bed,효미역/올림픽공원점,11,서울특별시,11710,송파구,음식,음식,한식,30
202607,27b4afa16a5ba1c8833f49dd9ce59aee,아차산배수지체육공원,11,서울특별시,11215,광진구,dbb8a94da8d7a1a6378daf3420650965,다락원체육공원,11,서울특별시,11320,도봉구,관광지,문화관광,도시공원,31
202607,27b4afa16a5ba1c8833f49dd9ce59aee,아차산배수지체육공원,11,서울특별시,11215,광진구,9e706eb1858168cf34f24b6659d3610d,가든파이브라이프,11,서울특별시,11710,송파구,관광지,쇼핑,쇼핑몰,32
202607,27b4afa16a5ba1c8833f49dd9ce59aee,아차산배수지체육공원,11,서울특별시,11215,광진구,503dd4733ff717230788ed0d32391e6a,아차산어울림정원,11,서울특별시,11215,광진구,관광지,문화관광,도시공원,33
202607,27b4afa16a5ba1c8833f49dd9ce59aee,아차산배수지체육공원,11,서울특별시,11215,광진구,559ed75f39fbcb5691d039af068d4e6e,청담초밥/문정점,11,서울특별시,11710,송파구,음식,음식,외국식,34
202607,27b4afa16a5ba1c8833f49dd9ce59aee,아차산배수지체육공원,11,서울특별시,11215,광진구,9048018685423a68367c990c06bf2ac3,가온,11,서울특별시,11215,광진구,음식,음식,한식,35
202607,27b4afa16a5ba1c8833f49dd9ce59aee,아차산배수지체육공원,11,서울특별시,11215,광진구,c294156646f6be60e78744bd26d99971,짬뽕지존/아차산역점 [중식],11,서울특별시,11215,광진구,음식,음식,외국식,36
202607,394a09f944ec17ed7658d42dc20cc9b2,키즈오토파크,11,서울특별시,11215,광진구,befa96d291b3f7a60fba2de89e403891,애슐리퀸즈/구의이스트폴점,11,서울특별시,11215,광진구,음식,음식,전문음식,1
202607,394a09f944ec17ed7658d42dc20cc9b2,키즈오토파크,11,서울특별시,11215,광진구,b57f4f20f743d6df817eae3d98c6cda8,롯데백화점/건대스타시티점,11,서울특별시,11215,광진구,관광지,쇼핑,백화점,2
202607,394a09f944ec17ed7658d42dc20cc9b2,키즈오토파크,11,서울특별시,11215,광진구,666decfe99780bb1046fd1bb6f76f965,롯데백화점/청량리점,11,서울특별시,11230,동대문구,관광지,쇼핑,백화점,3
202607,394a09f944ec17ed7658d42dc20cc9b2,키즈오토파크,11,서울특별시,11215,광진구,2eb38024dd7d0825481ea983f7dd1479,현대백화점/압구정본점,11,서울특별시,11680,강남구,관광지,쇼핑,백화점,4
202607,394a09f944ec17ed7658d42dc20cc9b2,키즈오토파크,11,서울특별시,11215,광진구,d53da1ad899e4b2fe5532a7ebff095be,도셰프/강변점,11,서울특별시,11215,광진구,음식,음식,외국식,5
202607,b47160bd955f46c4030c8aef7f7dede1,연화사,11,서울특별시,11230,동대문구,b585af4d03a9103bdc9b30da3501a404,서울특별시교육청융합과학교육원/동부분원,11,서울특별시,11260,중랑구,관광지,문화관광,전시시설,1
202607,b47160bd955f46c4030c8aef7f7dede1,연화사,11,서울특별시,11230,동대문구,4647a7186478062a4d49e528c2af21ce,화계사,11,서울특별시,11305,강북구,관광지,역사관광,종교성지,2
202607,b47160bd955f46c4030c8aef7f7dede1,연화사,11,서울특별시,11230,동대문구,efe0cec96bdcb5d3a95caa3c9e3062e7,조계사,11,서울특별시,11110,종로구,관광지,역사관광,종교성지,3
202607,b47160bd955f46c4030c8aef7f7dede1,연화사,11,서울특별시,11230,동대문구,1dc5cf91e0dc82285e4da9aa397d3e07,삼원가든/본점,11,서울특별시,11680,강남구,음식,음식,한식,4
202607,b47160bd955f46c4030c8aef7f7dede1,연화사,11,서울특별시,11230,동대문구,e3c0536499cbcc0960aa630c1ea37e0e,소피텔 앰배서더 서울 호텔 앤 서비스드 레지던스,11,서울특별시,11710,송파구,숙박,숙박,호텔,5
202607,b47160bd955f46c4030c8aef7f7dede1,연화사,11,서울특별시,11230,동대문구,9ea953c00b8109b48edf03408004e148,한국문화의집,11,서울특별시,11680,강남구,관광지,문화관광,공연시설,6
202607,b47160bd955f46c4030c8aef7f7dede1,연화사,11,서울특별시,11230,동대문구,666decfe99780bb1046fd1bb6f76f965,롯데백화점/청량리점,11,서울특별시,11230,동대문구,관광지,쇼핑,백화점,7
202607,b47160bd955f46c4030c8aef7f7dede1,연화사,11,서울특별시,11230,동대문구,2f280409ca2772c2cf4a90219b146d24,웨스틴서울파르나스,11,서울특별시,11680,강남구,숙박,숙박,호텔,8
202607,b47160bd955f46c4030c8aef7f7dede1,연화사,11,서울특별시,11230,동대문구,b7518772119ef7bb1567cfaf715fc9d6,오장갈비,11,서울특별시,11140,중구,음식,음식,한식,9
202607,b47160bd955f46c4030c8aef7f7dede1,연화사,11,서울특별시,11230,동대문구,1b55e2b3413cd76a610aa9c8fa2d4316,만덕식당,11,서울특별시,11650,서초구,음식,음식,한식,10
202607,b47160bd955f46c4030c8aef7f7dede1,연화사,11,서울특별시,11230,동대문구,5e37aa3f4af6296c2dcb3ebf307f96ab,청담미역/압구정점 [한식],11,서울특별시,11680,강남구,음식,음식,한식,11
202607,b47160bd955f46c4030c8aef7f7dede1,연화사,11,서울특별시,11230,동대문구,35c05806b444a547830bd636d9cc5868,허준박물관,11,서울특별시,11500,강서구,관광지,문화관광,전시시설,12
202607,b47160bd955f46c4030c8aef7f7dede1,연화사,11,서울특별시,11230,동대문구,4a7662799ae41340ff85a9dc5c85bec5,롯데백화점/강남점,11,서울특별시,11680,강남구,관광지,쇼핑,백화점,13
202607,b47160bd955f46c4030c8aef7f7dede1,연화사,11,서울특별시,11230,동대문구,ad8fb101cf98682dd69ded7a7a50b1e3,초안산수국동산,11,서울특별시,11350,노원구,관광지,문화관광,도시공원,14
202607,b47160bd955f46c4030c8aef7f7dede1,연화사,11,서울특별시,11230,동대문구,6e83a36a9b7bd04680c637b8f44a99ab,봉은사,11,서울특별시,11680,강남구,관광지,역사관광,종교성지,15
202607,8ec7a3fe24edc79e3bfd6a558d8c15d4,청량사,11,서울특별시,11230,동대문구,f1ed9d0814a5db478681615f7cf33e34,맥도날드/양평SK DT점,11,서울특별시,11560,영등포구,음식,음식,간이음식,1
202607,23b16fd12e6104dec12440fdb92e1e76,사가정공원,11,서울특별시,11260,중랑구,e1a67955878ca8411c3ca4eb71bb64be,용마해장국,11,서울특별시,11260,중랑구,음식,음식,한식,1
202607,8cf2850060e8d3b44a8c020e0e6e92a8,극락사,11,서울특별시,11260,중랑구,118cc49596bd4cf825ac6c4c83c37b95,개성숯불갈비,11,서울특별시,11260,중랑구,음식,음식,한식,1
202607,3b3f866876bb44f05bba756cbbc3dd15,삼룡사,11,서울특별시,11260,중랑구,82a074f1baef6109f178118a06e41a47,성룡사,11,서울특별시,11410,서대문구,관광지,역사관광,종교성지,1
202607,3b3f866876bb44f05bba756cbbc3dd15,삼룡사,11,서울특별시,11260,중랑구,5dc9087bf8399dd86a2a040fafb7e7de,관문사,11,서울특별시,11650,서초구,관광지,역사관광,종교성지,2
202607,3b3f866876bb44f05bba756cbbc3dd15,삼룡사,11,서울특별시,11260,중랑구,63e4c6ea4c9a3e624288fb7301348624,장석어린이공원,11,서울특별시,11290,성북구,관광지,문화관광,도시공원,3
202607,3b3f866876bb44f05bba756cbbc3dd15,삼룡사,11,서울특별시,11260,중랑구,aa6be6a4f5997ab91804f3b6be58e878,코엑스,11,서울특별시,11680,강남구,관광지,문화관광,전시시설,4
202607,3b3f866876bb44f05bba756cbbc3dd15,삼룡사,11,서울특별시,11260,중랑구,666decfe99780bb1046fd1bb6f76f965,롯데백화점/청량리점,11,서울특별시,11230,동대문구,관광지,쇼핑,백화점,5
202607,3b3f866876bb44f05bba756cbbc3dd15,삼룡사,11,서울특별시,11260,중랑구,2f377d7118324387ad969cbced17ae5f,스타벅스/구의DT점,11,서울특별시,11215,광진구,음식,음식,카페/찻집,6
202607,3b3f866876bb44f05bba756cbbc3dd15,삼룡사,11,서울특별시,11260,중랑구,0e03b478d11a02389c59e2a7d8e288fa,현대아울렛/가산점,11,서울특별시,11545,금천구,관광지,쇼핑,쇼핑몰,7
202607,34c0dfaf71d9a6232ff895415ec978c3,밤나무골시장,11,서울특별시,11290,성북구,5d9741883032dcb4480f497444374520,신창시장,11,서울특별시,11320,도봉구,관광지,쇼핑,시장,1
202607,34c0dfaf71d9a6232ff895415ec978c3,밤나무골시장,11,서울특별시,11290,성북구,cdee9b95e8a79b3e7622970e29a0f79c,호텔더디자이너스/프리미어성수&건대,11,서울특별시,11215,광진구,숙박,숙박,호텔,2
202607,34c0dfaf71d9a6232ff895415ec978c3,밤나무골시장,11,서울특별시,11290,성북구,605696604ab978178b2c1ac5a96e9fe5,백세삼계탕/태릉점,11,서울특별시,11350,노원구,음식,음식,한식,3
202607,34c0dfaf71d9a6232ff895415ec978c3,밤나무골시장,11,서울특별시,11290,성북구,767eb3c379efa3729418cfbf802ec713,세빛섬,11,서울특별시,11650,서초구,관광지,자연관광,자연경관(하천/해양),4
202607,34c0dfaf71d9a6232ff895415ec978c3,밤나무골시장,11,서울특별시,11290,성북구,463a6fcf62f49791585e9526e70200c4,더퍼스트클래스파티하우스/송파문정점,11,서울특별시,11710,송파구,음식,음식,전문음식,5
202607,34c0dfaf71d9a6232ff895415ec978c3,밤나무골시장,11,서울특별시,11290,성북구,66fd47176e2a7cd05721e35919cf2557,신당동떡볶이타운,11,서울특별시,11140,중구,음식,음식,음식점기타,6
202607,d624bef8076b5fa147510a5a797494f6,개운사,11,서울특별시,11290,성북구,c7e470b03ff14223ab3ae9be1e3cc1a7,손건호의한우일번지/본점,11,서울특별시,11200,성동구,음식,음식,한식,1
202607,d624bef8076b5fa147510a5a797494f6,개운사,11,서울특별시,11290,성북구,68896be5958d876502d1c8a626fca9ec,스타벅스/종암DT점,11,서울특별시,11290,성북구,음식,음식,카페/찻집,2
202607,d624bef8076b5fa147510a5a797494f6,개운사,11,서울특별시,11290,성북구,b35baf66f56313e6033cd1969ca7f85c,경동시장,11,서울특별시,11230,동대문구,관광지,쇼핑,시장,3
202607,d624bef8076b5fa147510a5a797494f6,개운사,11,서울특별시,11290,성북구,83118f698b9a9e08dbf637369e2236a4,코너호텔,11,서울특별시,11710,송파구,숙박,숙박,호텔,4
202607,d624bef8076b5fa147510a5a797494f6,개운사,11,서울특별시,11290,성북구,6d51b962202065af6259c46a63e64352,현대시티아울렛/동대문점,11,서울특별시,11140,중구,관광지,쇼핑,쇼핑몰,5
202607,d624bef8076b5fa147510a5a797494f6,개운사,11,서울특별시,11290,성북구,42eaa57b48549bc6c48d6377a40419d5,광장시장,11,서울특별시,11110,종로구,관광지,쇼핑,시장,6
202607,d624bef8076b5fa147510a5a797494f6,개운사,11,서울특별시,11290,성북구,0a1ce1c3edf210408700cc3c81c6ac0e,북악스카이웨이,11,서울특별시,11110,종로구,관광지,기타관광,데이트코스,7
202607,d624bef8076b5fa147510a5a797494f6,개운사,11,서울특별시,11290,성북구,f4cb0345c02d72995cc67111ef093ead,롯데월드/잠실점,11,서울특별시,11710,송파구,관광지,문화관광,테마공원,8
202607,d624bef8076b5fa147510a5a797494f6,개운사,11,서울특별시,11290,성북구,683f590bf26be3b1d99c312c1fb97ec8,백년가/삼성본점,11,서울특별시,11680,강남구,음식,음식,한식,9
202607,d624bef8076b5fa147510a5a797494f6,개운사,11,서울특별시,11290,성북구,135edd71c00965c27db9e9c76d06f2cb,더노벰버라운지/청량리그라시엘점,11,서울특별시,11230,동대문구,음식,음식,카페/찻집,10
202607,d624bef8076b5fa147510a5a797494f6,개운사,11,서울특별시,11290,성북구,8bd2ea989f369ee876605fc125aa85c9,교촌치킨/광장점,11,서울특별시,11215,광진구,음식,음식,간이음식,11
202607,d624bef8076b5fa147510a5a797494f6,개운사,11,서울특별시,11290,성북구,9f0cb6dbd4f054e262e0059501bcc0ad,하누소/창동본점,11,서울특별시,11320,도봉구,음식,음식,한식,12
202607,d624bef8076b5fa147510a5a797494f6,개운사,11,서울특별시,11290,성북구,658ad7b1f66ccc46c02d4d3996594830,갈비명가이상/답십리점,11,서울특별시,11230,동대문구,음식,음식,한식,13
202607,d624bef8076b5fa147510a5a797494f6,개운사,11,서울특별시,11290,성북구,6e83a36a9b7bd04680c637b8f44a99ab,봉은사,11,서울특별시,11680,강남구,관광지,역사관광,종교성지,14
202607,d624bef8076b5fa147510a5a797494f6,개운사,11,서울특별시,11290,성북구,dfde5b8982878930c73d9da2cacc19a2,양촌리/마포점,11,서울특별시,11440,마포구,음식,음식,한식,15
202607,d624bef8076b5fa147510a5a797494f6,개운사,11,서울특별시,11290,성북구,a55ea5a87d9aceb45f1d5621eb367191,토속촌삼계탕,11,서울특별시,11110,종로구,음식,음식,한식,16
202607,d624bef8076b5fa147510a5a797494f6,개운사,11,서울특별시,11290,성북구,39e63b16848df9ad15101e3a3a3da334,호텔야자/성신여대역점,11,서울특별시,11290,성북구,숙박,숙박,모텔,17
202607,d624bef8076b5fa147510a5a797494f6,개운사,11,서울특별시,11290,성북구,7413592f5ac37e38d9a557c9872eb497,포시즌스호텔/서울,11,서울특별시,11110,종로구,숙박,숙박,호텔,18
202607,d624bef8076b5fa147510a5a797494f6,개운사,11,서울특별시,11290,성북구,c22bdf41f8f7745572dbfe2b1a054a07,커피빈/고대안암역점,11,서울특별시,11290,성북구,음식,음식,카페/찻집,19
202607,d624bef8076b5fa147510a5a797494f6,개운사,11,서울특별시,11290,성북구,209181f68ec04733d820e4c991f03659,고메스퀘어/서울장위월곡점,11,서울특별시,11290,성북구,음식,음식,전문음식,20
202607,d624bef8076b5fa147510a5a797494f6,개운사,11,서울특별시,11290,성북구,666decfe99780bb1046fd1bb6f76f965,롯데백화점/청량리점,11,서울특별시,11230,동대문구,관광지,쇼핑,백화점,21
202607,d624bef8076b5fa147510a5a797494f6,개운사,11,서울특별시,11290,성북구,ba66b02be25c49dbc407a3c97ecbcfaa,우이산장키토산오리집,11,서울특별시,11305,강북구,음식,음식,전문음식,22
202607,d624bef8076b5fa147510a5a797494f6,개운사,11,서울특별시,11290,성북구,2f958b45e40199f67e9aeca0752935b3,동래복국/동대문점,11,서울특별시,11110,종로구,음식,음식,전문음식,23
202607,d624bef8076b5fa147510a5a797494f6,개운사,11,서울특별시,11290,성북구,97a5dfaf598afb6469a618e071a22586,노보텔앰배서더호텔/서울강남,11,서울특별시,11680,강남구,숙박,숙박,호텔,24
202607,d624bef8076b5fa147510a5a797494f6,개운사,11,서울특별시,11290,성북구,aa6f5ecfee851beb9817e926907ca6ab,CGV/홍대,11,서울특별시,11440,마포구,관광지,문화관광,공연시설,25
202607,d624bef8076b5fa147510a5a797494f6,개운사,11,서울특별시,11290,성북구,a5b6a28b5c27c8a6ff16c800610c96b6,투썸플레이스/종암점,11,서울특별시,11290,성북구,음식,음식,카페/찻집,26
202607,d624bef8076b5fa147510a5a797494f6,개운사,11,서울특별시,11290,성북구,f8ba65b380f665911ecab4df90bfe056,도치피자/장충점,11,서울특별시,11140,중구,음식,음식,간이음식,27
202607,d624bef8076b5fa147510a5a797494f6,개운사,11,서울특별시,11290,성북구,43213b1ec0342be6971faa9f9338231e,렛츠런CCC/동대문지점,11,서울특별시,11230,동대문구,관광지,문화관광,기타문화관광지,28
202607,d624bef8076b5fa147510a5a797494f6,개운사,11,서울특별시,11290,성북구,5fb5a54bb8a1fb80a7488387d25290ea,석호갈비,11,서울특별시,11290,성북구,음식,음식,한식,29
202607,d624bef8076b5fa147510a5a797494f6,개운사,11,서울특별시,11290,성북구,932713ceeaaa32f8416d0a69ca38fe75,남산케이블카,11,서울특별시,11140,중구,관광지,기타관광,기타관광,30
202607,d624bef8076b5fa147510a5a797494f6,개운사,11,서울특별시,11290,성북구,0a2c6ee6c9203455a986116693c2765b,동해도/광화문점 [일식],11,서울특별시,11140,중구,음식,음식,외국식,31
202607,d624bef8076b5fa147510a5a797494f6,개운사,11,서울특별시,11290,성북구,e9577e1317178795e05b7fe0f2a47ce9,중앙해장/삼성본점,11,서울특별시,11680,강남구,음식,음식,한식,32
202607,d624bef8076b5fa147510a5a797494f6,개운사,11,서울특별시,11290,성북구,ede4950bb1e0175167768efc4a44bcc5,옛가,11,서울특별시,11305,강북구,음식,음식,한식,33
202607,d624bef8076b5fa147510a5a797494f6,개운사,11,서울특별시,11290,성북구,2b4f7bc9ebebddae3392b736bfca54a5,더숲초소책방,11,서울특별시,11110,종로구,음식,음식,카페/찻집,34
202607,561c3e7347355ca9186ec25b8c820e0b,경국사,11,서울특별시,11290,성북구,4647a7186478062a4d49e528c2af21ce,화계사,11,서울특별시,11305,강북구,관광지,역사관광,종교성지,1
202607,561c3e7347355ca9186ec25b8c820e0b,경국사,11,서울특별시,11290,성북구,034449c8eea9c7448f6623888d85976b,길상사,11,서울특별시,11290,성북구,관광지,역사관광,종교성지,2
202607,561c3e7347355ca9186ec25b8c820e0b,경국사,11,서울특별시,11290,성북구,74d5f108656df9f00877aee9c3ecae2e,시래기화덕생선구이,11,서울특별시,11305,강북구,음식,음식,한식,3
202607,561c3e7347355ca9186ec25b8c820e0b,경국사,11,서울특별시,11290,성북구,dc84da22c181b1a1b375b89ea6269ff0,로터스가든/[중식],11,서울특별시,11290,성북구,음식,음식,외국식,4
202607,561c3e7347355ca9186ec25b8c820e0b,경국사,11,서울특별시,11290,성북구,79746102d32a5321e8ddf19619f63ab4,하오하오츠/정릉점,11,서울특별시,11290,성북구,음식,음식,외국식,5
202607,034449c8eea9c7448f6623888d85976b,길상사,11,서울특별시,11290,성북구,9dac72fa7ebfaa2eca0d9f9e4e8ddcff,팔각정북악스카이,11,서울특별시,11110,종로구,관광지,문화관광,랜드마크관광,1
202607,034449c8eea9c7448f6623888d85976b,길상사,11,서울특별시,11290,성북구,60e52706259a44f574c8150734caa41d,성북동면옥집,11,서울특별시,11290,성북구,음식,음식,한식,2
202607,034449c8eea9c7448f6623888d85976b,길상사,11,서울특별시,11290,성북구,e646decaab0b5f74201df0186e514ff5,성북동메밀수제비누룽지백숙,11,서울특별시,11290,성북구,음식,음식,한식,3
202607,034449c8eea9c7448f6623888d85976b,길상사,11,서울특별시,11290,성북구,0a1ce1c3edf210408700cc3c81c6ac0e,북악스카이웨이,11,서울특별시,11110,종로구,관광지,기타관광,데이트코스,4
202607,034449c8eea9c7448f6623888d85976b,길상사,11,서울특별시,11290,성북구,d53df0b25685768b1d823a4775a70652,선잠,11,서울특별시,11290,성북구,음식,음식,카페/찻집,5
202607,034449c8eea9c7448f6623888d85976b,길상사,11,서울특별시,11290,성북구,4a20c60ab2dc20e9d9b84b52adabfedf,쌍다리돼지불백/본점 [한식],11,서울특별시,11290,성북구,음식,음식,한식,6
202607,034449c8eea9c7448f6623888d85976b,길상사,11,서울특별시,11290,성북구,ff1b7da91c8becc05ccd75320569fe25,선동보리밥,11,서울특별시,11290,성북구,음식,음식,한식,7
202607,034449c8eea9c7448f6623888d85976b,길상사,11,서울특별시,11290,성북구,8f3c468ef60ef8e1afe3e6e17e584d0f,성북동빵공장,11,서울특별시,11290,성북구,음식,음식,간이음식,8
202607,034449c8eea9c7448f6623888d85976b,길상사,11,서울특별시,11290,성북구,11f8b3b1bf78d9c8936758e525e3ed39,서울역,11,서울특별시,11170,용산구,관광지,기타관광,교통시설,9
202607,034449c8eea9c7448f6623888d85976b,길상사,11,서울특별시,11290,성북구,091c165f0c1e1a756edb723cb990c8cf,금왕돈까스,11,서울특별시,11290,성북구,음식,음식,전문음식,10
202607,034449c8eea9c7448f6623888d85976b,길상사,11,서울특별시,11290,성북구,d43bec987a06205c72c8f924d7a336b5,삼청각,11,서울특별시,11290,성북구,관광지,문화관광,기타문화관광지,11
202607,0b62f9dfd04477d42040c48265af8309,정릉아리랑시장,11,서울특별시,11290,성북구,c3552b8579ff92e56e78f318b9cdba3e,나폴레옹과자점/목동점,11,서울특별시,11470,양천구,음식,음식,간이음식,1
202607,0b62f9dfd04477d42040c48265af8309,정릉아리랑시장,11,서울특별시,11290,성북구,0b239882429b2ae94dd78be4e6ba7e5d,서울아레나/건축중(2027년03월 준공예정),11,서울특별시,11320,도봉구,관광지,문화관광,공연시설,2
202607,0b62f9dfd04477d42040c48265af8309,정릉아리랑시장,11,서울특별시,11290,성북구,1accc1e2cc7156e462e46750227bcdf2,김영섭초밥,11,서울특별시,11440,마포구,음식,음식,외국식,3
202607,9733c6719dc28ffcf347ad233aceb5c0,윤극영가옥,11,서울특별시,11305,강북구,574a780c058bc4bd8af3210b332ec08b,현고대닭발/본점,11,서울특별시,11230,동대문구,음식,음식,전문음식,1
202607,9733c6719dc28ffcf347ad233aceb5c0,윤극영가옥,11,서울특별시,11305,강북구,87acdc6ed54d0f76a00532789393c629,미림산장/[한식],11,서울특별시,11305,강북구,음식,음식,한식,2
202607,f3e805aa5152dd56293bfbc96bc4761f,도선사,11,서울특별시,11305,강북구,4647a7186478062a4d49e528c2af21ce,화계사,11,서울특별시,11305,강북구,관광지,역사관광,종교성지,1
202607,f3e805aa5152dd56293bfbc96bc4761f,도선사,11,서울특별시,11305,강북구,c3b76d97310e44890b9e02e2d762f5e3,안토,11,서울특별시,11305,강북구,숙박,숙박,콘도미니엄,2
202607,f3e805aa5152dd56293bfbc96bc4761f,도선사,11,서울특별시,11305,강북구,cce8231f8c508d46f3b571b51d1bd0d5,이설함흥냉면/수유본점,11,서울특별시,11305,강북구,음식,음식,한식,3
202607,f3e805aa5152dd56293bfbc96bc4761f,도선사,11,서울특별시,11305,강북구,6e83a36a9b7bd04680c637b8f44a99ab,봉은사,11,서울특별시,11680,강남구,관광지,역사관광,종교성지,4
202607,f3e805aa5152dd56293bfbc96bc4761f,도선사,11,서울특별시,11305,강북구,78c9885f6daf42d38cc568b6327bb314,카페산아래,11,서울특별시,11305,강북구,음식,음식,카페/찻집,5
202607,f3e805aa5152dd56293bfbc96bc4761f,도선사,11,서울특별시,11305,강북구,6494c84bb564fef63523d6f0acc50031,4.19기념탑,11,서울특별시,11305,강북구,관광지,역사관광,역사유물,6
202607,f3e805aa5152dd56293bfbc96bc4761f,도선사,11,서울특별시,11305,강북구,58ef9015a25f14f40e15e597312f37ed,하이그라운드제빵소,11,서울특별시,11305,강북구,음식,음식,카페/찻집,7
202607,f3e805aa5152dd56293bfbc96bc4761f,도선사,11,서울특별시,11305,강북구,b35baf66f56313e6033cd1969ca7f85c,경동시장,11,서울특별시,11230,동대문구,관광지,쇼핑,시장,8
202607,f3e805aa5152dd56293bfbc96bc4761f,도선사,11,서울특별시,11305,강북구,1facbfcd79c40a4f9d6c3e441f89f798,옥류헌릴렉스,11,서울특별시,11305,강북구,음식,음식,카페/찻집,9
202607,f3e805aa5152dd56293bfbc96bc4761f,도선사,11,서울특별시,11305,강북구,6b9a2ff002dee23ad2457f16331f9152,우이동유원지,11,서울특별시,11305,강북구,관광지,문화관광,복합관광시설,10
202607,f3e805aa5152dd56293bfbc96bc4761f,도선사,11,서울특별시,11305,강북구,c6344b0ae32e496be8b1b701e540d566,김포국제공항국내선,11,서울특별시,11500,강서구,관광지,기타관광,교통시설,11
202607,f3e805aa5152dd56293bfbc96bc4761f,도선사,11,서울특별시,11305,강북구,034449c8eea9c7448f6623888d85976b,길상사,11,서울특별시,11290,성북구,관광지,역사관광,종교성지,12
202607,f3e805aa5152dd56293bfbc96bc4761f,도선사,11,서울특별시,11305,강북구,d0bf9d38c9879ba0402c43f4e39faa6d,롯데백화점/미아점,11,서울특별시,11305,강북구,관광지,쇼핑,백화점,13
202607,f3e805aa5152dd56293bfbc96bc4761f,도선사,11,서울특별시,11305,강북구,01953653a8a2e279ecab3087df280fd2,아이파크몰/용산점,11,서울특별시,11170,용산구,관광지,쇼핑,백화점,14
202607,f3e805aa5152dd56293bfbc96bc4761f,도선사,11,서울특별시,11305,강북구,1555410999c37a880fec17c65bdd8606,롯데백화점/노원점,11,서울특별시,11350,노원구,관광지,쇼핑,백화점,15
202607,f3e805aa5152dd56293bfbc96bc4761f,도선사,11,서울특별시,11305,강북구,b01da75cd1151236ec94b172c5c98f66,방학동도깨비시장,11,서울특별시,11320,도봉구,관광지,쇼핑,시장,16
202607,f3e805aa5152dd56293bfbc96bc4761f,도선사,11,서울특별시,11305,강북구,60105c0b9f211eb75c349b7c6291385e,백년고등어1750,11,서울특별시,11305,강북구,음식,음식,한식,17
202607,f3e805aa5152dd56293bfbc96bc4761f,도선사,11,서울특별시,11305,강북구,2fcab048af37f2c7e9c753c0f3f6bacf,황금정원,11,서울특별시,11320,도봉구,음식,음식,한식,18
202607,f3e805aa5152dd56293bfbc96bc4761f,도선사,11,서울특별시,11305,강북구,33541cda2fc91bd9ecd62febd4d81464,더숲아카데미하우스,11,서울특별시,11305,강북구,관광지,문화관광,기타문화관광지,19
202607,f3e805aa5152dd56293bfbc96bc4761f,도선사,11,서울특별시,11305,강북구,ad24e7892ced97a8e86661a1770c196c,아카데미하우스호텔,11,서울특별시,11305,강북구,숙박,숙박,호텔,20
202607,f3e805aa5152dd56293bfbc96bc4761f,도선사,11,서울특별시,11305,강북구,4ba32af40e27a470a779105a8fe6d5b6,최고집칼국수/방학점,11,서울특별시,11320,도봉구,음식,음식,한식,21
202607,f3e805aa5152dd56293bfbc96bc4761f,도선사,11,서울특별시,11305,강북구,9dac72fa7ebfaa2eca0d9f9e4e8ddcff,팔각정북악스카이,11,서울특별시,11110,종로구,관광지,문화관광,랜드마크관광,22
202607,f3e805aa5152dd56293bfbc96bc4761f,도선사,11,서울특별시,11305,강북구,c65739d449ca7b0e2beeed9ff89cccb6,스타벅스/도봉로DT점,11,서울특별시,11320,도봉구,음식,음식,카페/찻집,23
202607,f3e805aa5152dd56293bfbc96bc4761f,도선사,11,서울특별시,11305,강북구,e62940b0ab9a1cdd1f508437d5edf78a,한옥카페선운각,11,서울특별시,11305,강북구,음식,음식,카페/찻집,24
202607,f3e805aa5152dd56293bfbc96bc4761f,도선사,11,서울특별시,11305,강북구,6c6e16a196c4ccddbd0f7c61a86f16d3,삼천사,11,서울특별시,11380,은평구,관광지,역사관광,종교성지,25
202607,f3e805aa5152dd56293bfbc96bc4761f,도선사,11,서울특별시,11305,강북구,642b3c7fc1e9936004a929e92d907cc0,보광사,11,서울특별시,11305,강북구,관광지,역사관광,종교성지,26
202607,f3e805aa5152dd56293bfbc96bc4761f,도선사,11,서울특별시,11305,강북구,26af902a61449d26105850414d319496,서울로봇인공지능과학관,11,서울특별시,11320,도봉구,관광지,문화관광,전시시설,27
202607,f3e805aa5152dd56293bfbc96bc4761f,도선사,11,서울특별시,11305,강북구,338465f7e5d05aac84c6a6c8c07af599,전민규의황제누룽지탕/노원직영점,11,서울특별시,11350,노원구,음식,음식,한식,28
202607,f3e805aa5152dd56293bfbc96bc4761f,도선사,11,서울특별시,11305,강북구,ba400c0a1eb18a3b4f06d0db83d2316e,갈비명가이상/길음신관,11,서울특별시,11290,성북구,음식,음식,한식,29
202607,f3e805aa5152dd56293bfbc96bc4761f,도선사,11,서울특별시,11305,강북구,87acdc6ed54d0f76a00532789393c629,미림산장/[한식],11,서울특별시,11305,강북구,음식,음식,한식,30
202607,f3e805aa5152dd56293bfbc96bc4761f,도선사,11,서울특별시,11305,강북구,e43dbc38f99c7240ceee1b02e7dd9d40,국립평화통일민주교육원,11,서울특별시,11305,강북구,관광지,체험관광,체험관광기타,31
202607,f3e805aa5152dd56293bfbc96bc4761f,도선사,11,서울특별시,11305,강북구,283513351d81299c0e9444ec634ef92b,소귀골백운산장,11,서울특별시,11305,강북구,음식,음식,한식,32
202607,f3e805aa5152dd56293bfbc96bc4761f,도선사,11,서울특별시,11305,강북구,8115661f74bbb94b9501c190f6ff0c2d,풍천장어마을,11,서울특별시,11305,강북구,음식,음식,전문음식,33
202607,f3e805aa5152dd56293bfbc96bc4761f,도선사,11,서울특별시,11305,강북구,260661d5bfd214982bf0739120e4d0a1,롯데시네마/수유,11,서울특별시,11305,강북구,관광지,문화관광,공연시설,34
202607,f3e805aa5152dd56293bfbc96bc4761f,도선사,11,서울특별시,11305,강북구,20d17ed32473ccc9c649640a78744e65,세븐차이나/은평점 [중식],11,서울특별시,11380,은평구,음식,음식,외국식,35
202607,f3e805aa5152dd56293bfbc96bc4761f,도선사,11,서울특별시,11305,강북구,1d97509dda804ea7abc88d81971a0322,북서울꿈의숲,11,서울특별시,11305,강북구,관광지,문화관광,도시공원,36
202607,f3e805aa5152dd56293bfbc96bc4761f,도선사,11,서울특별시,11305,강북구,755cf847170400b2edd3b30fc426fca0,가나돈까스의집,11,서울특별시,11680,강남구,음식,음식,전문음식,37
202607,f3e805aa5152dd56293bfbc96bc4761f,도선사,11,서울특별시,11305,강북구,bbfe363653d89500cff1772e627e41fc,메가박스/코엑스,11,서울특별시,11680,강남구,관광지,문화관광,공연시설,38
202607,f3e805aa5152dd56293bfbc96bc4761f,도선사,11,서울특별시,11305,강북구,fb91919b7a0b5836cefe86df13307784,백범김구기념관,11,서울특별시,11170,용산구,관광지,문화관광,전시시설,39
202607,f3e805aa5152dd56293bfbc96bc4761f,도선사,11,서울특별시,11305,강북구,7093490ccab1bbdf3a1a4023eb8fe1bd,용산역,11,서울특별시,11170,용산구,관광지,기타관광,교통시설,40
202607,f3e805aa5152dd56293bfbc96bc4761f,도선사,11,서울특별시,11305,강북구,9790b35b54d4adcc46e424df4f01b24e,산모퉁이,11,서울특별시,11110,종로구,음식,음식,카페/찻집,41
202607,f3e805aa5152dd56293bfbc96bc4761f,도선사,11,서울특별시,11305,강북구,7e3d02a8cfe1445df0d5f7a44dcf9cdb,북한산국립공원/백운대탐방지원센터,11,서울특별시,11305,강북구,관광지,기타관광,기타관광,42
202607,f3e805aa5152dd56293bfbc96bc4761f,도선사,11,서울특별시,11305,강북구,35b26cf3ad2d5883f2a01592327edd73,나폴레옹과자점/잠실점,11,서울특별시,11710,송파구,음식,음식,간이음식,43
202607,f3e805aa5152dd56293bfbc96bc4761f,도선사,11,서울특별시,11305,강북구,937b083f9554929dadf430d4e471e851,동서울종합터미널,11,서울특별시,11215,광진구,관광지,기타관광,교통시설,44
202607,f3e805aa5152dd56293bfbc96bc4761f,도선사,11,서울특별시,11305,강북구,f3045e578c0a3db707d9d358189cd0e6,한동길뼈다귀감자탕/신내본점,11,서울특별시,11260,중랑구,음식,음식,한식,45
202607,f3e805aa5152dd56293bfbc96bc4761f,도선사,11,서울특별시,11305,강북구,a55ea5a87d9aceb45f1d5621eb367191,토속촌삼계탕,11,서울특별시,11110,종로구,음식,음식,한식,46
202607,f3e805aa5152dd56293bfbc96bc4761f,도선사,11,서울특별시,11305,강북구,8fc5ca82ce555de0dd30758535c690ec,스타벅스/쌍문도봉로점,11,서울특별시,11320,도봉구,음식,음식,카페/찻집,47
202607,f3e805aa5152dd56293bfbc96bc4761f,도선사,11,서울특별시,11305,강북구,6d0bf446f9aa05b904da12945a879df5,금돈옥/잠실점,11,서울특별시,11710,송파구,음식,음식,한식,48
202607,f3e805aa5152dd56293bfbc96bc4761f,도선사,11,서울특별시,11305,강북구,5ab2679fc831d22deb0d03c6f2b12d3a,현대백화점/미아점,11,서울특별시,11290,성북구,관광지,쇼핑,백화점,49
202607,f3e805aa5152dd56293bfbc96bc4761f,도선사,11,서울특별시,11305,강북구,ced92b3f49f3e5610be30b575c5390c5,다래함박스텍,11,서울특별시,11305,강북구,음식,음식,전문음식,50
202607,dbb8a94da8d7a1a6378daf3420650965,다락원체육공원,11,서울특별시,11320,도봉구,5ab2088d3677400281535df6257b99b6,맥도날드/상계DT점,11,서울특별시,11350,노원구,음식,음식,간이음식,1
202607,dbb8a94da8d7a1a6378daf3420650965,다락원체육공원,11,서울특별시,11320,도봉구,9f92793750718b8bd825ef906431b779,서울창포원,11,서울특별시,11320,도봉구,관광지,문화관광,테마공원,2
202607,dbb8a94da8d7a1a6378daf3420650965,다락원체육공원,11,서울특별시,11320,도봉구,246262d757b1678dd8d8a9a8a9b5ae23,창골운동장,11,서울특별시,11320,도봉구,관광지,문화관광,레저스포츠시설,3
202607,dbb8a94da8d7a1a6378daf3420650965,다락원체육공원,11,서울특별시,11320,도봉구,fc5e5560808fbaa1b569b2ebd90acf57,대명프라자,11,서울특별시,11350,노원구,관광지,쇼핑,쇼핑몰,4
202607,dbb8a94da8d7a1a6378daf3420650965,다락원체육공원,11,서울특별시,11320,도봉구,5d1aa1f2c3a8b64b58f42fecdbe3280c,도봉동실내스포츠센터,11,서울특별시,11320,도봉구,관광지,레저스포츠,기타레저스포츠,5
202607,dbb8a94da8d7a1a6378daf3420650965,다락원체육공원,11,서울특별시,11320,도봉구,7b29b03d1d07800b937f62a64682533a,스타벅스/송파방이DT점,11,서울특별시,11710,송파구,음식,음식,카페/찻집,6
202607,dbb8a94da8d7a1a6378daf3420650965,다락원체육공원,11,서울특별시,11320,도봉구,90b1b2d6b645115aa3da376d5d9e481a,무수옥,11,서울특별시,11320,도봉구,음식,음식,한식,7
202607,dbb8a94da8d7a1a6378daf3420650965,다락원체육공원,11,서울특별시,11320,도봉구,aeb89a7c587a21df9d4933d4d6815e32,살살녹소/방학점,11,서울특별시,11320,도봉구,음식,음식,한식,8
202607,dbb8a94da8d7a1a6378daf3420650965,다락원체육공원,11,서울특별시,11320,도봉구,fc920db473c65bffe29a5894ab5d0c2d,청와정,11,서울특별시,11350,노원구,음식,음식,한식,9
202607,dbb8a94da8d7a1a6378daf3420650965,다락원체육공원,11,서울특별시,11320,도봉구,fb7a442b96b5ddea394d36ead29118c0,자매보리밥집,11,서울특별시,11320,도봉구,음식,음식,한식,10
202607,dbb8a94da8d7a1a6378daf3420650965,다락원체육공원,11,서울특별시,11320,도봉구,bdbd9c373d3410d3af7f69c6e94442ad,맥도날드/서울번동DT점,11,서울특별시,11305,강북구,음식,음식,간이음식,11
202607,dbb8a94da8d7a1a6378daf3420650965,다락원체육공원,11,서울특별시,11320,도봉구,2a9b21af2009d7009ff75194ab3e6ee7,노보텔앰배서더호텔/서울동대문,11,서울특별시,11140,중구,숙박,숙박,호텔,12
202607,dbb8a94da8d7a1a6378daf3420650965,다락원체육공원,11,서울특별시,11320,도봉구,1bdc3c20e02e185e00cfa6d12d736f8d,애슐리퀸즈/미아사거리역점,11,서울특별시,11305,강북구,음식,음식,전문음식,13
202607,dbb8a94da8d7a1a6378daf3420650965,다락원체육공원,11,서울특별시,11320,도봉구,424d6c77b2d98d19d6798d7094f08b87,터줏대감,11,서울특별시,11350,노원구,음식,음식,한식,14
202607,dbb8a94da8d7a1a6378daf3420650965,다락원체육공원,11,서울특별시,11320,도봉구,505aec6c5ada58434f83f676fc18cf57,조마루감자탕/쌍문점,11,서울특별시,11320,도봉구,음식,음식,한식,15
202607,dbb8a94da8d7a1a6378daf3420650965,다락원체육공원,11,서울특별시,11320,도봉구,85e5b458382c4bbf3ba43d3b6dc7b1dc,동적깡통구이/쌍문본점,11,서울특별시,11320,도봉구,음식,음식,한식,16
202607,dbb8a94da8d7a1a6378daf3420650965,다락원체육공원,11,서울특별시,11320,도봉구,04ca0327428ef426296aca487a49cd2a,LG아트센터/서울,11,서울특별시,11500,강서구,관광지,문화관광,공연시설,17
202607,dbb8a94da8d7a1a6378daf3420650965,다락원체육공원,11,서울특별시,11320,도봉구,b32c55c4e0f81807dcb9be81992ed573,로니로티/노원점,11,서울특별시,11350,노원구,음식,음식,외국식,18
202607,dbb8a94da8d7a1a6378daf3420650965,다락원체육공원,11,서울특별시,11320,도봉구,7677155c580aabb908569673f7dbde13,평양칼국수,11,서울특별시,11350,노원구,음식,음식,한식,19
202607,dbb8a94da8d7a1a6378daf3420650965,다락원체육공원,11,서울특별시,11320,도봉구,b74fab4d1c613e116dbd6652298b4105,맥도날드/서울둔촌DT점,11,서울특별시,11740,강동구,음식,음식,간이음식,20
202607,dbb8a94da8d7a1a6378daf3420650965,다락원체육공원,11,서울특별시,11320,도봉구,343a1733879e0415cf1364d64f390ff7,스타벅스/공릉DT점,11,서울특별시,11350,노원구,음식,음식,카페/찻집,21
202607,dbb8a94da8d7a1a6378daf3420650965,다락원체육공원,11,서울특별시,11320,도봉구,0b87b7e9994cd7606974ba6afa14b15f,솔밭공원,11,서울특별시,11305,강북구,관광지,문화관광,도시공원,22
202607,dbb8a94da8d7a1a6378daf3420650965,다락원체육공원,11,서울특별시,11320,도봉구,666decfe99780bb1046fd1bb6f76f965,롯데백화점/청량리점,11,서울특별시,11230,동대문구,관광지,쇼핑,백화점,23
202607,dbb8a94da8d7a1a6378daf3420650965,다락원체육공원,11,서울특별시,11320,도봉구,a358bcc5b6e1340b2cdb6a51f05b1132,수락산시래기화덕생선구이/[한식],11,서울특별시,11350,노원구,음식,음식,한식,24
202607,dbb8a94da8d7a1a6378daf3420650965,다락원체육공원,11,서울특별시,11320,도봉구,bbd5bca1b3127ed9ad0bd9c429993cf7,샤브올데이/서울상계점,11,서울특별시,11350,노원구,음식,음식,전문음식,25
202607,dbb8a94da8d7a1a6378daf3420650965,다락원체육공원,11,서울특별시,11320,도봉구,3fbfe55f92e0e98ed1236eaab664cb68,도봉산양고기,11,서울특별시,11320,도봉구,음식,음식,한식,26
202607,dbb8a94da8d7a1a6378daf3420650965,다락원체육공원,11,서울특별시,11320,도봉구,16d0b871f424922954b7d3e87d912f2e,월드킹/노원점,11,서울특별시,11350,노원구,관광지,문화관광,테마공원,27
202607,dbb8a94da8d7a1a6378daf3420650965,다락원체육공원,11,서울특별시,11320,도봉구,8dd0e38809aa6457b8c84502f9a33111,뉴코아아울렛/강남점1관,11,서울특별시,11650,서초구,관광지,쇼핑,대형마트,28
202607,dbb8a94da8d7a1a6378daf3420650965,다락원체육공원,11,서울특별시,11320,도봉구,33c2a33bee7fdb61afd64384ece8bd04,일심해장국/방학점,11,서울특별시,11320,도봉구,음식,음식,한식,29
202607,dbb8a94da8d7a1a6378daf3420650965,다락원체육공원,11,서울특별시,11320,도봉구,c7d37b99dbae959c171e737e382b6c32,맥도날드/상일동점,11,서울특별시,11740,강동구,음식,음식,간이음식,30
202607,dbb8a94da8d7a1a6378daf3420650965,다락원체육공원,11,서울특별시,11320,도봉구,694cd144af58b87cce84065ebc9075f5,오복닭한마리/미아리본점,11,서울특별시,11305,강북구,음식,음식,한식,31
202607,dbb8a94da8d7a1a6378daf3420650965,다락원체육공원,11,서울특별시,11320,도봉구,581cde0cf4f2dadea1b5d2488ec698af,2001아울렛/중계점,11,서울특별시,11350,노원구,관광지,쇼핑,대형마트,32
202607,dbb8a94da8d7a1a6378daf3420650965,다락원체육공원,11,서울특별시,11320,도봉구,273e0e5b0ac26479b4d07c1f7be5b5a0,잠실야구장,11,서울특별시,11710,송파구,관광지,문화관광,레저스포츠시설,33
202607,dbb8a94da8d7a1a6378daf3420650965,다락원체육공원,11,서울특별시,11320,도봉구,62123ea607ac0002d7945eb92d594b8b,무수아취,11,서울특별시,11320,도봉구,숙박,숙박,캠핑,34
202607,dbb8a94da8d7a1a6378daf3420650965,다락원체육공원,11,서울특별시,11320,도봉구,545ae899cbaa1b0ef685794897974a9d,버거킹/쌍문점,11,서울특별시,11320,도봉구,음식,음식,간이음식,35
202607,dbb8a94da8d7a1a6378daf3420650965,다락원체육공원,11,서울특별시,11320,도봉구,55d0ae9752e58f4d4b96bade558e08d4,이화김치찌개,11,서울특별시,11260,중랑구,음식,음식,한식,36
202607,dbb8a94da8d7a1a6378daf3420650965,다락원체육공원,11,서울특별시,11320,도봉구,d0bf9d38c9879ba0402c43f4e39faa6d,롯데백화점/미아점,11,서울특별시,11305,강북구,관광지,쇼핑,백화점,37
202607,dbb8a94da8d7a1a6378daf3420650965,다락원체육공원,11,서울특별시,11320,도봉구,d9de2f557c12dc5c7c864760e200b5e9,두산타워,11,서울특별시,11140,중구,관광지,쇼핑,쇼핑몰,38
202607,dbb8a94da8d7a1a6378daf3420650965,다락원체육공원,11,서울특별시,11320,도봉구,27b4afa16a5ba1c8833f49dd9ce59aee,아차산배수지체육공원,11,서울특별시,11215,광진구,관광지,문화관광,도시공원,39
202607,dbb8a94da8d7a1a6378daf3420650965,다락원체육공원,11,서울특별시,11320,도봉구,4ad6b86a9bef186d71821ca7eb653589,옛골토성/도봉산점,11,서울특별시,11320,도봉구,음식,음식,전문음식,40
202607,dbb8a94da8d7a1a6378daf3420650965,다락원체육공원,11,서울특별시,11320,도봉구,79e059db7d8dac569b12c8c76c390289,중랑숲캠핑장,11,서울특별시,11260,중랑구,숙박,숙박,캠핑,41
202607,dbb8a94da8d7a1a6378daf3420650965,다락원체육공원,11,서울특별시,11320,도봉구,01c837b3b10bc83937a0f825ef91b74d,맥도날드/방학역DT점,11,서울특별시,11320,도봉구,음식,음식,간이음식,42
202607,dbb8a94da8d7a1a6378daf3420650965,다락원체육공원,11,서울특별시,11320,도봉구,5d9741883032dcb4480f497444374520,신창시장,11,서울특별시,11320,도봉구,관광지,쇼핑,시장,43
202607,dbb8a94da8d7a1a6378daf3420650965,다락원체육공원,11,서울특별시,11320,도봉구,577d99f35377236c834057a289a9bd26,콩사랑두부,11,서울특별시,11320,도봉구,음식,음식,한식,44
202607,dbb8a94da8d7a1a6378daf3420650965,다락원체육공원,11,서울특별시,11320,도봉구,1ca3c85c37a74261b3d6b522d5f55804,아웃백스테이크하우스/파스텔시티사당점,11,서울특별시,11650,서초구,음식,음식,전문음식,45
202607,dbb8a94da8d7a1a6378daf3420650965,다락원체육공원,11,서울특별시,11320,도봉구,5156369ca2bc1a8a9d480522f51c8acf,불암산스포츠타운,11,서울특별시,11350,노원구,관광지,문화관광,도시공원,46
202607,dbb8a94da8d7a1a6378daf3420650965,다락원체육공원,11,서울특별시,11320,도봉구,75ce003a675ae86b1c1abcb732a0f589,압구정찌개마을,11,서울특별시,11350,노원구,음식,음식,한식,47
202607,dbb8a94da8d7a1a6378daf3420650965,다락원체육공원,11,서울특별시,11320,도봉구,d06189467de4d07a53305ed1b94ba166,미성반점/[중식],11,서울특별시,11305,강북구,음식,음식,외국식,48
202607,dbb8a94da8d7a1a6378daf3420650965,다락원체육공원,11,서울특별시,11320,도봉구,505f1d89d61d225d9ed5f6a0f6ceea0b,스타벅스/더북한산점,11,서울특별시,11380,은평구,음식,음식,카페/찻집,49
202607,dbb8a94da8d7a1a6378daf3420650965,다락원체육공원,11,서울특별시,11320,도봉구,45ccd75cd2aa5fdaa083e4d328595a52,청담영양센터,11,서울특별시,11680,강남구,음식,음식,한식,50
202607,c7e0ea561e4c984554cd9a1072dc4c76,법종사,11,서울특별시,11320,도봉구,4a2cc1de66c5bfcf73788004431936d2,공릉쇼핑센터,11,서울특별시,11350,노원구,관광지,쇼핑,쇼핑몰,1
202607,c7e0ea561e4c984554cd9a1072dc4c76,법종사,11,서울특별시,11320,도봉구,387b1c7e1e0ba5da3bbd4b08bd6f1b1b,백채김치찌개연구소,11,서울특별시,11590,동작구,음식,음식,한식,2
202607,c7e0ea561e4c984554cd9a1072dc4c76,법종사,11,서울특별시,11320,도봉구,6beefcaf41afb569ba6dbd651f127d8c,키웨스트커피/연산군묘점,11,서울특별시,11320,도봉구,음식,음식,카페/찻집,3
202607,c7e0ea561e4c984554cd9a1072dc4c76,법종사,11,서울특별시,11320,도봉구,e685ff06aa9f4a823d32e6b7ee3f4f1d,홍능갈비집/본점,11,서울특별시,11230,동대문구,음식,음식,한식,4
202607,c7e0ea561e4c984554cd9a1072dc4c76,법종사,11,서울특별시,11320,도봉구,acab8efa7ec85d74b68950028f889de9,응순가재골수제비,11,서울특별시,11350,노원구,음식,음식,한식,5
202607,c7e0ea561e4c984554cd9a1072dc4c76,법종사,11,서울특별시,11320,도봉구,3927208d6f4bdf208c3befc14ed4b324,가든파이브툴,11,서울특별시,11710,송파구,관광지,쇼핑,쇼핑몰,6
202607,c7e0ea561e4c984554cd9a1072dc4c76,법종사,11,서울특별시,11320,도봉구,01c837b3b10bc83937a0f825ef91b74d,맥도날드/방학역DT점,11,서울특별시,11320,도봉구,음식,음식,간이음식,7
202607,c7e0ea561e4c984554cd9a1072dc4c76,법종사,11,서울특별시,11320,도봉구,b01da75cd1151236ec94b172c5c98f66,방학동도깨비시장,11,서울특별시,11320,도봉구,관광지,쇼핑,시장,8
202607,c7e0ea561e4c984554cd9a1072dc4c76,법종사,11,서울특별시,11320,도봉구,d116a07fe8f9aa9f82fd721939bf8cc1,한국미술관,11,서울특별시,11110,종로구,관광지,문화관광,전시시설,9
202607,c7e0ea561e4c984554cd9a1072dc4c76,법종사,11,서울특별시,11320,도봉구,e407ca38e58f8a1f36c143bdd0f191d5,수락산먹자골목,11,서울특별시,11350,노원구,음식,음식,음식점기타,10
202607,c7e0ea561e4c984554cd9a1072dc4c76,법종사,11,서울특별시,11320,도봉구,5ab2679fc831d22deb0d03c6f2b12d3a,현대백화점/미아점,11,서울특별시,11290,성북구,관광지,쇼핑,백화점,11
202607,c7e0ea561e4c984554cd9a1072dc4c76,법종사,11,서울특별시,11320,도봉구,937b083f9554929dadf430d4e471e851,동서울종합터미널,11,서울특별시,11215,광진구,관광지,기타관광,교통시설,12
202607,c7e0ea561e4c984554cd9a1072dc4c76,법종사,11,서울특별시,11320,도봉구,1c303b0eed3133200cf715285011b4e4,건영백화점,11,서울특별시,11350,노원구,관광지,쇼핑,백화점,13
202607,cbe8c97f99e80d18894dca65236a1d5e,불암산나비정원,11,서울특별시,11350,노원구,1c303b0eed3133200cf715285011b4e4,건영백화점,11,서울특별시,11350,노원구,관광지,쇼핑,백화점,1
202607,cbe8c97f99e80d18894dca65236a1d5e,불암산나비정원,11,서울특별시,11350,노원구,fafd33bb977b0f341a4ce19823952464,수락휴,11,서울특별시,11350,노원구,관광지,자연관광,자연공원,2
202607,cbe8c97f99e80d18894dca65236a1d5e,불암산나비정원,11,서울특별시,11350,노원구,d34425711af9833cf3017aee9e3b6df3,서울시립과학관,11,서울특별시,11350,노원구,관광지,문화관광,전시시설,3
202607,cbe8c97f99e80d18894dca65236a1d5e,불암산나비정원,11,서울특별시,11350,노원구,72d08012e8f49a495eaad22312b5eacb,벽운계곡,11,서울특별시,11350,노원구,관광지,자연관광,자연경관(산),4
202607,cbe8c97f99e80d18894dca65236a1d5e,불암산나비정원,11,서울특별시,11350,노원구,1555410999c37a880fec17c65bdd8606,롯데백화점/노원점,11,서울특별시,11350,노원구,관광지,쇼핑,백화점,5
202607,cbe8c97f99e80d18894dca65236a1d5e,불암산나비정원,11,서울특별시,11350,노원구,ab78956947b958652945272c1e385adb,노원천문우주과학관,11,서울특별시,11350,노원구,관광지,문화관광,전시시설,6
202607,cbe8c97f99e80d18894dca65236a1d5e,불암산나비정원,11,서울특별시,11350,노원구,5ab2088d3677400281535df6257b99b6,맥도날드/상계DT점,11,서울특별시,11350,노원구,음식,음식,간이음식,7
202607,cbe8c97f99e80d18894dca65236a1d5e,불암산나비정원,11,서울특별시,11350,노원구,1344eaa6ceb3c2340fa1d1d5c080e35b,카페포레스트,11,서울특별시,11350,노원구,음식,음식,카페/찻집,8
202607,cbe8c97f99e80d18894dca65236a1d5e,불암산나비정원,11,서울특별시,11350,노원구,e7cad0cdace505386e0728748b3dfee5,화랑대철도공원,11,서울특별시,11350,노원구,관광지,문화관광,도시공원,9
202607,cbe8c97f99e80d18894dca65236a1d5e,불암산나비정원,11,서울특별시,11350,노원구,1d97509dda804ea7abc88d81971a0322,북서울꿈의숲,11,서울특별시,11305,강북구,관광지,문화관광,도시공원,10
202607,cbe8c97f99e80d18894dca65236a1d5e,불암산나비정원,11,서울특별시,11350,노원구,5fd3427f56fb27d1185eb83171cbedf0,브런힐,11,서울특별시,11350,노원구,음식,음식,전문음식,11
202607,cbe8c97f99e80d18894dca65236a1d5e,불암산나비정원,11,서울특별시,11350,노원구,784971ef9a5fa38e54526c7295781559,장수마늘보쌈,11,서울특별시,11305,강북구,음식,음식,전문음식,12
202607,cbe8c97f99e80d18894dca65236a1d5e,불암산나비정원,11,서울특별시,11350,노원구,43831a3314b4d6d33c5c8e41a48c0550,피노키오냉면,11,서울특별시,11350,노원구,음식,음식,한식,13
202607,cbe8c97f99e80d18894dca65236a1d5e,불암산나비정원,11,서울특별시,11350,노원구,f17cb4c9045a028c01f9231c1c80bdc2,신가네칼국수,11,서울특별시,11350,노원구,음식,음식,한식,14
202607,cbe8c97f99e80d18894dca65236a1d5e,불암산나비정원,11,서울특별시,11350,노원구,a2ef93b440b6387d110d0f2c371078c8,정릉시장,11,서울특별시,11290,성북구,관광지,쇼핑,시장,15
202607,cbe8c97f99e80d18894dca65236a1d5e,불암산나비정원,11,서울특별시,11350,노원구,b4214513795c4119a9ab1a096a79e17c,익스프레스노원,11,서울특별시,11350,노원구,음식,음식,전문음식,16
202607,cbe8c97f99e80d18894dca65236a1d5e,불암산나비정원,11,서울특별시,11350,노원구,e58bb462dcc05d689cdf28f6ce9c440d,숟가락반상마실/[한식],11,서울특별시,11350,노원구,음식,음식,한식,17
202607,cbe8c97f99e80d18894dca65236a1d5e,불암산나비정원,11,서울특별시,11350,노원구,6f8dc605f8f1c266352f6d8caed574bc,점프,11,서울특별시,11350,노원구,관광지,문화관광,테마공원,18
202607,cbe8c97f99e80d18894dca65236a1d5e,불암산나비정원,11,서울특별시,11350,노원구,6a4932d3f2787d25a04b758ba68e9db2,어린이대공원,11,서울특별시,11215,광진구,관광지,문화관광,테마공원,19
202607,cbe8c97f99e80d18894dca65236a1d5e,불암산나비정원,11,서울특별시,11350,노원구,560a11783984457c85604f86fadf6ea8,서울생활사박물관,11,서울특별시,11350,노원구,관광지,문화관광,전시시설,20
202607,cbe8c97f99e80d18894dca65236a1d5e,불암산나비정원,11,서울특별시,11350,노원구,c54fb1bf6d11cb26d1bf0a190009dbd1,도심공항터미널/강북지점,11,서울특별시,11350,노원구,관광지,기타관광,교통시설,21
202607,cbe8c97f99e80d18894dca65236a1d5e,불암산나비정원,11,서울특별시,11350,노원구,209181f68ec04733d820e4c991f03659,고메스퀘어/서울장위월곡점,11,서울특별시,11290,성북구,음식,음식,전문음식,22
202607,cbe8c97f99e80d18894dca65236a1d5e,불암산나비정원,11,서울특별시,11350,노원구,f6510c773e75491b32dd7a9539d587da,대문한정식/[한식],11,서울특별시,11320,도봉구,음식,음식,한식,23
202607,cbe8c97f99e80d18894dca65236a1d5e,불암산나비정원,11,서울특별시,11350,노원구,d0bf9d38c9879ba0402c43f4e39faa6d,롯데백화점/미아점,11,서울특별시,11305,강북구,관광지,쇼핑,백화점,24
202607,cbe8c97f99e80d18894dca65236a1d5e,불암산나비정원,11,서울특별시,11350,노원구,36591fca3f088d7bc74f446b21d7866b,공릉본점닭한마리/본점,11,서울특별시,11350,노원구,음식,음식,한식,25
202607,cbe8c97f99e80d18894dca65236a1d5e,불암산나비정원,11,서울특별시,11350,노원구,db2ecf6a46b3e9bb8eb51054e5e1306a,버거킹/하계점,11,서울특별시,11350,노원구,음식,음식,간이음식,26
202607,cbe8c97f99e80d18894dca65236a1d5e,불암산나비정원,11,서울특별시,11350,노원구,7b942fba5f145f4c0214de39c21315a8,롯데몰/김포공항점,11,서울특별시,11500,강서구,관광지,쇼핑,쇼핑몰,27
202607,cbe8c97f99e80d18894dca65236a1d5e,불암산나비정원,11,서울특별시,11350,노원구,edd5d7d65db4dfed1671f66b2635d91b,CGV/방학,11,서울특별시,11320,도봉구,관광지,문화관광,공연시설,28
202607,cbe8c97f99e80d18894dca65236a1d5e,불암산나비정원,11,서울특별시,11350,노원구,c4119c74a433f4e94752b6d2418e8012,둘리뮤지엄,11,서울특별시,11320,도봉구,관광지,문화관광,전시시설,29
202607,cbe8c97f99e80d18894dca65236a1d5e,불암산나비정원,11,서울특별시,11350,노원구,f3e805aa5152dd56293bfbc96bc4761f,도선사,11,서울특별시,11305,강북구,관광지,역사관광,종교성지,30
202607,cbe8c97f99e80d18894dca65236a1d5e,불암산나비정원,11,서울특별시,11350,노원구,b96ced03a6a40f970cb3a428e81ea19b,롯데호텔/서울점,11,서울특별시,11140,중구,숙박,숙박,호텔,31
202607,cbe8c97f99e80d18894dca65236a1d5e,불암산나비정원,11,서울특별시,11350,노원구,82d95c514d9296a29ad882711fce4da2,풍미연,11,서울특별시,11350,노원구,음식,음식,한식,32
202607,cbe8c97f99e80d18894dca65236a1d5e,불암산나비정원,11,서울특별시,11350,노원구,14f114a2608badc0485f6c58dd4abc46,칠성해물통짬뽕/[중식],11,서울특별시,11350,노원구,음식,음식,외국식,33
202607,cbe8c97f99e80d18894dca65236a1d5e,불암산나비정원,11,서울특별시,11350,노원구,14b34991c1cfec3e6300ca6a570bf1ca,마루앤송담추어탕/월계점,11,서울특별시,11350,노원구,음식,음식,한식,34
202607,cbe8c97f99e80d18894dca65236a1d5e,불암산나비정원,11,서울특별시,11350,노원구,55d5ffb55cf3d90a4ed8e1f0660e3bae,명륜진사갈비/서울도봉산점,11,서울특별시,11320,도봉구,음식,음식,한식,35
202607,cbe8c97f99e80d18894dca65236a1d5e,불암산나비정원,11,서울특별시,11350,노원구,d224d1870c2009e4adf8e83854729a84,파운드그레도,11,서울특별시,11350,노원구,음식,음식,간이음식,36
202607,cbe8c97f99e80d18894dca65236a1d5e,불암산나비정원,11,서울특별시,11350,노원구,af1d60ef4d134b54b9af74626d886d43,불암산힐링타운,11,서울특별시,11350,노원구,관광지,문화관광,도시공원,37
202607,cbe8c97f99e80d18894dca65236a1d5e,불암산나비정원,11,서울특별시,11350,노원구,77459a452dfc0faadd1d1f212fe2bb98,맥도날드/서울태릉입구역DT점,11,서울특별시,11350,노원구,음식,음식,간이음식,38
202607,cbe8c97f99e80d18894dca65236a1d5e,불암산나비정원,11,서울특별시,11350,노원구,7adc033cf9a01805a97482ab17c089bd,스타벅스/은행사거리점,11,서울특별시,11350,노원구,음식,음식,카페/찻집,39
202607,cbe8c97f99e80d18894dca65236a1d5e,불암산나비정원,11,서울특별시,11350,노원구,44fdf5b0786c46ca10e4a8970eeafcdb,옹기꽃게장,11,서울특별시,11320,도봉구,음식,음식,전문음식,40
202607,cbe8c97f99e80d18894dca65236a1d5e,불암산나비정원,11,서울특별시,11350,노원구,afa99216d5aa098ce76f4c159f6ab130,씨즌서울바이홍신애,11,서울특별시,11350,노원구,음식,음식,한식,41
202607,cbe8c97f99e80d18894dca65236a1d5e,불암산나비정원,11,서울특별시,11350,노원구,338465f7e5d05aac84c6a6c8c07af599,전민규의황제누룽지탕/노원직영점,11,서울특별시,11350,노원구,음식,음식,한식,42
202607,cbe8c97f99e80d18894dca65236a1d5e,불암산나비정원,11,서울특별시,11350,노원구,33541cda2fc91bd9ecd62febd4d81464,더숲아카데미하우스,11,서울특별시,11305,강북구,관광지,문화관광,기타문화관광지,43
202607,cbe8c97f99e80d18894dca65236a1d5e,불암산나비정원,11,서울특별시,11350,노원구,aeac937430a7dcb2f99dc7ebf97caa8e,정성자반,11,서울특별시,11260,중랑구,음식,음식,한식,44
202607,cbe8c97f99e80d18894dca65236a1d5e,불암산나비정원,11,서울특별시,11350,노원구,c81ecc857370f01c5dd7e40361e508c9,빈스링,11,서울특별시,11350,노원구,음식,음식,카페/찻집,45
202607,cbe8c97f99e80d18894dca65236a1d5e,불암산나비정원,11,서울특별시,11350,노원구,979a4d9f9f712fb8a775506828415a60,북서울꿈의숲아트센터,11,서울특별시,11305,강북구,관광지,문화관광,공연시설,46
202607,cbe8c97f99e80d18894dca65236a1d5e,불암산나비정원,11,서울특별시,11350,노원구,fa34200015ce4499ba2393e376d26ffc,다이닝원/청량리점,11,서울특별시,11230,동대문구,음식,음식,전문음식,47
202607,cbe8c97f99e80d18894dca65236a1d5e,불암산나비정원,11,서울특별시,11350,노원구,9fe2ad0ccacbd597eee5bd5e24e84d2e,맛닭꼬/도봉힐스테이트점,11,서울특별시,11320,도봉구,음식,음식,간이음식,48
202607,cbe8c97f99e80d18894dca65236a1d5e,불암산나비정원,11,서울특별시,11350,노원구,fca98da10a8cbb5aa0ce10b9daaa4efe,제일콩집,11,서울특별시,11350,노원구,음식,음식,한식,49
202607,cbe8c97f99e80d18894dca65236a1d5e,불암산나비정원,11,서울특별시,11350,노원구,5b41b57a08ee258e7e8ccea0676dd6e6,수락산당고개지구공원,11,서울특별시,11350,노원구,관광지,문화관광,도시공원,50
202607,865b5ae2d20ba28823213c984d2dd4a9,도안사,11,서울특별시,11350,노원구,27e908665fa400685bad4f7200c6f32b,더케이호텔/서울,11,서울특별시,11650,서초구,숙박,숙박,호텔,1
202607,865b5ae2d20ba28823213c984d2dd4a9,도안사,11,서울특별시,11350,노원구,1c303b0eed3133200cf715285011b4e4,건영백화점,11,서울특별시,11350,노원구,관광지,쇼핑,백화점,2
202607,560a11783984457c85604f86fadf6ea8,서울생활사박물관,11,서울특별시,11350,노원구,8ac8842e8c6b6842dd1975cb77b53595,노원기차마을,11,서울특별시,11350,노원구,관광지,문화관광,전시시설,1
202607,560a11783984457c85604f86fadf6ea8,서울생활사박물관,11,서울특별시,11350,노원구,64d33643168aaebfabb468b5eee366fa,서울시립북서울미술관,11,서울특별시,11350,노원구,관광지,문화관광,전시시설,2
202607,560a11783984457c85604f86fadf6ea8,서울생활사박물관,11,서울특별시,11350,노원구,d34425711af9833cf3017aee9e3b6df3,서울시립과학관,11,서울특별시,11350,노원구,관광지,문화관광,전시시설,3
202607,560a11783984457c85604f86fadf6ea8,서울생활사박물관,11,서울특별시,11350,노원구,d224d1870c2009e4adf8e83854729a84,파운드그레도,11,서울특별시,11350,노원구,음식,음식,간이음식,4
202607,560a11783984457c85604f86fadf6ea8,서울생활사박물관,11,서울특별시,11350,노원구,1555410999c37a880fec17c65bdd8606,롯데백화점/노원점,11,서울특별시,11350,노원구,관광지,쇼핑,백화점,5
202607,560a11783984457c85604f86fadf6ea8,서울생활사박물관,11,서울특별시,11350,노원구,25c8763d77a3bb57ce9914c5d5940176,에스팩토리/B동,11,서울특별시,11200,성동구,관광지,문화관광,기타문화관광지,6
202607,560a11783984457c85604f86fadf6ea8,서울생활사박물관,11,서울특별시,11350,노원구,3873ae51079bbf2bbcec9f87fb4ca0c5,한성백제박물관,11,서울특별시,11710,송파구,관광지,문화관광,전시시설,7
202607,560a11783984457c85604f86fadf6ea8,서울생활사박물관,11,서울특별시,11350,노원구,4e54a616c5958e3e9c5912bf0a3f7617,준치킨/수유점,11,서울특별시,11305,강북구,음식,음식,간이음식,8
202607,560a11783984457c85604f86fadf6ea8,서울생활사박물관,11,서울특별시,11350,노원구,d3725c0f1cb9d033f7ef0940c590c258,제주식당,11,서울특별시,11170,용산구,음식,음식,한식,9
202607,560a11783984457c85604f86fadf6ea8,서울생활사박물관,11,서울특별시,11350,노원구,02f37930a4ca638e30699f33f5d6a53b,서울시립사진미술관,11,서울특별시,11320,도봉구,관광지,문화관광,전시시설,10
202607,560a11783984457c85604f86fadf6ea8,서울생활사박물관,11,서울특별시,11350,노원구,8fea67fd8952676268f2d1d0be1df428,한국영화박물관,11,서울특별시,11440,마포구,관광지,문화관광,전시시설,11
202607,560a11783984457c85604f86fadf6ea8,서울생활사박물관,11,서울특별시,11350,노원구,01f480762797c3df00a9b380b52f6306,무봉리토종순대국/공릉역점,11,서울특별시,11350,노원구,음식,음식,한식,12
202607,560a11783984457c85604f86fadf6ea8,서울생활사박물관,11,서울특별시,11350,노원구,32ab09fc2bcbf9ef86e636a547792a8d,수도박물관,11,서울특별시,11200,성동구,관광지,문화관광,전시시설,13
202607,560a11783984457c85604f86fadf6ea8,서울생활사박물관,11,서울특별시,11350,노원구,cbe8c97f99e80d18894dca65236a1d5e,불암산나비정원,11,서울특별시,11350,노원구,관광지,기타관광,기타관광,14
202607,560a11783984457c85604f86fadf6ea8,서울생활사박물관,11,서울특별시,11350,노원구,6d580d274e33ea8c4dd3b62443b05416,DDP패션몰,11,서울특별시,11140,중구,관광지,쇼핑,쇼핑몰,15
202607,560a11783984457c85604f86fadf6ea8,서울생활사박물관,11,서울특별시,11350,노원구,303e061a253a591246fbd0156f0dad12,신세계센트럴시티터미널/호남선,11,서울특별시,11650,서초구,관광지,기타관광,교통시설,16
202607,560a11783984457c85604f86fadf6ea8,서울생활사박물관,11,서울특별시,11350,노원구,1d1bebfa5a9fc30a58cda0994f0dc1c7,메이탄더블랙/압구정점 [중식],11,서울특별시,11680,강남구,음식,음식,외국식,17
202607,560a11783984457c85604f86fadf6ea8,서울생활사박물관,11,서울특별시,11350,노원구,a7dc6ad80beb0009dff5f6aac7070545,신토불이떡볶이/본점,11,서울특별시,11215,광진구,음식,음식,간이음식,18
202607,560a11783984457c85604f86fadf6ea8,서울생활사박물관,11,서울특별시,11350,노원구,05d6ae517d27823d3d12285462c89c2d,맥도날드/미아역점,11,서울특별시,11305,강북구,음식,음식,간이음식,19
202607,560a11783984457c85604f86fadf6ea8,서울생활사박물관,11,서울특별시,11350,노원구,2d5d99c8da26fdf8fb769798664718b2,송추가마골/은평1호점,11,서울특별시,11380,은평구,음식,음식,한식,20
202607,560a11783984457c85604f86fadf6ea8,서울생활사박물관,11,서울특별시,11350,노원구,72052bd332dcb27c72a17ad8b6cf960a,국립현대미술관/서울관,11,서울특별시,11110,종로구,관광지,문화관광,전시시설,21
202607,560a11783984457c85604f86fadf6ea8,서울생활사박물관,11,서울특별시,11350,노원구,01953653a8a2e279ecab3087df280fd2,아이파크몰/용산점,11,서울특별시,11170,용산구,관광지,쇼핑,백화점,22
202607,560a11783984457c85604f86fadf6ea8,서울생활사박물관,11,서울특별시,11350,노원구,343a1733879e0415cf1364d64f390ff7,스타벅스/공릉DT점,11,서울특별시,11350,노원구,음식,음식,카페/찻집,23
202607,560a11783984457c85604f86fadf6ea8,서울생활사박물관,11,서울특별시,11350,노원구,d06189467de4d07a53305ed1b94ba166,미성반점/[중식],11,서울특별시,11305,강북구,음식,음식,외국식,24
202607,560a11783984457c85604f86fadf6ea8,서울생활사박물관,11,서울특별시,11350,노원구,994ea2045cada9982f314d99f774d20b,베베쿠아,11,서울특별시,11350,노원구,관광지,문화관광,테마공원,25
202607,560a11783984457c85604f86fadf6ea8,서울생활사박물관,11,서울특별시,11350,노원구,663812baab148b85709469f78cda63a0,영미오리탕,11,서울특별시,11215,광진구,음식,음식,한식,26
202607,560a11783984457c85604f86fadf6ea8,서울생활사박물관,11,서울특별시,11350,노원구,2790ba115f8b2dbf084e22bf3e83f031,애슐리퀸즈/이마트월계점,11,서울특별시,11350,노원구,음식,음식,전문음식,27
202607,560a11783984457c85604f86fadf6ea8,서울생활사박물관,11,서울특별시,11350,노원구,c758b19e41fbd8b67f557a20f9c4b7bd,노원수학문화관,11,서울특별시,11350,노원구,관광지,체험관광,체험관광기타,28
202607,560a11783984457c85604f86fadf6ea8,서울생활사박물관,11,서울특별시,11350,노원구,535be2e4ffdcb36c3f334b36cba4d4c6,투썸플레이스/신내점,11,서울특별시,11260,중랑구,음식,음식,카페/찻집,29
202607,560a11783984457c85604f86fadf6ea8,서울생활사박물관,11,서울특별시,11350,노원구,5ab2088d3677400281535df6257b99b6,맥도날드/상계DT점,11,서울특별시,11350,노원구,음식,음식,간이음식,30
202607,560a11783984457c85604f86fadf6ea8,서울생활사박물관,11,서울특별시,11350,노원구,5c975b592e890b8b5160574052c21ce9,당고개실내배드민턴장,11,서울특별시,11350,노원구,관광지,레저스포츠,기타레저스포츠,31
202607,560a11783984457c85604f86fadf6ea8,서울생활사박물관,11,서울특별시,11350,노원구,7413592f5ac37e38d9a557c9872eb497,포시즌스호텔/서울,11,서울특별시,11110,종로구,숙박,숙박,호텔,32
202607,560a11783984457c85604f86fadf6ea8,서울생활사박물관,11,서울특별시,11350,노원구,b4214513795c4119a9ab1a096a79e17c,익스프레스노원,11,서울특별시,11350,노원구,음식,음식,전문음식,33
202607,560a11783984457c85604f86fadf6ea8,서울생활사박물관,11,서울특별시,11350,노원구,ff4dd8c8e306c54cf812d18e0d770820,스케줄/성수,11,서울특별시,11200,성동구,음식,음식,전문음식,34
202607,560a11783984457c85604f86fadf6ea8,서울생활사박물관,11,서울특별시,11350,노원구,0afff1bf8916384db83e193c9db2c198,보메베이커리,11,서울특별시,11140,중구,음식,음식,간이음식,35
202607,560a11783984457c85604f86fadf6ea8,서울생활사박물관,11,서울특별시,11350,노원구,f000c610cf3bec258adce09f0b62f067,CGV/건대입구,11,서울특별시,11215,광진구,관광지,문화관광,공연시설,36
202607,560a11783984457c85604f86fadf6ea8,서울생활사박물관,11,서울특별시,11350,노원구,979a4d9f9f712fb8a775506828415a60,북서울꿈의숲아트센터,11,서울특별시,11305,강북구,관광지,문화관광,공연시설,37
202607,560a11783984457c85604f86fadf6ea8,서울생활사박물관,11,서울특별시,11350,노원구,e474a33dfa5141a0c84103d2e042c67a,태릉풍천장어,11,서울특별시,11350,노원구,음식,음식,전문음식,38
202607,560a11783984457c85604f86fadf6ea8,서울생활사박물관,11,서울특별시,11350,노원구,42103c4a2a994eb02e8583176de9b4d6,낙원떡집,11,서울특별시,11110,종로구,음식,음식,간이음식,39
202607,560a11783984457c85604f86fadf6ea8,서울생활사박물관,11,서울특별시,11350,노원구,915c412927b2c99a3007030e4a4c77f6,서울성북미디어문화마루,11,서울특별시,11290,성북구,관광지,문화관광,기타문화관광지,40
202607,560a11783984457c85604f86fadf6ea8,서울생활사박물관,11,서울특별시,11350,노원구,fca98da10a8cbb5aa0ce10b9daaa4efe,제일콩집,11,서울특별시,11350,노원구,음식,음식,한식,41
202607,560a11783984457c85604f86fadf6ea8,서울생활사박물관,11,서울특별시,11350,노원구,d0bf9d38c9879ba0402c43f4e39faa6d,롯데백화점/미아점,11,서울특별시,11305,강북구,관광지,쇼핑,백화점,42
202607,560a11783984457c85604f86fadf6ea8,서울생활사박물관,11,서울특별시,11350,노원구,4f7b56aaee78410f20a2b9ae7a0de162,가락동농수산물도매시장,11,서울특별시,11710,송파구,관광지,쇼핑,시장,43
202607,560a11783984457c85604f86fadf6ea8,서울생활사박물관,11,서울특별시,11350,노원구,0d70150bf87a659c8c0271d7f8db423b,우리집곱창/본점,11,서울특별시,11350,노원구,음식,음식,전문음식,44
202607,560a11783984457c85604f86fadf6ea8,서울생활사박물관,11,서울특별시,11350,노원구,1ca86aa909cbad8410cfdf24e9d9ea43,훼미리손칼국수보쌈,11,서울특별시,11200,성동구,음식,음식,한식,45
202607,560a11783984457c85604f86fadf6ea8,서울생활사박물관,11,서울특별시,11350,노원구,51211bfa414cf5f1912305040e292f52,더리버몰,11,서울특별시,11740,강동구,관광지,쇼핑,쇼핑몰,46
202607,560a11783984457c85604f86fadf6ea8,서울생활사박물관,11,서울특별시,11350,노원구,091c165f0c1e1a756edb723cb990c8cf,금왕돈까스,11,서울특별시,11290,성북구,음식,음식,전문음식,47
202607,560a11783984457c85604f86fadf6ea8,서울생활사박물관,11,서울특별시,11350,노원구,666decfe99780bb1046fd1bb6f76f965,롯데백화점/청량리점,11,서울특별시,11230,동대문구,관광지,쇼핑,백화점,48
202607,4dbcacc473c23c7d0d5bd5ab76c77286,피노파밀리아,11,서울특별시,11350,노원구,343a1733879e0415cf1364d64f390ff7,스타벅스/공릉DT점,11,서울특별시,11350,노원구,음식,음식,카페/찻집,1
202607,4dbcacc473c23c7d0d5bd5ab76c77286,피노파밀리아,11,서울특별시,11350,노원구,64e7ed6f6d22fccf9169eb9f08c8ec6f,그레도제빵사,11,서울특별시,11290,성북구,음식,음식,카페/찻집,2
202607,4dbcacc473c23c7d0d5bd5ab76c77286,피노파밀리아,11,서울특별시,11350,노원구,1555410999c37a880fec17c65bdd8606,롯데백화점/노원점,11,서울특별시,11350,노원구,관광지,쇼핑,백화점,3
202607,4dbcacc473c23c7d0d5bd5ab76c77286,피노파밀리아,11,서울특별시,11350,노원구,35e464c22bee1da5c6c4e023fac67ee3,롯데시네마/노원,11,서울특별시,11350,노원구,관광지,문화관광,공연시설,4
202607,4dbcacc473c23c7d0d5bd5ab76c77286,피노파밀리아,11,서울특별시,11350,노원구,7ff61f4b541930df88fd1e7f27f431d5,온더풋볼클럽,11,서울특별시,11290,성북구,관광지,레저스포츠,기타레저스포츠,5
202607,0dbd06a951bc9bad4fe1a88433064c08,은평한옥마을,11,서울특별시,11380,은평구,505f1d89d61d225d9ed5f6a0f6ceea0b,스타벅스/더북한산점,11,서울특별시,11380,은평구,음식,음식,카페/찻집,1
202607,0dbd06a951bc9bad4fe1a88433064c08,은평한옥마을,11,서울특별시,11380,은평구,32c08c2dec398552104b890eea80fb78,밀가원,11,서울특별시,11380,은평구,음식,음식,한식,2
202607,0dbd06a951bc9bad4fe1a88433064c08,은평한옥마을,11,서울특별시,11380,은평구,f7882675350a7de4ebb9a05804a922be,롯데몰/은평점,11,서울특별시,11380,은평구,관광지,쇼핑,쇼핑몰,3
202607,0dbd06a951bc9bad4fe1a88433064c08,은평한옥마을,11,서울특별시,11380,은평구,42eaa57b48549bc6c48d6377a40419d5,광장시장,11,서울특별시,11110,종로구,관광지,쇼핑,시장,4
202607,0dbd06a951bc9bad4fe1a88433064c08,은평한옥마을,11,서울특별시,11380,은평구,76a29cd7234631f9fe4d0aa108a7c92c,송추가마골/은평2호점,11,서울특별시,11380,은평구,음식,음식,한식,5
202607,0dbd06a951bc9bad4fe1a88433064c08,은평한옥마을,11,서울특별시,11380,은평구,0eb8c33f45214955f0b2e65be0779671,NC백화점/불광점,11,서울특별시,11380,은평구,관광지,쇼핑,백화점,6
202607,0dbd06a951bc9bad4fe1a88433064c08,은평한옥마을,11,서울특별시,11380,은평구,566484a184fa811cf5eee2a5846f3700,홍익돈까스/은평점,11,서울특별시,11380,은평구,음식,음식,전문음식,7
202607,0dbd06a951bc9bad4fe1a88433064c08,은평한옥마을,11,서울특별시,11380,은평구,e3aeba176ab9f060158d40c0cbbbefa4,북한산숯불닭갈비&돼지갈비,11,서울특별시,11380,은평구,음식,음식,한식,8
202607,0dbd06a951bc9bad4fe1a88433064c08,은평한옥마을,11,서울특별시,11380,은평구,35b40620245d33f92227e62f5d890917,진관사,11,서울특별시,11380,은평구,관광지,역사관광,종교성지,9
202607,0dbd06a951bc9bad4fe1a88433064c08,은평한옥마을,11,서울특별시,11380,은평구,6c6e16a196c4ccddbd0f7c61a86f16d3,삼천사,11,서울특별시,11380,은평구,관광지,역사관광,종교성지,10
202607,0dbd06a951bc9bad4fe1a88433064c08,은평한옥마을,11,서울특별시,11380,은평구,d33c13ffda45959f62863fabc12896b4,망원시장,11,서울특별시,11440,마포구,관광지,쇼핑,시장,11
202607,0dbd06a951bc9bad4fe1a88433064c08,은평한옥마을,11,서울특별시,11380,은평구,0a69b7d2a7d684f05b1dd06ee88cc29f,연서시장,11,서울특별시,11380,은평구,관광지,쇼핑,시장,12
202607,0dbd06a951bc9bad4fe1a88433064c08,은평한옥마을,11,서울특별시,11380,은평구,ac364ac5b7a88c24c39f1ecd406a7970,더현대/서울,11,서울특별시,11560,영등포구,관광지,쇼핑,백화점,13
202607,0dbd06a951bc9bad4fe1a88433064c08,은평한옥마을,11,서울특별시,11380,은평구,5dd3af08d922427e1f77e6717d74af0e,탕면/[중식],11,서울특별시,11380,은평구,음식,음식,외국식,14
202607,0dbd06a951bc9bad4fe1a88433064c08,은평한옥마을,11,서울특별시,11380,은평구,48d711bc1a903d95d891501dd96cdf06,경복궁,11,서울특별시,11110,종로구,관광지,역사관광,역사유적지,15
202607,0dbd06a951bc9bad4fe1a88433064c08,은평한옥마을,11,서울특별시,11380,은평구,19fb30179dbc546c08d1172b2e6ecd07,롯데영플라자/명동점 공사중(2026년오픈예정),11,서울특별시,11140,중구,관광지,쇼핑,백화점,16
202607,0dbd06a951bc9bad4fe1a88433064c08,은평한옥마을,11,서울특별시,11380,은평구,090409df97c9baea17ab3403240e1d07,송가네감자탕/본점,11,서울특별시,11440,마포구,음식,음식,한식,17
202607,0dbd06a951bc9bad4fe1a88433064c08,은평한옥마을,11,서울특별시,11380,은평구,f9bf438056e810e3d1996c4dc1d50625,북한산시래기화덕생선구이,11,서울특별시,11380,은평구,음식,음식,한식,18
202607,0dbd06a951bc9bad4fe1a88433064c08,은평한옥마을,11,서울특별시,11380,은평구,f448b6cfdcab28cbefb78f4cc22db167,카페309,11,서울특별시,11380,은평구,음식,음식,카페/찻집,19
202607,0dbd06a951bc9bad4fe1a88433064c08,은평한옥마을,11,서울특별시,11380,은평구,38406bdfd5ea189ac93efbbc610b3924,청류/은평한옥마을점,11,서울특별시,11380,은평구,음식,음식,한식,20
202607,0dbd06a951bc9bad4fe1a88433064c08,은평한옥마을,11,서울특별시,11380,은평구,1fd766da2ba48ead5364fa9b75cd69f3,한국도심공항,11,서울특별시,11680,강남구,관광지,기타관광,교통시설,21
202607,0dbd06a951bc9bad4fe1a88433064c08,은평한옥마을,11,서울특별시,11380,은평구,eae638a0117eda42a27a586f77cc0cd3,반포한강공원,11,서울특별시,11650,서초구,관광지,문화관광,도시공원,22
202607,0dbd06a951bc9bad4fe1a88433064c08,은평한옥마을,11,서울특별시,11380,은평구,4f5e06b119b423a0e70f5267f6b43957,가야밀냉면해물칼국수/본점,11,서울특별시,11380,은평구,음식,음식,한식,23
202607,0dbd06a951bc9bad4fe1a88433064c08,은평한옥마을,11,서울특별시,11380,은평구,1facbfcd79c40a4f9d6c3e441f89f798,옥류헌릴렉스,11,서울특별시,11305,강북구,음식,음식,카페/찻집,24
202607,0dbd06a951bc9bad4fe1a88433064c08,은평한옥마을,11,서울특별시,11380,은평구,decd8a7f03165f076e2a025bc74be29c,희작,11,서울특별시,11110,종로구,음식,음식,카페/찻집,25
202607,0dbd06a951bc9bad4fe1a88433064c08,은평한옥마을,11,서울특별시,11380,은평구,adc9f929610c6f79b14fd7ea50963a3b,CGV/불광,11,서울특별시,11380,은평구,관광지,문화관광,공연시설,26
202607,0dbd06a951bc9bad4fe1a88433064c08,은평한옥마을,11,서울특별시,11380,은평구,3c49e8d6a4e153ce15a008257d8aca29,연희동칼국수/본점,11,서울특별시,11410,서대문구,음식,음식,한식,27
202607,0dbd06a951bc9bad4fe1a88433064c08,은평한옥마을,11,서울특별시,11380,은평구,f46dcf6e14af81803afacfe80606390d,퍼시픽호텔,11,서울특별시,11140,중구,숙박,숙박,호텔,28
202607,0dbd06a951bc9bad4fe1a88433064c08,은평한옥마을,11,서울특별시,11380,은평구,b708a7a4028a4d59ccc5e7acdde06637,신세계백화점/본점더리저브,11,서울특별시,11140,중구,관광지,쇼핑,백화점,29
202607,0dbd06a951bc9bad4fe1a88433064c08,은평한옥마을,11,서울특별시,11380,은평구,79df877bdf5c79a7c30ed697c542b575,광화문,11,서울특별시,11110,종로구,관광지,역사관광,역사유적지,30
202607,0dbd06a951bc9bad4fe1a88433064c08,은평한옥마을,11,서울특별시,11380,은평구,86e3dbf0e05c0ae47d0a32bad7342e37,만포면옥/본점,11,서울특별시,11380,은평구,음식,음식,한식,31
202607,0dbd06a951bc9bad4fe1a88433064c08,은평한옥마을,11,서울특별시,11380,은평구,c322b4b6a76582fccbeb0063b1cde8ee,을밀대/본점,11,서울특별시,11440,마포구,음식,음식,한식,32
202607,0dbd06a951bc9bad4fe1a88433064c08,은평한옥마을,11,서울특별시,11380,은평구,11c2ade655230375709c9bb37e65d956,스타벅스/진관DT점,11,서울특별시,11380,은평구,음식,음식,카페/찻집,33
202607,0dbd06a951bc9bad4fe1a88433064c08,은평한옥마을,11,서울특별시,11380,은평구,32738657fbb35a078a56bb4a4968b926,스타벅스/구파발역점,11,서울특별시,11380,은평구,음식,음식,카페/찻집,34
202607,0dbd06a951bc9bad4fe1a88433064c08,은평한옥마을,11,서울특별시,11380,은평구,7607909c439cdcf7b44020709912c456,호텔브릿지,11,서울특별시,11560,영등포구,숙박,숙박,호텔,35
202607,0dbd06a951bc9bad4fe1a88433064c08,은평한옥마을,11,서울특별시,11380,은평구,054b3899f465ac2823cffd7b7e69fa8b,리움미술관/M1,11,서울특별시,11170,용산구,관광지,문화관광,전시시설,36
202607,0dbd06a951bc9bad4fe1a88433064c08,은평한옥마을,11,서울특별시,11380,은평구,329aaeced44e8f28ad8eb1755ef3a05e,설참치,11,서울특별시,11380,은평구,음식,음식,전문음식,37
202607,0dbd06a951bc9bad4fe1a88433064c08,은평한옥마을,11,서울특별시,11380,은평구,c62f15f0ae2581070ebd46f6bd911802,달빛에구운고등어/은평뉴타운점,11,서울특별시,11380,은평구,음식,음식,한식,38
202607,0dbd06a951bc9bad4fe1a88433064c08,은평한옥마을,11,서울특별시,11380,은평구,d43bec987a06205c72c8f924d7a336b5,삼청각,11,서울특별시,11290,성북구,관광지,문화관광,기타문화관광지,39
202607,0dbd06a951bc9bad4fe1a88433064c08,은평한옥마을,11,서울특별시,11380,은평구,7fff600c92f71e7327be0b27bd928f61,무구옥,11,서울특별시,11110,종로구,음식,음식,한식,40
202607,0dbd06a951bc9bad4fe1a88433064c08,은평한옥마을,11,서울특별시,11380,은평구,8c43b2191ecdc2f33386ac007b0f1df1,백년토종삼계탕/본점,11,서울특별시,11440,마포구,음식,음식,한식,41
202607,0dbd06a951bc9bad4fe1a88433064c08,은평한옥마을,11,서울특별시,11380,은평구,fe31ad86e45e955a073ccff5aed465c2,이랜드크루즈/여의도선착장,11,서울특별시,11560,영등포구,관광지,기타관광,교통시설,42
202607,0dbd06a951bc9bad4fe1a88433064c08,은평한옥마을,11,서울특별시,11380,은평구,7093490ccab1bbdf3a1a4023eb8fe1bd,용산역,11,서울특별시,11170,용산구,관광지,기타관광,교통시설,43
202607,0dbd06a951bc9bad4fe1a88433064c08,은평한옥마을,11,서울특별시,11380,은평구,0a1ce1c3edf210408700cc3c81c6ac0e,북악스카이웨이,11,서울특별시,11110,종로구,관광지,기타관광,데이트코스,44
202607,0dbd06a951bc9bad4fe1a88433064c08,은평한옥마을,11,서울특별시,11380,은평구,887e803ab32c6846b42878f3ef9371e9,한국기독교역사문화관,11,서울특별시,11380,은평구,관광지,문화관광,전시시설,45
202607,0dbd06a951bc9bad4fe1a88433064c08,은평한옥마을,11,서울특별시,11380,은평구,8e807b3965f968e95cc8821787a1a5f7,수국사,11,서울특별시,11380,은평구,관광지,역사관광,종교성지,46
202607,0dbd06a951bc9bad4fe1a88433064c08,은평한옥마을,11,서울특별시,11380,은평구,19231c658478e6f839b87d8592f80663,고봉삼계탕/여의도점,11,서울특별시,11560,영등포구,음식,음식,한식,47
202607,0dbd06a951bc9bad4fe1a88433064c08,은평한옥마을,11,서울특별시,11380,은평구,b9c9b1d4867675457df93eb7b3e1580e,스탠포드호텔/명동,11,서울특별시,11140,중구,숙박,숙박,호텔,48
202607,0dbd06a951bc9bad4fe1a88433064c08,은평한옥마을,11,서울특별시,11380,은평구,925f09ae685e515fe5525a8fecd97deb,롯데백화점/관악점,11,서울특별시,11590,동작구,관광지,쇼핑,백화점,49
202607,0dbd06a951bc9bad4fe1a88433064c08,은평한옥마을,11,서울특별시,11380,은평구,8f1fc218c06226be8273a0748c68277c,창덕궁,11,서울특별시,11110,종로구,관광지,역사관광,역사유적지,50
202607,6c6e16a196c4ccddbd0f7c61a86f16d3,삼천사,11,서울특별시,11380,은평구,35b40620245d33f92227e62f5d890917,진관사,11,서울특별시,11380,은평구,관광지,역사관광,종교성지,1
202607,6c6e16a196c4ccddbd0f7c61a86f16d3,삼천사,11,서울특별시,11380,은평구,505f1d89d61d225d9ed5f6a0f6ceea0b,스타벅스/더북한산점,11,서울특별시,11380,은평구,음식,음식,카페/찻집,2
202607,6c6e16a196c4ccddbd0f7c61a86f16d3,삼천사,11,서울특별시,11380,은평구,4f5e06b119b423a0e70f5267f6b43957,가야밀냉면해물칼국수/본점,11,서울특별시,11380,은평구,음식,음식,한식,3
202607,6c6e16a196c4ccddbd0f7c61a86f16d3,삼천사,11,서울특별시,11380,은평구,38406bdfd5ea189ac93efbbc610b3924,청류/은평한옥마을점,11,서울특별시,11380,은평구,음식,음식,한식,4
202607,6c6e16a196c4ccddbd0f7c61a86f16d3,삼천사,11,서울특별시,11380,은평구,f7882675350a7de4ebb9a05804a922be,롯데몰/은평점,11,서울특별시,11380,은평구,관광지,쇼핑,쇼핑몰,5
202607,6c6e16a196c4ccddbd0f7c61a86f16d3,삼천사,11,서울특별시,11380,은평구,9dac72fa7ebfaa2eca0d9f9e4e8ddcff,팔각정북악스카이,11,서울특별시,11110,종로구,관광지,문화관광,랜드마크관광,6
202607,6c6e16a196c4ccddbd0f7c61a86f16d3,삼천사,11,서울특별시,11380,은평구,0dbd06a951bc9bad4fe1a88433064c08,은평한옥마을,11,서울특별시,11380,은평구,관광지,역사관광,역사유적지,7
202607,6c6e16a196c4ccddbd0f7c61a86f16d3,삼천사,11,서울특별시,11380,은평구,0eb8c33f45214955f0b2e65be0779671,NC백화점/불광점,11,서울특별시,11380,은평구,관광지,쇼핑,백화점,8
202607,6c6e16a196c4ccddbd0f7c61a86f16d3,삼천사,11,서울특별시,11380,은평구,a181a5df5c37ab171374fdebc74b9f38,산들애건강밥상,11,서울특별시,11380,은평구,음식,음식,한식,9
202607,6c6e16a196c4ccddbd0f7c61a86f16d3,삼천사,11,서울특별시,11380,은평구,76a29cd7234631f9fe4d0aa108a7c92c,송추가마골/은평2호점,11,서울특별시,11380,은평구,음식,음식,한식,10
202607,6c6e16a196c4ccddbd0f7c61a86f16d3,삼천사,11,서울특별시,11380,은평구,9ba56a5dca674cd742cbe09ebde3be4d,스페이스헬레나,11,서울특별시,11380,은평구,음식,음식,카페/찻집,11
202607,6c6e16a196c4ccddbd0f7c61a86f16d3,삼천사,11,서울특별시,11380,은평구,f9bf438056e810e3d1996c4dc1d50625,북한산시래기화덕생선구이,11,서울특별시,11380,은평구,음식,음식,한식,12
202607,6c6e16a196c4ccddbd0f7c61a86f16d3,삼천사,11,서울특별시,11380,은평구,566484a184fa811cf5eee2a5846f3700,홍익돈까스/은평점,11,서울특별시,11380,은평구,음식,음식,전문음식,13
202607,6c6e16a196c4ccddbd0f7c61a86f16d3,삼천사,11,서울특별시,11380,은평구,f3e805aa5152dd56293bfbc96bc4761f,도선사,11,서울특별시,11305,강북구,관광지,역사관광,종교성지,14
202607,6c6e16a196c4ccddbd0f7c61a86f16d3,삼천사,11,서울특별시,11380,은평구,4647a7186478062a4d49e528c2af21ce,화계사,11,서울특별시,11305,강북구,관광지,역사관광,종교성지,15
202607,6c6e16a196c4ccddbd0f7c61a86f16d3,삼천사,11,서울특별시,11380,은평구,11c2ade655230375709c9bb37e65d956,스타벅스/진관DT점,11,서울특별시,11380,은평구,음식,음식,카페/찻집,16
202607,6c6e16a196c4ccddbd0f7c61a86f16d3,삼천사,11,서울특별시,11380,은평구,2d5d99c8da26fdf8fb769798664718b2,송추가마골/은평1호점,11,서울특별시,11380,은평구,음식,음식,한식,17
202607,6c6e16a196c4ccddbd0f7c61a86f16d3,삼천사,11,서울특별시,11380,은평구,8a3b7f20292d482b175f749a7dbedeae,1인1상,11,서울특별시,11380,은평구,음식,음식,전문음식,18
202607,6c6e16a196c4ccddbd0f7c61a86f16d3,삼천사,11,서울특별시,11380,은평구,8ee3c84e11080d5049b93a99c27e2145,공항칼국수,11,서울특별시,11500,강서구,음식,음식,한식,19
202607,6c6e16a196c4ccddbd0f7c61a86f16d3,삼천사,11,서울특별시,11380,은평구,3c47565d97e1f2043c52a5b57303bd0e,연화사,11,서울특별시,11380,은평구,관광지,역사관광,종교성지,20
202607,6c6e16a196c4ccddbd0f7c61a86f16d3,삼천사,11,서울특별시,11380,은평구,ad2ec77832060f33910b5c6594993f09,넷길이콩나물국밥/은평본점,11,서울특별시,11380,은평구,음식,음식,한식,21
202607,6c6e16a196c4ccddbd0f7c61a86f16d3,삼천사,11,서울특별시,11380,은평구,7413592f5ac37e38d9a557c9872eb497,포시즌스호텔/서울,11,서울특별시,11110,종로구,숙박,숙박,호텔,22
202607,6c6e16a196c4ccddbd0f7c61a86f16d3,삼천사,11,서울특별시,11380,은평구,aa60b059474a3475a20d183b01646d41,북한산국립공원/북한산성탐방지원센터,11,서울특별시,11380,은평구,관광지,기타관광,기타관광,23
202607,6c6e16a196c4ccddbd0f7c61a86f16d3,삼천사,11,서울특별시,11380,은평구,b96ced03a6a40f970cb3a428e81ea19b,롯데호텔/서울점,11,서울특별시,11140,중구,숙박,숙박,호텔,24
202607,6c6e16a196c4ccddbd0f7c61a86f16d3,삼천사,11,서울특별시,11380,은평구,2b86a2f7d75a33d8d1380698d7198ec9,북한산 손칼국수,11,서울특별시,11380,은평구,음식,음식,한식,25
202607,6c6e16a196c4ccddbd0f7c61a86f16d3,삼천사,11,서울특별시,11380,은평구,86e3dbf0e05c0ae47d0a32bad7342e37,만포면옥/본점,11,서울특별시,11380,은평구,음식,음식,한식,26
202607,6c6e16a196c4ccddbd0f7c61a86f16d3,삼천사,11,서울특별시,11380,은평구,0484acb61ec28726782ad5a091d0ac0a,한옥집김치찜/본점,11,서울특별시,11410,서대문구,음식,음식,한식,27
202607,6c6e16a196c4ccddbd0f7c61a86f16d3,삼천사,11,서울특별시,11380,은평구,fa23c72a2bd9b1bdc14820e493012046,지아니스나폴리/역삼본점,11,서울특별시,11680,강남구,음식,음식,외국식,28
202607,6c6e16a196c4ccddbd0f7c61a86f16d3,삼천사,11,서울특별시,11380,은평구,6d580d274e33ea8c4dd3b62443b05416,DDP패션몰,11,서울특별시,11140,중구,관광지,쇼핑,쇼핑몰,29
202607,6c6e16a196c4ccddbd0f7c61a86f16d3,삼천사,11,서울특별시,11380,은평구,dcb9401c1b2489e806f753c3db60461d,포방터시장,11,서울특별시,11410,서대문구,관광지,쇼핑,시장,30
202607,6c6e16a196c4ccddbd0f7c61a86f16d3,삼천사,11,서울특별시,11380,은평구,9bf483934fd6d677cd40bf0184e62b8b,구름집,11,서울특별시,11380,은평구,음식,음식,전문음식,31
202607,6c6e16a196c4ccddbd0f7c61a86f16d3,삼천사,11,서울특별시,11380,은평구,b37b02dc6b7f303b53e7489fed9201ba,만석장/본점,11,서울특별시,11380,은평구,음식,음식,한식,32
202607,6c6e16a196c4ccddbd0f7c61a86f16d3,삼천사,11,서울특별시,11380,은평구,5e62c10f934eff919879ed59a15d2d6e,IFC몰,11,서울특별시,11560,영등포구,관광지,쇼핑,쇼핑몰,33
202607,6c6e16a196c4ccddbd0f7c61a86f16d3,삼천사,11,서울특별시,11380,은평구,1cc5edb859ea6a9e68ae161a9ddfe9f8,옥천암,11,서울특별시,11410,서대문구,관광지,역사관광,종교성지,34
202607,6c6e16a196c4ccddbd0f7c61a86f16d3,삼천사,11,서울특별시,11380,은평구,ec8ed12bb31d610931a0a80397c75fc8,신라스테이/서대문,11,서울특별시,11410,서대문구,숙박,숙박,호텔,35
202607,6c6e16a196c4ccddbd0f7c61a86f16d3,삼천사,11,서울특별시,11380,은평구,66fd47176e2a7cd05721e35919cf2557,신당동떡볶이타운,11,서울특별시,11140,중구,음식,음식,음식점기타,36
202607,6c6e16a196c4ccddbd0f7c61a86f16d3,삼천사,11,서울특별시,11380,은평구,de80bb232d508b43bb40f73ed4d159d4,짬뽕지존/연신내점 [중식],11,서울특별시,11380,은평구,음식,음식,외국식,37
202607,6c6e16a196c4ccddbd0f7c61a86f16d3,삼천사,11,서울특별시,11380,은평구,d238f07f1f3d6610e3f596a0351df9e6,테라로사/포스코센터점,11,서울특별시,11680,강남구,음식,음식,카페/찻집,38
202607,6c6e16a196c4ccddbd0f7c61a86f16d3,삼천사,11,서울특별시,11380,은평구,69c7a4b1c5bf2614af39ba0aa2808fe5,임병주산동손칼국수,11,서울특별시,11650,서초구,음식,음식,한식,39
202607,6c6e16a196c4ccddbd0f7c61a86f16d3,삼천사,11,서울특별시,11380,은평구,71b50e951b78af0205f2ad03f8963d02,금바위감자탕/은평직영점,11,서울특별시,11380,은평구,음식,음식,한식,40
202607,6c6e16a196c4ccddbd0f7c61a86f16d3,삼천사,11,서울특별시,11380,은평구,a771f3264569714c9548ca8abeff4661,수성동계곡,11,서울특별시,11110,종로구,관광지,자연관광,자연경관(산),41
202607,6c6e16a196c4ccddbd0f7c61a86f16d3,삼천사,11,서울특별시,11380,은평구,581cde0cf4f2dadea1b5d2488ec698af,2001아울렛/중계점,11,서울특별시,11350,노원구,관광지,쇼핑,대형마트,42
202607,6c6e16a196c4ccddbd0f7c61a86f16d3,삼천사,11,서울특별시,11380,은평구,bdffcfc566be63bc4aa4050a2fbf9294,마음은콩밭에,11,서울특별시,11650,서초구,음식,음식,한식,43
202607,6c6e16a196c4ccddbd0f7c61a86f16d3,삼천사,11,서울특별시,11380,은평구,b72611aa82ff1d0c53593fd6156bdeea,1인1잔,11,서울특별시,11380,은평구,음식,음식,카페/찻집,44
202607,6c6e16a196c4ccddbd0f7c61a86f16d3,삼천사,11,서울특별시,11380,은평구,3231bd62af359e320a6265fd22c86135,삼천사계곡,11,서울특별시,11380,은평구,관광지,자연관광,자연경관(산),45
202607,6c6e16a196c4ccddbd0f7c61a86f16d3,삼천사,11,서울특별시,11380,은평구,84a4ce44f6b39d5d32130dab802e1fb1,할리스/북한산DI점,11,서울특별시,11380,은평구,음식,음식,카페/찻집,46
202607,6c6e16a196c4ccddbd0f7c61a86f16d3,삼천사,11,서울특별시,11380,은평구,d2a95152fbdb5e3af6c43f578cef9981,부영도가니탕,11,서울특별시,11110,종로구,음식,음식,한식,47
202607,6c6e16a196c4ccddbd0f7c61a86f16d3,삼천사,11,서울특별시,11380,은평구,496b15f1c5568f8788e1c0ad7d8e4c7d,봉산편백나무치유의숲,11,서울특별시,11380,은평구,관광지,문화관광,도시공원,48
202607,6c6e16a196c4ccddbd0f7c61a86f16d3,삼천사,11,서울특별시,11380,은평구,caf62084cf0647cc366482302b8f9bf5,계열사,11,서울특별시,11110,종로구,음식,음식,간이음식,49
202607,8e807b3965f968e95cc8821787a1a5f7,수국사,11,서울특별시,11380,은평구,35b40620245d33f92227e62f5d890917,진관사,11,서울특별시,11380,은평구,관광지,역사관광,종교성지,1
202607,bf761559be718324c6563490ebf62fb7,서울혁신파크/(폐쇄),11,서울특별시,11380,은평구,ca2f7058a51fb9db103d0e6fe7ae0e19,버거킹/녹번대성GS점,11,서울특별시,11380,은평구,음식,음식,간이음식,1
202607,570015e7ecba4f8270f14509c2529030,은가어린이공원,11,서울특별시,11410,서대문구,e4806243e8a8e067cbf284622539cf51,타임스퀘어,11,서울특별시,11560,영등포구,관광지,쇼핑,쇼핑몰,1
202607,570015e7ecba4f8270f14509c2529030,은가어린이공원,11,서울특별시,11410,서대문구,7a619ea2f5b7aff78b25a9865a3431fe,롯데백화점/영등포점,11,서울특별시,11560,영등포구,관광지,쇼핑,백화점,2
202607,570015e7ecba4f8270f14509c2529030,은가어린이공원,11,서울특별시,11410,서대문구,3889e3ab35802474f93d286d917ddc66,소극장산울림,11,서울특별시,11440,마포구,관광지,문화관광,공연시설,3
202607,570015e7ecba4f8270f14509c2529030,은가어린이공원,11,서울특별시,11410,서대문구,7705444beaeaea9a2605e7e8d43c26cd,대림시장,11,서울특별시,11380,은평구,관광지,쇼핑,시장,4
202607,570015e7ecba4f8270f14509c2529030,은가어린이공원,11,서울특별시,11410,서대문구,c294156646f6be60e78744bd26d99971,짬뽕지존/아차산역점 [중식],11,서울특별시,11215,광진구,음식,음식,외국식,5
202607,570015e7ecba4f8270f14509c2529030,은가어린이공원,11,서울특별시,11410,서대문구,c6b5964eb6deb72206d9bf59a6bb5268,신세계백화점/강남점,11,서울특별시,11650,서초구,관광지,쇼핑,백화점,6
202607,570015e7ecba4f8270f14509c2529030,은가어린이공원,11,서울특별시,11410,서대문구,4219f130dc585a12ff69a09e2edd43f1,알키미스타,11,서울특별시,11410,서대문구,음식,음식,카페/찻집,7
202607,570015e7ecba4f8270f14509c2529030,은가어린이공원,11,서울특별시,11410,서대문구,44d219d4ea8a6cb51422d986a223e1d2,뚜레쥬르/남가좌점,11,서울특별시,11410,서대문구,음식,음식,간이음식,8
202607,570015e7ecba4f8270f14509c2529030,은가어린이공원,11,서울특별시,11410,서대문구,69ea6aeada98d097dcc234d6c06931c8,호텔디아티스트/연신내점,11,서울특별시,11380,은평구,숙박,숙박,모텔,9
202607,570015e7ecba4f8270f14509c2529030,은가어린이공원,11,서울특별시,11410,서대문구,cee667b47c50d6436f83a4c3147f540c,서울고속버스터미널/경부영동선,11,서울특별시,11650,서초구,관광지,기타관광,교통시설,10
202607,570015e7ecba4f8270f14509c2529030,은가어린이공원,11,서울특별시,11410,서대문구,d00b64d6322b7f994a90f1a1d7ba4359,RSG/성수,11,서울특별시,11200,성동구,음식,음식,카페/찻집,11
202607,570015e7ecba4f8270f14509c2529030,은가어린이공원,11,서울특별시,11410,서대문구,83365e8ccf1470893dd52675958e2b23,소테츠호텔즈더스프라지르/서울명동,11,서울특별시,11140,중구,숙박,숙박,호텔,12
202607,570015e7ecba4f8270f14509c2529030,은가어린이공원,11,서울특별시,11410,서대문구,dc729e5ebacf8d2519c3b36cd7a708e4,응암시장,11,서울특별시,11380,은평구,관광지,쇼핑,시장,13
202607,570015e7ecba4f8270f14509c2529030,은가어린이공원,11,서울특별시,11410,서대문구,126fe130c958bc7667155a5cb7563174,모래내설농탕/본점,11,서울특별시,11410,서대문구,음식,음식,한식,14
202607,570015e7ecba4f8270f14509c2529030,은가어린이공원,11,서울특별시,11410,서대문구,749741fd76a65f579069a4b514975bf6,문화촌어린이공원,11,서울특별시,11410,서대문구,관광지,문화관광,도시공원,15
202607,570015e7ecba4f8270f14509c2529030,은가어린이공원,11,서울특별시,11410,서대문구,1c303b0eed3133200cf715285011b4e4,건영백화점,11,서울특별시,11350,노원구,관광지,쇼핑,백화점,16
202607,570015e7ecba4f8270f14509c2529030,은가어린이공원,11,서울특별시,11410,서대문구,7e6f9ef9f5514d833c610b342c365ca3,순천집,11,서울특별시,11590,동작구,음식,음식,전문음식,17
202607,570015e7ecba4f8270f14509c2529030,은가어린이공원,11,서울특별시,11410,서대문구,6c6e4708272e26680958fbc22f01ee81,투썸플레이스/새절역점,11,서울특별시,11380,은평구,음식,음식,카페/찻집,18
202607,570015e7ecba4f8270f14509c2529030,은가어린이공원,11,서울특별시,11410,서대문구,97c0a1427be208a8ca50e879baa895c4,올림픽공원,11,서울특별시,11710,송파구,관광지,문화관광,도시공원,19
202607,570015e7ecba4f8270f14509c2529030,은가어린이공원,11,서울특별시,11410,서대문구,41eaea30a69086d759dc67fdc29aa7dd,만동제과/연남점,11,서울특별시,11410,서대문구,음식,음식,간이음식,20
202607,570015e7ecba4f8270f14509c2529030,은가어린이공원,11,서울특별시,11410,서대문구,62211dd5080d68825ba41a650d28e9a1,해오름극장,11,서울특별시,11140,중구,관광지,문화관광,공연시설,21
202607,570015e7ecba4f8270f14509c2529030,은가어린이공원,11,서울특별시,11410,서대문구,a16dd59a84e34c61bd9cf50517373bea,성수동카페거리,11,서울특별시,11200,성동구,음식,음식,음식점기타,22
202607,570015e7ecba4f8270f14509c2529030,은가어린이공원,11,서울특별시,11410,서대문구,aea3926fa4adc6707dabaf62579c3a9c,호텔야자/종로점,11,서울특별시,11110,종로구,숙박,숙박,모텔,23
202607,570015e7ecba4f8270f14509c2529030,은가어린이공원,11,서울특별시,11410,서대문구,3c463c0501b0871205a20ae50fc1e88c,CGV/상봉,11,서울특별시,11260,중랑구,관광지,문화관광,공연시설,24
202607,570015e7ecba4f8270f14509c2529030,은가어린이공원,11,서울특별시,11410,서대문구,d0c6a601a3324c449933622c7d8f99af,천호공구거리,11,서울특별시,11740,강동구,관광지,쇼핑,기타쇼핑시설,25
202607,570015e7ecba4f8270f14509c2529030,은가어린이공원,11,서울특별시,11410,서대문구,54a906745b5641ec0c602d86174e29ae,장독대김치찌개/청담점,11,서울특별시,11680,강남구,음식,음식,한식,26
202607,570015e7ecba4f8270f14509c2529030,은가어린이공원,11,서울특별시,11410,서대문구,0a7b25080b9f44d60bab412de00c97ad,베이튼호텔,11,서울특별시,11140,중구,숙박,숙박,호텔,27
202607,570015e7ecba4f8270f14509c2529030,은가어린이공원,11,서울특별시,11410,서대문구,131e35e51621edb0f07b2780806caef8,나인트리바이파르나스/서울인사동,11,서울특별시,11110,종로구,숙박,숙박,호텔,28
202607,570015e7ecba4f8270f14509c2529030,은가어린이공원,11,서울특별시,11410,서대문구,42ef62ee433cfbecceab80bd6fd76af2,모이세해장국,11,서울특별시,11380,은평구,음식,음식,한식,29
202607,570015e7ecba4f8270f14509c2529030,은가어린이공원,11,서울특별시,11410,서대문구,03e1a2d3f8412dac6e9d7ee63b5a0543,울프강스테이크하우스,11,서울특별시,11680,강남구,음식,음식,전문음식,30
202607,570015e7ecba4f8270f14509c2529030,은가어린이공원,11,서울특별시,11410,서대문구,1d946c259e4a052b4d4c399c0b9f9efd,제주은희네해장국/증산점,11,서울특별시,11380,은평구,음식,음식,한식,31
202607,570015e7ecba4f8270f14509c2529030,은가어린이공원,11,서울특별시,11410,서대문구,6625c8de6bb061c31d5314c1916d06f7,스케줄/청담,11,서울특별시,11680,강남구,음식,음식,전문음식,32
202607,570015e7ecba4f8270f14509c2529030,은가어린이공원,11,서울특별시,11410,서대문구,b2e840beb2fcb66bb33d988c822656ad,뚝섬한강공원,11,서울특별시,11215,광진구,관광지,문화관광,도시공원,33
202607,570015e7ecba4f8270f14509c2529030,은가어린이공원,11,서울특별시,11410,서대문구,9d58042af96868b01de11722f6a2975f,망원한강공원,11,서울특별시,11440,마포구,관광지,문화관광,도시공원,34
202607,570015e7ecba4f8270f14509c2529030,은가어린이공원,11,서울특별시,11410,서대문구,356a1acc3a078ec9d7857c9a0e4dfbec,M극장,11,서울특별시,11680,강남구,관광지,문화관광,공연시설,35
202607,570015e7ecba4f8270f14509c2529030,은가어린이공원,11,서울특별시,11410,서대문구,ad1885bb8c869dad884153d0abc003b3,스타벅스/북가좌DT점,11,서울특별시,11410,서대문구,음식,음식,카페/찻집,36
202607,570015e7ecba4f8270f14509c2529030,은가어린이공원,11,서울특별시,11410,서대문구,f7882675350a7de4ebb9a05804a922be,롯데몰/은평점,11,서울특별시,11380,은평구,관광지,쇼핑,쇼핑몰,37
202607,570015e7ecba4f8270f14509c2529030,은가어린이공원,11,서울특별시,11410,서대문구,9ccc18285d79349a7fe8684edd9d210d,맥도날드/구로디지털점,11,서울특별시,11530,구로구,음식,음식,간이음식,38
202607,570015e7ecba4f8270f14509c2529030,은가어린이공원,11,서울특별시,11410,서대문구,b03fd5be6d7ab5e2e4b059d328f4c9ec,뉴서울호텔,11,서울특별시,11140,중구,숙박,숙박,호텔,39
202607,570015e7ecba4f8270f14509c2529030,은가어린이공원,11,서울특별시,11410,서대문구,b7fc7ba8924fa422060cf5483b76e924,다이닝원/상암점,11,서울특별시,11440,마포구,음식,음식,전문음식,40
202607,570015e7ecba4f8270f14509c2529030,은가어린이공원,11,서울특별시,11410,서대문구,0eb8c33f45214955f0b2e65be0779671,NC백화점/불광점,11,서울특별시,11380,은평구,관광지,쇼핑,백화점,41
202607,570015e7ecba4f8270f14509c2529030,은가어린이공원,11,서울특별시,11410,서대문구,f200ec1541fb558d37edbdb5c6d01dc0,오티씨 강남,11,서울특별시,11650,서초구,음식,음식,카페/찻집,42
202607,570015e7ecba4f8270f14509c2529030,은가어린이공원,11,서울특별시,11410,서대문구,beb5c46bfd5bfc02bd7b161acde9913a,북한산국립공원/북한산성코스,11,서울특별시,11380,은평구,관광지,레저스포츠,기타레저스포츠,43
202607,570015e7ecba4f8270f14509c2529030,은가어린이공원,11,서울특별시,11410,서대문구,57fad499a179a95ebf0c334fc28e0788,더메이드뷔페,11,서울특별시,11500,강서구,음식,음식,전문음식,44
202607,570015e7ecba4f8270f14509c2529030,은가어린이공원,11,서울특별시,11410,서대문구,be5c473872e39b4bd06d77b12f14c862,포레스타호텔,11,서울특별시,11380,은평구,숙박,숙박,모텔,45
202607,570015e7ecba4f8270f14509c2529030,은가어린이공원,11,서울특별시,11410,서대문구,98515e849a5f61a2b50960474a00071c,고메스퀘어/불광점,11,서울특별시,11380,은평구,음식,음식,전문음식,46
202607,570015e7ecba4f8270f14509c2529030,은가어린이공원,11,서울특별시,11410,서대문구,6978176a04dde7bd1a00f181afd42c73,이복례아구동태해물찜탕,11,서울특별시,11380,은평구,음식,음식,한식,47
202607,570015e7ecba4f8270f14509c2529030,은가어린이공원,11,서울특별시,11410,서대문구,94b37da181384604e8bdf68b3217008e,여의도한강공원,11,서울특별시,11560,영등포구,관광지,문화관광,도시공원,48
202607,570015e7ecba4f8270f14509c2529030,은가어린이공원,11,서울특별시,11410,서대문구,9b56943669e47aa3d421f4178b2243c2,조조칼국수/성수점,11,서울특별시,11200,성동구,음식,음식,한식,49
202607,570015e7ecba4f8270f14509c2529030,은가어린이공원,11,서울특별시,11410,서대문구,054337f92918bca43bbde68e92cd2d3b,청송함흥냉면/본관,11,서울특별시,11410,서대문구,음식,음식,한식,50
202607,ea5fdf1b0db763b4f659dceab52d708f,백련사,11,서울특별시,11410,서대문구,2c6be6eedf0cc77a3faf487fa3dc5c00,김창열화가의집,11,서울특별시,11110,종로구,관광지,문화관광,전시시설,1
202607,ea5fdf1b0db763b4f659dceab52d708f,백련사,11,서울특별시,11410,서대문구,da5f79e75ec9cd53e7066baecaf94502,JW메리어트호텔/서울,11,서울특별시,11650,서초구,숙박,숙박,호텔,2
202607,ea5fdf1b0db763b4f659dceab52d708f,백련사,11,서울특별시,11410,서대문구,68608125502ba2117e7e46eb2edf6811,투썸플레이스/4.19사거리점,11,서울특별시,11305,강북구,음식,음식,카페/찻집,3
202607,ea5fdf1b0db763b4f659dceab52d708f,백련사,11,서울특별시,11410,서대문구,05193d24b46dffb0a5ba520797aa665c,모래내시장,11,서울특별시,11410,서대문구,관광지,쇼핑,시장,4
202607,ea5fdf1b0db763b4f659dceab52d708f,백련사,11,서울특별시,11410,서대문구,a5bfd6d2fbd4470bf03a42b429a8daf3,금수복국/압구정점,11,서울특별시,11680,강남구,음식,음식,전문음식,5
202607,ea5fdf1b0db763b4f659dceab52d708f,백련사,11,서울특별시,11410,서대문구,49ba87d1ee1a505b749481ff8838c1a9,국회둔치축구장,11,서울특별시,11560,영등포구,관광지,문화관광,레저스포츠시설,6
202607,ea5fdf1b0db763b4f659dceab52d708f,백련사,11,서울특별시,11410,서대문구,581cde0cf4f2dadea1b5d2488ec698af,2001아울렛/중계점,11,서울특별시,11350,노원구,관광지,쇼핑,대형마트,7
202607,ea5fdf1b0db763b4f659dceab52d708f,백련사,11,서울특별시,11410,서대문구,6e637a242bccbc91b8658f3ae55d8cc2,진관사계곡,11,서울특별시,11380,은평구,관광지,자연관광,자연경관(산),8
202607,ea5fdf1b0db763b4f659dceab52d708f,백련사,11,서울특별시,11410,서대문구,039ca8009a9a61278d849b12f2a2b47f,두루올순대,11,서울특별시,11380,은평구,음식,음식,한식,9
202607,ea5fdf1b0db763b4f659dceab52d708f,백련사,11,서울특별시,11410,서대문구,7705444beaeaea9a2605e7e8d43c26cd,대림시장,11,서울특별시,11380,은평구,관광지,쇼핑,시장,10
202607,1c45295721bfc99e1e95057334c189e0,서대문자연사박물관,11,서울특별시,11410,서대문구,82f6ac7bd0d46cb6f45efbeadba3eb46,카페폭포,11,서울특별시,11410,서대문구,음식,음식,카페/찻집,1
202607,1c45295721bfc99e1e95057334c189e0,서대문자연사박물관,11,서울특별시,11410,서대문구,3c49e8d6a4e153ce15a008257d8aca29,연희동칼국수/본점,11,서울특별시,11410,서대문구,음식,음식,한식,2
202607,1c45295721bfc99e1e95057334c189e0,서대문자연사박물관,11,서울특별시,11410,서대문구,8930f0b4a98b760f2a7bf5345eceb251,서대문형무소역사관,11,서울특별시,11410,서대문구,관광지,문화관광,전시시설,3
202607,1c45295721bfc99e1e95057334c189e0,서대문자연사박물관,11,서울특별시,11410,서대문구,3010c007436c8604ed1bc4ba96908d4b,자연사박물관,11,서울특별시,11410,서대문구,관광지,문화관광,전시시설,4
202607,1c45295721bfc99e1e95057334c189e0,서대문자연사박물관,11,서울특별시,11410,서대문구,6bd1fae491bc88313eeec9e2a57e4b00,현대백화점/신촌점,11,서울특별시,11410,서대문구,관광지,쇼핑,백화점,5
202607,1c45295721bfc99e1e95057334c189e0,서대문자연사박물관,11,서울특별시,11410,서대문구,f7882675350a7de4ebb9a05804a922be,롯데몰/은평점,11,서울특별시,11380,은평구,관광지,쇼핑,쇼핑몰,6
202607,1c45295721bfc99e1e95057334c189e0,서대문자연사박물관,11,서울특별시,11410,서대문구,1f876c6914509f74c4141c3c1a39a269,우동카덴/연희점,11,서울특별시,11410,서대문구,음식,음식,외국식,7
202607,1c45295721bfc99e1e95057334c189e0,서대문자연사박물관,11,서울특별시,11410,서대문구,50623e42e7ced277f6dbf7ce5f0f5fa4,연경/연희점 [중식],11,서울특별시,11410,서대문구,음식,음식,외국식,8
202607,1c45295721bfc99e1e95057334c189e0,서대문자연사박물관,11,서울특별시,11410,서대문구,da391c809eb94fd53d6e6f668484708c,독립문영천시장,11,서울특별시,11410,서대문구,관광지,쇼핑,시장,9
202607,1c45295721bfc99e1e95057334c189e0,서대문자연사박물관,11,서울특별시,11410,서대문구,ac364ac5b7a88c24c39f1ecd406a7970,더현대/서울,11,서울특별시,11560,영등포구,관광지,쇼핑,백화점,10
202607,1c45295721bfc99e1e95057334c189e0,서대문자연사박물관,11,서울특별시,11410,서대문구,19eca6b70f831757e015bfc77df6d5c6,스타벅스/연희DT점,11,서울특별시,11410,서대문구,음식,음식,카페/찻집,11
202607,1c45295721bfc99e1e95057334c189e0,서대문자연사박물관,11,서울특별시,11410,서대문구,126fe130c958bc7667155a5cb7563174,모래내설농탕/본점,11,서울특별시,11410,서대문구,음식,음식,한식,12
202607,1c45295721bfc99e1e95057334c189e0,서대문자연사박물관,11,서울특별시,11410,서대문구,a1470b4aa68baf5f2765e7038f4ae081,고미정/연희본점,11,서울특별시,11410,서대문구,음식,음식,한식,13
202607,1c45295721bfc99e1e95057334c189e0,서대문자연사박물관,11,서울특별시,11410,서대문구,01953653a8a2e279ecab3087df280fd2,아이파크몰/용산점,11,서울특별시,11170,용산구,관광지,쇼핑,백화점,14
202607,1c45295721bfc99e1e95057334c189e0,서대문자연사박물관,11,서울특별시,11410,서대문구,d820c0a2de5709890c63832c5b6d2998,녹원쌈밥/연희점,11,서울특별시,11410,서대문구,음식,음식,한식,15
202607,1c45295721bfc99e1e95057334c189e0,서대문자연사박물관,11,서울특별시,11410,서대문구,c98ff0438f76531b106e7d9269ec5d63,락희안/가좌본점 [중식],11,서울특별시,11410,서대문구,음식,음식,외국식,16
202607,1c45295721bfc99e1e95057334c189e0,서대문자연사박물관,11,서울특별시,11410,서대문구,7705444beaeaea9a2605e7e8d43c26cd,대림시장,11,서울특별시,11380,은평구,관광지,쇼핑,시장,17
202607,1c45295721bfc99e1e95057334c189e0,서대문자연사박물관,11,서울특별시,11410,서대문구,054337f92918bca43bbde68e92cd2d3b,청송함흥냉면/본관,11,서울특별시,11410,서대문구,음식,음식,한식,18
202607,1c45295721bfc99e1e95057334c189e0,서대문자연사박물관,11,서울특별시,11410,서대문구,f1fd1011eea895e482cf3f8b697fb843,수빈/[한식],11,서울특별시,11410,서대문구,음식,음식,한식,19
202607,1c45295721bfc99e1e95057334c189e0,서대문자연사박물관,11,서울특별시,11410,서대문구,0eb8c33f45214955f0b2e65be0779671,NC백화점/불광점,11,서울특별시,11380,은평구,관광지,쇼핑,백화점,20
202607,1c45295721bfc99e1e95057334c189e0,서대문자연사박물관,11,서울특별시,11410,서대문구,81bf1d15ad057d0cc8f1eb7bc402dd7c,전쟁기념관,11,서울특별시,11170,용산구,관광지,문화관광,전시시설,21
202607,1c45295721bfc99e1e95057334c189e0,서대문자연사박물관,11,서울특별시,11410,서대문구,b708a7a4028a4d59ccc5e7acdde06637,신세계백화점/본점더리저브,11,서울특별시,11140,중구,관광지,쇼핑,백화점,22
202607,1c45295721bfc99e1e95057334c189e0,서대문자연사박물관,11,서울특별시,11410,서대문구,f7745751829fa2fc116e709394741398,연희곰탕,11,서울특별시,11410,서대문구,음식,음식,한식,23
202607,1c45295721bfc99e1e95057334c189e0,서대문자연사박물관,11,서울특별시,11410,서대문구,09d720d04caa3f887019fcb262198e13,쁘띠몽드/마포중앙도서관점,11,서울특별시,11440,마포구,관광지,문화관광,테마공원,24
202607,1c45295721bfc99e1e95057334c189e0,서대문자연사박물관,11,서울특별시,11410,서대문구,05193d24b46dffb0a5ba520797aa665c,모래내시장,11,서울특별시,11410,서대문구,관광지,쇼핑,시장,25
202607,1c45295721bfc99e1e95057334c189e0,서대문자연사박물관,11,서울특별시,11410,서대문구,52d39ce630074db23e6b45cebe69e606,어린이회관,11,서울특별시,11215,광진구,관광지,문화관광,기타문화관광지,26
202607,1c45295721bfc99e1e95057334c189e0,서대문자연사박물관,11,서울특별시,11410,서대문구,7df56bca947c00b7f2ded5fc870b51f1,오박사네왕돈까스/본점,11,서울특별시,11290,성북구,음식,음식,전문음식,27
202607,1c45295721bfc99e1e95057334c189e0,서대문자연사박물관,11,서울특별시,11410,서대문구,11f8b3b1bf78d9c8936758e525e3ed39,서울역,11,서울특별시,11170,용산구,관광지,기타관광,교통시설,28
202607,1c45295721bfc99e1e95057334c189e0,서대문자연사박물관,11,서울특별시,11410,서대문구,e1e13b320795fdddf2a4f4107019b937,소바하우스멘야준/연남점,11,서울특별시,11440,마포구,음식,음식,외국식,29
202607,1c45295721bfc99e1e95057334c189e0,서대문자연사박물관,11,서울특별시,11410,서대문구,2d72f4369742848eb40d81939c66c534,애슐리퀸즈/명지대점,11,서울특별시,11410,서대문구,음식,음식,전문음식,30
202607,1c45295721bfc99e1e95057334c189e0,서대문자연사박물관,11,서울특별시,11410,서대문구,92a730cb4fc84060b462e29e850f2f7b,이화원/[중식],11,서울특별시,11410,서대문구,음식,음식,외국식,31
202607,1c45295721bfc99e1e95057334c189e0,서대문자연사박물관,11,서울특별시,11410,서대문구,3873e13fffee20f26cac89bb17ee318d,버거킹/연희점,11,서울특별시,11410,서대문구,음식,음식,간이음식,32
202607,1c45295721bfc99e1e95057334c189e0,서대문자연사박물관,11,서울특별시,11410,서대문구,666decfe99780bb1046fd1bb6f76f965,롯데백화점/청량리점,11,서울특별시,11230,동대문구,관광지,쇼핑,백화점,33
202607,1c45295721bfc99e1e95057334c189e0,서대문자연사박물관,11,서울특별시,11410,서대문구,ad1885bb8c869dad884153d0abc003b3,스타벅스/북가좌DT점,11,서울특별시,11410,서대문구,음식,음식,카페/찻집,34
202607,1c45295721bfc99e1e95057334c189e0,서대문자연사박물관,11,서울특별시,11410,서대문구,f5c1c16c184bbd0689b9baea52b6674b,지호한방삼계탕/연희점,11,서울특별시,11410,서대문구,음식,음식,한식,35
202607,1c45295721bfc99e1e95057334c189e0,서대문자연사박물관,11,서울특별시,11410,서대문구,d33c13ffda45959f62863fabc12896b4,망원시장,11,서울특별시,11440,마포구,관광지,쇼핑,시장,36
202607,1c45295721bfc99e1e95057334c189e0,서대문자연사박물관,11,서울특별시,11410,서대문구,7a86e3655498f73a283e0f2a0fd4bdb7,라이라이,11,서울특별시,11410,서대문구,음식,음식,외국식,37
202607,1c45295721bfc99e1e95057334c189e0,서대문자연사박물관,11,서울특별시,11410,서대문구,867a8a4b0a9883fa255460ae53ef6b9b,연희보리밥,11,서울특별시,11410,서대문구,음식,음식,한식,38
202607,1c45295721bfc99e1e95057334c189e0,서대문자연사박물관,11,서울특별시,11410,서대문구,eff9afb8af6eff241f83bd8cd4be2ab2,바다내음화덕생선구이,11,서울특별시,11380,은평구,음식,음식,한식,39
202607,1c45295721bfc99e1e95057334c189e0,서대문자연사박물관,11,서울특별시,11410,서대문구,47e04689b6ed42008bc05a0500c5bbc9,101번지남산돈까스/본점,11,서울특별시,11140,중구,음식,음식,전문음식,40
202607,1c45295721bfc99e1e95057334c189e0,서대문자연사박물관,11,서울특별시,11410,서대문구,ef3136afea0335fe1b5fc071579a8055,산천마루,11,서울특별시,11410,서대문구,음식,음식,한식,41
202607,1c45295721bfc99e1e95057334c189e0,서대문자연사박물관,11,서울특별시,11410,서대문구,154902fcc5f4bda00b55ea44c270cb0f,우자매순대국,11,서울특별시,11410,서대문구,음식,음식,한식,42
202607,1c45295721bfc99e1e95057334c189e0,서대문자연사박물관,11,서울특별시,11410,서대문구,057579775b527ad1eb381c56981342a9,서울드래곤시티,11,서울특별시,11170,용산구,숙박,숙박,호텔,43
202607,1c45295721bfc99e1e95057334c189e0,서대문자연사박물관,11,서울특별시,11410,서대문구,99ea83bf0cc9ef0955710a76a05380b3,마들스포츠타운,11,서울특별시,11350,노원구,관광지,문화관광,레저스포츠시설,44
202607,1c45295721bfc99e1e95057334c189e0,서대문자연사박물관,11,서울특별시,11410,서대문구,4219f130dc585a12ff69a09e2edd43f1,알키미스타,11,서울특별시,11410,서대문구,음식,음식,카페/찻집,45
202607,1c45295721bfc99e1e95057334c189e0,서대문자연사박물관,11,서울특별시,11410,서대문구,f03e3c6a82e88d829fd34c8f386ce597,서래마을,11,서울특별시,11650,서초구,관광지,기타관광,기타관광,46
202607,1c45295721bfc99e1e95057334c189e0,서대문자연사박물관,11,서울특별시,11410,서대문구,b91fdaa517ff9b9434d6e6b93d413085,등촌샤브칼국수/명지대점,11,서울특별시,11410,서대문구,음식,음식,전문음식,47
202607,1c45295721bfc99e1e95057334c189e0,서대문자연사박물관,11,서울특별시,11410,서대문구,246262d757b1678dd8d8a9a8a9b5ae23,창골운동장,11,서울특별시,11320,도봉구,관광지,문화관광,레저스포츠시설,48
202607,1c45295721bfc99e1e95057334c189e0,서대문자연사박물관,11,서울특별시,11410,서대문구,fbc98659878eaf6dc39b2f436bfe422c,아미드호텔/서울,11,서울특별시,11110,종로구,숙박,숙박,호텔,49
202607,1c45295721bfc99e1e95057334c189e0,서대문자연사박물관,11,서울특별시,11410,서대문구,908333aca63bb86ee49aa3f6fd32863a,타르틴베이커리/한남점,11,서울특별시,11170,용산구,음식,음식,간이음식,50
202607,f407e3b51449ac974e9bb7664e545f96,KT&G상상마당/홍대,11,서울특별시,11440,마포구,c149fdce592db1c81dd524c675dddbcc,압구정로데오거리,11,서울특별시,11680,강남구,관광지,문화관광,테마공원,1
202607,f407e3b51449ac974e9bb7664e545f96,KT&G상상마당/홍대,11,서울특별시,11440,마포구,11f8b3b1bf78d9c8936758e525e3ed39,서울역,11,서울특별시,11170,용산구,관광지,기타관광,교통시설,2
202607,f407e3b51449ac974e9bb7664e545f96,KT&G상상마당/홍대,11,서울특별시,11440,마포구,c6344b0ae32e496be8b1b701e540d566,김포국제공항국내선,11,서울특별시,11500,강서구,관광지,기타관광,교통시설,3
202607,f407e3b51449ac974e9bb7664e545f96,KT&G상상마당/홍대,11,서울특별시,11440,마포구,d43bec987a06205c72c8f924d7a336b5,삼청각,11,서울특별시,11290,성북구,관광지,문화관광,기타문화관광지,4
202607,f407e3b51449ac974e9bb7664e545f96,KT&G상상마당/홍대,11,서울특별시,11440,마포구,44f7a7fbccac40c4d1ac9e1d260a892f,감나무집기사식당,11,서울특별시,11440,마포구,음식,음식,한식,5
202607,f407e3b51449ac974e9bb7664e545f96,KT&G상상마당/홍대,11,서울특별시,11440,마포구,0997fee1c5ab76015ea95c4103e1e325,성북동돼지갈비/본점,11,서울특별시,11290,성북구,음식,음식,한식,6
202607,f407e3b51449ac974e9bb7664e545f96,KT&G상상마당/홍대,11,서울특별시,11440,마포구,4c625f7eb0034dc906c595e832042589,동대문종합시장,11,서울특별시,11110,종로구,관광지,쇼핑,시장,7
202607,f407e3b51449ac974e9bb7664e545f96,KT&G상상마당/홍대,11,서울특별시,11440,마포구,74b7938e8b2851dea81855c01dd01ff9,KT&G상상마당/대치아트홀,11,서울특별시,11680,강남구,관광지,문화관광,공연시설,8
202607,f407e3b51449ac974e9bb7664e545f96,KT&G상상마당/홍대,11,서울특별시,11440,마포구,f1ef4e4a2579b846c9b9924161d6bff7,그랜드하얏트/서울,11,서울특별시,11170,용산구,숙박,숙박,호텔,9
202607,f407e3b51449ac974e9bb7664e545f96,KT&G상상마당/홍대,11,서울특별시,11440,마포구,2df69dc02fa7c5fce3326b7102a79f80,방이맛골,11,서울특별시,11710,송파구,음식,음식,음식점기타,10
202607,f407e3b51449ac974e9bb7664e545f96,KT&G상상마당/홍대,11,서울특별시,11440,마포구,7093490ccab1bbdf3a1a4023eb8fe1bd,용산역,11,서울특별시,11170,용산구,관광지,기타관광,교통시설,11
202607,f407e3b51449ac974e9bb7664e545f96,KT&G상상마당/홍대,11,서울특별시,11440,마포구,94b37da181384604e8bdf68b3217008e,여의도한강공원,11,서울특별시,11560,영등포구,관광지,문화관광,도시공원,12
202607,f407e3b51449ac974e9bb7664e545f96,KT&G상상마당/홍대,11,서울특별시,11440,마포구,5d9741883032dcb4480f497444374520,신창시장,11,서울특별시,11320,도봉구,관광지,쇼핑,시장,13
202607,f407e3b51449ac974e9bb7664e545f96,KT&G상상마당/홍대,11,서울특별시,11440,마포구,dc729e5ebacf8d2519c3b36cd7a708e4,응암시장,11,서울특별시,11380,은평구,관광지,쇼핑,시장,14
202607,f407e3b51449ac974e9bb7664e545f96,KT&G상상마당/홍대,11,서울특별시,11440,마포구,e00e90af3cc8aa0f7a71b7ca9dc8e0d4,반포식스/신사역점,11,서울특별시,11650,서초구,음식,음식,외국식,15
202607,f407e3b51449ac974e9bb7664e545f96,KT&G상상마당/홍대,11,서울특별시,11440,마포구,cee667b47c50d6436f83a4c3147f540c,서울고속버스터미널/경부영동선,11,서울특별시,11650,서초구,관광지,기타관광,교통시설,16
202607,f407e3b51449ac974e9bb7664e545f96,KT&G상상마당/홍대,11,서울특별시,11440,마포구,03bae8615f6a3b317594cfd8d5943d7f,맥도날드/영등포점,11,서울특별시,11560,영등포구,음식,음식,간이음식,17
202607,f407e3b51449ac974e9bb7664e545f96,KT&G상상마당/홍대,11,서울특별시,11440,마포구,b9dc3865498d79141065bc74ea791de7,CGV/아이파크몰용산점,11,서울특별시,11170,용산구,관광지,문화관광,공연시설,18
202607,f407e3b51449ac974e9bb7664e545f96,KT&G상상마당/홍대,11,서울특별시,11440,마포구,aa6f5ecfee851beb9817e926907ca6ab,CGV/홍대,11,서울특별시,11440,마포구,관광지,문화관광,공연시설,19
202607,f407e3b51449ac974e9bb7664e545f96,KT&G상상마당/홍대,11,서울특별시,11440,마포구,746754f7d137c8767d6dc31246044d3a,오크우드프리미어/코엑스센터,11,서울특별시,11680,강남구,숙박,숙박,호텔,20
202607,f407e3b51449ac974e9bb7664e545f96,KT&G상상마당/홍대,11,서울특별시,11440,마포구,224a3804cdf859de22b26c8c2c12141b,써미트호텔,11,서울특별시,11140,중구,숙박,숙박,호텔,21
202607,f407e3b51449ac974e9bb7664e545f96,KT&G상상마당/홍대,11,서울특별시,11440,마포구,d1f69a42b8e819d4649a67e618f8ac04,글래드호텔/마포,11,서울특별시,11440,마포구,숙박,숙박,호텔,22
202607,f407e3b51449ac974e9bb7664e545f96,KT&G상상마당/홍대,11,서울특별시,11440,마포구,740893f794ce7a493d06e514d87691ac,스케줄/합정,11,서울특별시,11440,마포구,음식,음식,전문음식,23
202607,f407e3b51449ac974e9bb7664e545f96,KT&G상상마당/홍대,11,서울특별시,11440,마포구,45f4bd6c8ec9531cc30ee8b86c4fc8ba,AK플라자/홍대,11,서울특별시,11440,마포구,관광지,쇼핑,백화점,24
202607,f407e3b51449ac974e9bb7664e545f96,KT&G상상마당/홍대,11,서울특별시,11440,마포구,01953653a8a2e279ecab3087df280fd2,아이파크몰/용산점,11,서울특별시,11170,용산구,관광지,쇼핑,백화점,25
202607,f407e3b51449ac974e9bb7664e545f96,KT&G상상마당/홍대,11,서울특별시,11440,마포구,65cf8e9a4ac33f9595b4ea24f2efa360,스탠포드호텔/서울,11,서울특별시,11440,마포구,숙박,숙박,호텔,26
202607,f407e3b51449ac974e9bb7664e545f96,KT&G상상마당/홍대,11,서울특별시,11440,마포구,b09b6d542fe7b65014c9f6688c40d2db,뚝섬유원지,11,서울특별시,11215,광진구,관광지,문화관광,복합관광시설,27
202607,f407e3b51449ac974e9bb7664e545f96,KT&G상상마당/홍대,11,서울특별시,11440,마포구,4aeb0668e3093e485fa27e5505addf02,논오프,11,서울특별시,11470,양천구,음식,음식,카페/찻집,28
202607,f407e3b51449ac974e9bb7664e545f96,KT&G상상마당/홍대,11,서울특별시,11440,마포구,d3049893d758a58eb5439152d3197afa,AC팰리스,11,서울특별시,11680,강남구,숙박,숙박,호텔,29
202607,f407e3b51449ac974e9bb7664e545f96,KT&G상상마당/홍대,11,서울특별시,11440,마포구,1d97509dda804ea7abc88d81971a0322,북서울꿈의숲,11,서울특별시,11305,강북구,관광지,문화관광,도시공원,30
202607,f407e3b51449ac974e9bb7664e545f96,KT&G상상마당/홍대,11,서울특별시,11440,마포구,b1589bb9e3fb4ec234c3dc56fbd5563a,더플라자호텔,11,서울특별시,11140,중구,숙박,숙박,호텔,31
202607,f407e3b51449ac974e9bb7664e545f96,KT&G상상마당/홍대,11,서울특별시,11440,마포구,d965f657619cf7be65ee8104a3e94237,페어몬트앰배서더/서울,11,서울특별시,11560,영등포구,숙박,숙박,호텔,32
202607,f407e3b51449ac974e9bb7664e545f96,KT&G상상마당/홍대,11,서울특별시,11440,마포구,1633de2df05f26ca58aa0c288f1980f9,홍대입구,11,서울특별시,11440,마포구,음식,음식,음식점기타,33
202607,f407e3b51449ac974e9bb7664e545f96,KT&G상상마당/홍대,11,서울특별시,11440,마포구,a5689ffa3d6de852689ad6189e223db1,고다이/한남본점 [일식],11,서울특별시,11170,용산구,음식,음식,외국식,34
202607,f407e3b51449ac974e9bb7664e545f96,KT&G상상마당/홍대,11,서울특별시,11440,마포구,4ec827c183ac23f4fca75c1cde733f8d,파티오세븐,11,서울특별시,11680,강남구,숙박,숙박,호텔,35
202607,f407e3b51449ac974e9bb7664e545f96,KT&G상상마당/홍대,11,서울특별시,11440,마포구,bdadd5b1a3d7264bad936bd5c2bc094e,신풍낙지,11,서울특별시,11560,영등포구,음식,음식,전문음식,36
202607,f407e3b51449ac974e9bb7664e545f96,KT&G상상마당/홍대,11,서울특별시,11440,마포구,254af35ff7a095572822f5a6d597af82,괄호,11,서울특별시,11440,마포구,음식,음식,카페/찻집,37
202607,f407e3b51449ac974e9bb7664e545f96,KT&G상상마당/홍대,11,서울특별시,11440,마포구,5511c2937e0bb65c4eb476e2bcf0e53c,룡룡마라도원/연남점,11,서울특별시,11440,마포구,음식,음식,외국식,38
202607,f407e3b51449ac974e9bb7664e545f96,KT&G상상마당/홍대,11,서울특별시,11440,마포구,7760dcee1d3fcf4406b5367ac2a5114d,어반노드,11,서울특별시,11410,서대문구,숙박,숙박,모텔,39
202607,f407e3b51449ac974e9bb7664e545f96,KT&G상상마당/홍대,11,서울특별시,11440,마포구,d41a51bc568a0f77a8d9da326651547f,풍년갈비,11,서울특별시,11545,금천구,음식,음식,한식,40
202607,f407e3b51449ac974e9bb7664e545f96,KT&G상상마당/홍대,11,서울특별시,11440,마포구,48cb60f65dbe6df890e87aaa62fa2bbf,동묘시장,11,서울특별시,11110,종로구,관광지,쇼핑,시장,41
202607,f407e3b51449ac974e9bb7664e545f96,KT&G상상마당/홍대,11,서울특별시,11440,마포구,8c46e2efae86282c3711c2718d20ba74,파리공원,11,서울특별시,11470,양천구,관광지,문화관광,도시공원,42
202607,f407e3b51449ac974e9bb7664e545f96,KT&G상상마당/홍대,11,서울특별시,11440,마포구,afc6b5cce6a167570a7549ec5511baaf,김포국제공항,11,서울특별시,11500,강서구,관광지,기타관광,교통시설,43
202607,f407e3b51449ac974e9bb7664e545f96,KT&G상상마당/홍대,11,서울특별시,11440,마포구,918ddc9579edf55cc3a4040c07dd6c08,카페미드나잇,11,서울특별시,11680,강남구,음식,음식,카페/찻집,44
202607,f407e3b51449ac974e9bb7664e545f96,KT&G상상마당/홍대,11,서울특별시,11440,마포구,88b5bc86c5caaec0d9dac5b38ef43d51,아토커피/신림점,11,서울특별시,11620,관악구,음식,음식,카페/찻집,45
202607,f407e3b51449ac974e9bb7664e545f96,KT&G상상마당/홍대,11,서울특별시,11440,마포구,66ec9f8e123b3c5eea8379fa96e4d0a4,하이디라오/서초점,11,서울특별시,11650,서초구,음식,음식,외국식,46
202607,f407e3b51449ac974e9bb7664e545f96,KT&G상상마당/홍대,11,서울특별시,11440,마포구,39fb17a60b94a2347f16e2e5f264c364,월호텔,11,서울특별시,11410,서대문구,숙박,숙박,모텔,47
202607,f407e3b51449ac974e9bb7664e545f96,KT&G상상마당/홍대,11,서울특별시,11440,마포구,9fb8dce4c46fe540ea859737971abc3f,신세계백화점/본점디에스테이트,11,서울특별시,11140,중구,관광지,쇼핑,백화점,48
202607,f407e3b51449ac974e9bb7664e545f96,KT&G상상마당/홍대,11,서울특별시,11440,마포구,090409df97c9baea17ab3403240e1d07,송가네감자탕/본점,11,서울특별시,11440,마포구,음식,음식,한식,49
202607,f407e3b51449ac974e9bb7664e545f96,KT&G상상마당/홍대,11,서울특별시,11440,마포구,bca72ca5920938ace037c37f38dd97dc,장위기사식당,11,서울특별시,11290,성북구,음식,음식,한식,50
202607,6ea3a17abd40cbefedd8c506c0f4e0fd,한국천주교순교자박물관,11,서울특별시,11440,마포구,308f8fa93370aa3ba4dbc33370782247,스타벅스/망원한강공원점,11,서울특별시,11440,마포구,음식,음식,카페/찻집,1
202607,6ea3a17abd40cbefedd8c506c0f4e0fd,한국천주교순교자박물관,11,서울특별시,11440,마포구,5179ff334f18ff0e1193b0b5295c1234,천호공원,11,서울특별시,11740,강동구,관광지,문화관광,도시공원,2
202607,bbe6910dcd4a9b0b18c6d90bbdfa6dc7,풋볼팬타지움,11,서울특별시,11440,마포구,ba455e1df16824c56c14148bf37edb9f,살곶이체육공원,11,서울특별시,11200,성동구,관광지,문화관광,도시공원,1
202607,e32c668a30b563de4a999f3223f72a7f,하늘공원,11,서울특별시,11440,마포구,29577ed9bc92c7b8ad3dd4ceae67a11a,노을공원,11,서울특별시,11440,마포구,관광지,문화관광,도시공원,1
202607,e32c668a30b563de4a999f3223f72a7f,하늘공원,11,서울특별시,11440,마포구,d09b874d48a8ca04e572c4cad24a7b2d,난지한강공원,11,서울특별시,11440,마포구,관광지,문화관광,도시공원,2
202607,e32c668a30b563de4a999f3223f72a7f,하늘공원,11,서울특별시,11440,마포구,58e7da429ee028c95b841cb652603191,롯데시네마/합정,11,서울특별시,11440,마포구,관광지,문화관광,공연시설,3
202607,e32c668a30b563de4a999f3223f72a7f,하늘공원,11,서울특별시,11440,마포구,9dac72fa7ebfaa2eca0d9f9e4e8ddcff,팔각정북악스카이,11,서울특별시,11110,종로구,관광지,문화관광,랜드마크관광,4
202607,e32c668a30b563de4a999f3223f72a7f,하늘공원,11,서울특별시,11440,마포구,505f1d89d61d225d9ed5f6a0f6ceea0b,스타벅스/더북한산점,11,서울특별시,11380,은평구,음식,음식,카페/찻집,5
202607,e32c668a30b563de4a999f3223f72a7f,하늘공원,11,서울특별시,11440,마포구,f7882675350a7de4ebb9a05804a922be,롯데몰/은평점,11,서울특별시,11380,은평구,관광지,쇼핑,쇼핑몰,6
202607,e32c668a30b563de4a999f3223f72a7f,하늘공원,11,서울특별시,11440,마포구,4a66aaadf0b25419c769e25dd802be2c,콩면당/상암본점,11,서울특별시,11440,마포구,음식,음식,한식,7
202607,e32c668a30b563de4a999f3223f72a7f,하늘공원,11,서울특별시,11440,마포구,9d58042af96868b01de11722f6a2975f,망원한강공원,11,서울특별시,11440,마포구,관광지,문화관광,도시공원,8
202607,e32c668a30b563de4a999f3223f72a7f,하늘공원,11,서울특별시,11440,마포구,2a8e6de4e8fe6eb53a18c041e60023cf,리치몬드과자점/성산본점,11,서울특별시,11440,마포구,음식,음식,간이음식,9
202607,e32c668a30b563de4a999f3223f72a7f,하늘공원,11,서울특별시,11440,마포구,23660bd4cf06ee46ac49f6dfdfe33af2,서룡/[중식],11,서울특별시,11440,마포구,음식,음식,외국식,10
202607,e32c668a30b563de4a999f3223f72a7f,하늘공원,11,서울특별시,11440,마포구,f1ed9d0814a5db478681615f7cf33e34,맥도날드/양평SK DT점,11,서울특별시,11560,영등포구,음식,음식,간이음식,11
202607,e32c668a30b563de4a999f3223f72a7f,하늘공원,11,서울특별시,11440,마포구,d7018441d5b96e1199276b15135225db,난지캠핑장,11,서울특별시,11440,마포구,숙박,숙박,캠핑,12
202607,e32c668a30b563de4a999f3223f72a7f,하늘공원,11,서울특별시,11440,마포구,ad1885bb8c869dad884153d0abc003b3,스타벅스/북가좌DT점,11,서울특별시,11410,서대문구,음식,음식,카페/찻집,13
202607,e32c668a30b563de4a999f3223f72a7f,하늘공원,11,서울특별시,11440,마포구,fd4a5ce6241c003b273667caecaf0201,용수라면,11,서울특별시,11440,마포구,음식,음식,전문음식,14
202607,e32c668a30b563de4a999f3223f72a7f,하늘공원,11,서울특별시,11440,마포구,d6e7d2e0ef86a25cce60aac5332b28dc,국립중앙박물관,11,서울특별시,11170,용산구,관광지,문화관광,전시시설,15
202607,e32c668a30b563de4a999f3223f72a7f,하늘공원,11,서울특별시,11440,마포구,ac364ac5b7a88c24c39f1ecd406a7970,더현대/서울,11,서울특별시,11560,영등포구,관광지,쇼핑,백화점,16
202607,e32c668a30b563de4a999f3223f72a7f,하늘공원,11,서울특별시,11440,마포구,c481d9fd14da3caec9e6a37e1e2ecdc0,덕승재/[한식],11,서울특별시,11440,마포구,음식,음식,한식,17
202607,e32c668a30b563de4a999f3223f72a7f,하늘공원,11,서울특별시,11440,마포구,b6ffd5edcd8683ce3fd94d41f7ab18bb,NC백화점/강서점,11,서울특별시,11500,강서구,관광지,쇼핑,백화점,18
202607,e32c668a30b563de4a999f3223f72a7f,하늘공원,11,서울특별시,11440,마포구,72f275d7a26852ef25e506b61eada719,강서한강공원,11,서울특별시,11500,강서구,관광지,문화관광,도시공원,19
202607,e32c668a30b563de4a999f3223f72a7f,하늘공원,11,서울특별시,11440,마포구,6ed660beb19e21a242d4f1a090921894,배꼽집/상암점,11,서울특별시,11440,마포구,음식,음식,한식,20
202607,e32c668a30b563de4a999f3223f72a7f,하늘공원,11,서울특별시,11440,마포구,8ba57fda99dae27f1df09914dc84eb37,서울월드컵경기장,11,서울특별시,11440,마포구,관광지,문화관광,레저스포츠시설,21
202607,e32c668a30b563de4a999f3223f72a7f,하늘공원,11,서울특별시,11440,마포구,37ef5eb95c559b9e3ba0099b0f11b591,구로리어린이공원,11,서울특별시,11530,구로구,관광지,문화관광,도시공원,22
202607,e32c668a30b563de4a999f3223f72a7f,하늘공원,11,서울특별시,11440,마포구,11f8b3b1bf78d9c8936758e525e3ed39,서울역,11,서울특별시,11170,용산구,관광지,기타관광,교통시설,23
202607,e32c668a30b563de4a999f3223f72a7f,하늘공원,11,서울특별시,11440,마포구,054b3899f465ac2823cffd7b7e69fa8b,리움미술관/M1,11,서울특별시,11170,용산구,관광지,문화관광,전시시설,24
202607,e32c668a30b563de4a999f3223f72a7f,하늘공원,11,서울특별시,11440,마포구,7dc7d9cda98b4c562379d64cb8170898,일등식당,11,서울특별시,11440,마포구,음식,음식,한식,25
202607,e32c668a30b563de4a999f3223f72a7f,하늘공원,11,서울특별시,11440,마포구,294539848aecced85ea4fd3bc3536a2b,이비스앰배서더/서울 인사동,11,서울특별시,11110,종로구,숙박,숙박,호텔,26
202607,e32c668a30b563de4a999f3223f72a7f,하늘공원,11,서울특별시,11440,마포구,69bd803681458296aa318abc92e93e35,스타벅스/당산역사거리점,11,서울특별시,11560,영등포구,음식,음식,카페/찻집,27
202607,e32c668a30b563de4a999f3223f72a7f,하늘공원,11,서울특별시,11440,마포구,b9d2bfcacff4b0c07f220ae8cb1c1c40,현대백화점/목동점,11,서울특별시,11470,양천구,관광지,쇼핑,백화점,28
202607,e32c668a30b563de4a999f3223f72a7f,하늘공원,11,서울특별시,11440,마포구,054337f92918bca43bbde68e92cd2d3b,청송함흥냉면/본관,11,서울특별시,11410,서대문구,음식,음식,한식,29
202607,e32c668a30b563de4a999f3223f72a7f,하늘공원,11,서울특별시,11440,마포구,5e62c10f934eff919879ed59a15d2d6e,IFC몰,11,서울특별시,11560,영등포구,관광지,쇼핑,쇼핑몰,30
202607,e32c668a30b563de4a999f3223f72a7f,하늘공원,11,서울특별시,11440,마포구,1f23ef7439869eb0ae534277e8d46c53,신세계백화점/타임스퀘어점,11,서울특별시,11560,영등포구,관광지,쇼핑,백화점,31
202607,e32c668a30b563de4a999f3223f72a7f,하늘공원,11,서울특별시,11440,마포구,54db2d0e684927d49ca4457ac902b5a1,마포농수산물시장,11,서울특별시,11440,마포구,관광지,쇼핑,시장,32
202607,e32c668a30b563de4a999f3223f72a7f,하늘공원,11,서울특별시,11440,마포구,35b40620245d33f92227e62f5d890917,진관사,11,서울특별시,11380,은평구,관광지,역사관광,종교성지,33
202607,e32c668a30b563de4a999f3223f72a7f,하늘공원,11,서울특별시,11440,마포구,e932c5af6557f5837a0f7daeb2f3eee4,부첼리하우스,11,서울특별시,11170,용산구,음식,음식,전문음식,34
202607,e32c668a30b563de4a999f3223f72a7f,하늘공원,11,서울특별시,11440,마포구,e418cf50ab1d4e466be1cd95d6505e38,호텔28명동,11,서울특별시,11140,중구,숙박,숙박,호텔,35
202607,e32c668a30b563de4a999f3223f72a7f,하늘공원,11,서울특별시,11440,마포구,0aad11a91d191c34b8fb63136b84ea43,삼성동시장,11,서울특별시,11620,관악구,관광지,쇼핑,시장,36
202607,e32c668a30b563de4a999f3223f72a7f,하늘공원,11,서울특별시,11440,마포구,2e3a36ee173e08b847427ffbcb479d30,노량진수산시장,11,서울특별시,11590,동작구,관광지,쇼핑,시장,37
202607,e32c668a30b563de4a999f3223f72a7f,하늘공원,11,서울특별시,11440,마포구,4b7bb08a35185963719682d57795f6d6,황가네함흥냉면,11,서울특별시,11530,구로구,음식,음식,한식,38
202607,e32c668a30b563de4a999f3223f72a7f,하늘공원,11,서울특별시,11440,마포구,3e96b13deafa531029eecb91f085a2f9,서서울호수공원,11,서울특별시,11470,양천구,관광지,문화관광,도시공원,39
202607,e32c668a30b563de4a999f3223f72a7f,하늘공원,11,서울특별시,11440,마포구,99e3ffa66978a6b36577cbcb7eab93ee,서관면옥/홍대점,11,서울특별시,11440,마포구,음식,음식,한식,40
202607,e32c668a30b563de4a999f3223f72a7f,하늘공원,11,서울특별시,11440,마포구,308f8fa93370aa3ba4dbc33370782247,스타벅스/망원한강공원점,11,서울특별시,11440,마포구,음식,음식,카페/찻집,41
202607,e32c668a30b563de4a999f3223f72a7f,하늘공원,11,서울특별시,11440,마포구,31c07ea006ee0c0147903ca827b8ada2,노을캠핑장,11,서울특별시,11440,마포구,숙박,숙박,캠핑,42
202607,e32c668a30b563de4a999f3223f72a7f,하늘공원,11,서울특별시,11440,마포구,b520776c8884c2c978df3efc44bf67f0,아이스플렉스,11,서울특별시,11470,양천구,관광지,레저스포츠,육상레저스포츠,43
202607,e32c668a30b563de4a999f3223f72a7f,하늘공원,11,서울특별시,11440,마포구,c19c729aecccaaf773649c7efc4349c6,난지한강공원물놀이장,11,서울특별시,11440,마포구,관광지,문화관광,테마공원,44
202607,e32c668a30b563de4a999f3223f72a7f,하늘공원,11,서울특별시,11440,마포구,f2137f4323b6dfe76857f3585d168dac,SCC홀/서초,11,서울특별시,11650,서초구,관광지,문화관광,공연시설,45
202607,e32c668a30b563de4a999f3223f72a7f,하늘공원,11,서울특별시,11440,마포구,638c3855b648cd2a1944c7b55c6230f8,헤비스테이크/상암DMC점,11,서울특별시,11440,마포구,음식,음식,전문음식,46
202607,e32c668a30b563de4a999f3223f72a7f,하늘공원,11,서울특별시,11440,마포구,8ec6308e3f8578e270db3c7af39967d0,백란,11,서울특별시,11305,강북구,음식,음식,카페/찻집,47
202607,e32c668a30b563de4a999f3223f72a7f,하늘공원,11,서울특별시,11440,마포구,5738356cb53aeadc9c9fb55709b96bdd,커피빈/마곡케이스퀘어점,11,서울특별시,11500,강서구,음식,음식,카페/찻집,48
202607,e32c668a30b563de4a999f3223f72a7f,하늘공원,11,서울특별시,11440,마포구,c1613e098323e4f05161f82e0ab04a3b,독서당어린이공원,11,서울특별시,11170,용산구,관광지,문화관광,도시공원,49
202607,e32c668a30b563de4a999f3223f72a7f,하늘공원,11,서울특별시,11440,마포구,545416e168dc333fda8cd6e28382cce3,개성보신탕,11,서울특별시,11500,강서구,음식,음식,한식,50
202607,a9a5c87ba26af1f218a83fccb0dae6cf,법안정사,11,서울특별시,11470,양천구,98b3fe2c24ce3eb4dc6fa82f368df0dd,애슐리퀸즈/이마트목동점,11,서울특별시,11470,양천구,음식,음식,전문음식,1
202607,a9a5c87ba26af1f218a83fccb0dae6cf,법안정사,11,서울특별시,11470,양천구,1947819aa1df22cf8ec3f963c1094aba,동호철판낙지,11,서울특별시,11470,양천구,음식,음식,전문음식,2
202607,a9a5c87ba26af1f218a83fccb0dae6cf,법안정사,11,서울특별시,11470,양천구,059ce4933b77f352d793eff348c41fe0,로와이드/압구정점,11,서울특별시,11680,강남구,음식,음식,카페/찻집,3
202607,a9a5c87ba26af1f218a83fccb0dae6cf,법안정사,11,서울특별시,11470,양천구,f1c05a10001b27634cbd1e5861f7b699,행복한백화점,11,서울특별시,11470,양천구,관광지,쇼핑,백화점,4
202607,a9a5c87ba26af1f218a83fccb0dae6cf,법안정사,11,서울특별시,11470,양천구,328c38a209d71d2911466a9fd7f8b4d2,용문사,11,서울특별시,11500,강서구,관광지,역사관광,종교성지,5
202607,a9a5c87ba26af1f218a83fccb0dae6cf,법안정사,11,서울특별시,11470,양천구,6e83a36a9b7bd04680c637b8f44a99ab,봉은사,11,서울특별시,11680,강남구,관광지,역사관광,종교성지,6
202607,a9a5c87ba26af1f218a83fccb0dae6cf,법안정사,11,서울특별시,11470,양천구,eaf91adda69f82134d685d50f52db790,호텔볼,11,서울특별시,11500,강서구,숙박,숙박,모텔,7
202607,a9a5c87ba26af1f218a83fccb0dae6cf,법안정사,11,서울특별시,11470,양천구,ab6f14badc5caebd63cb7f9eed751199,트래버틴/한남점,11,서울특별시,11170,용산구,음식,음식,카페/찻집,8
202607,a9a5c87ba26af1f218a83fccb0dae6cf,법안정사,11,서울특별시,11470,양천구,bc179d6e66e3796888ab0b5ab9dadb06,더링크서울트리뷰트포트폴리오호텔,11,서울특별시,11530,구로구,숙박,숙박,호텔,9
202607,a9a5c87ba26af1f218a83fccb0dae6cf,법안정사,11,서울특별시,11470,양천구,9f39758f2e37ba152a6bb140e8040a39,할리스/대방역점,11,서울특별시,11590,동작구,음식,음식,카페/찻집,10
202607,a9a5c87ba26af1f218a83fccb0dae6cf,법안정사,11,서울특별시,11470,양천구,e7c29e8b27157ad1d397bfdbb59d92be,호텔뉴브,11,서울특별시,11680,강남구,숙박,숙박,호텔,11
202607,a9a5c87ba26af1f218a83fccb0dae6cf,법안정사,11,서울특별시,11470,양천구,9694b0cb4fb8cbee52b3615a7307ce14,고기를품다/중화점,11,서울특별시,11260,중랑구,음식,음식,한식,12
202607,a9a5c87ba26af1f218a83fccb0dae6cf,법안정사,11,서울특별시,11470,양천구,f6f3933ea7c468670539bcb46d575764,송추가마골인어반/목동점,11,서울특별시,11470,양천구,음식,음식,한식,13
202607,a9a5c87ba26af1f218a83fccb0dae6cf,법안정사,11,서울특별시,11470,양천구,8c46e2efae86282c3711c2718d20ba74,파리공원,11,서울특별시,11470,양천구,관광지,문화관광,도시공원,14
202607,a9a5c87ba26af1f218a83fccb0dae6cf,법안정사,11,서울특별시,11470,양천구,20f85a1ba097939dce3c662dd7ddbb8a,보문사,11,서울특별시,11290,성북구,관광지,역사관광,종교성지,15
202607,a9a5c87ba26af1f218a83fccb0dae6cf,법안정사,11,서울특별시,11470,양천구,4647a7186478062a4d49e528c2af21ce,화계사,11,서울특별시,11305,강북구,관광지,역사관광,종교성지,16
202607,a9a5c87ba26af1f218a83fccb0dae6cf,법안정사,11,서울특별시,11470,양천구,9248475a8d3a131ac3feeee08a28009f,구로피크닉가든,11,서울특별시,11470,양천구,숙박,숙박,캠핑,17
202607,a9a5c87ba26af1f218a83fccb0dae6cf,법안정사,11,서울특별시,11470,양천구,b9d2bfcacff4b0c07f220ae8cb1c1c40,현대백화점/목동점,11,서울특별시,11470,양천구,관광지,쇼핑,백화점,18
202607,a9a5c87ba26af1f218a83fccb0dae6cf,법안정사,11,서울특별시,11470,양천구,8245ff15867429e36a7a150a1953ecf7,60계치킨/서울마곡점,11,서울특별시,11500,강서구,음식,음식,간이음식,19
202607,8c46e2efae86282c3711c2718d20ba74,파리공원,11,서울특별시,11470,양천구,7093490ccab1bbdf3a1a4023eb8fe1bd,용산역,11,서울특별시,11170,용산구,관광지,기타관광,교통시설,1
202607,8c46e2efae86282c3711c2718d20ba74,파리공원,11,서울특별시,11470,양천구,94b37da181384604e8bdf68b3217008e,여의도한강공원,11,서울특별시,11560,영등포구,관광지,문화관광,도시공원,2
202607,8c46e2efae86282c3711c2718d20ba74,파리공원,11,서울특별시,11470,양천구,25df89980765c5ae0e6e8ee8cf5e4720,반포종합운동장,11,서울특별시,11650,서초구,관광지,문화관광,도시공원,3
202607,8c46e2efae86282c3711c2718d20ba74,파리공원,11,서울특별시,11470,양천구,a2a38129c436fc5bf34559e9dbc2032e,캘리클럽/아이파크몰고척점,11,서울특별시,11530,구로구,관광지,문화관광,테마공원,4
202607,8c46e2efae86282c3711c2718d20ba74,파리공원,11,서울특별시,11470,양천구,7aaff1ab28cf6d6f7e29b62b49be0445,메가박스/화곡,11,서울특별시,11500,강서구,관광지,문화관광,공연시설,5
202607,8c46e2efae86282c3711c2718d20ba74,파리공원,11,서울특별시,11470,양천구,a35aef0fd9a33c7fa87d109df00144b5,고메스퀘어/수유점,11,서울특별시,11305,강북구,음식,음식,전문음식,6
202607,8c46e2efae86282c3711c2718d20ba74,파리공원,11,서울특별시,11470,양천구,666decfe99780bb1046fd1bb6f76f965,롯데백화점/청량리점,11,서울특별시,11230,동대문구,관광지,쇼핑,백화점,7
202607,8c46e2efae86282c3711c2718d20ba74,파리공원,11,서울특별시,11470,양천구,01953653a8a2e279ecab3087df280fd2,아이파크몰/용산점,11,서울특별시,11170,용산구,관광지,쇼핑,백화점,8
202607,8c46e2efae86282c3711c2718d20ba74,파리공원,11,서울특별시,11470,양천구,f7db13386454db34c636a7ab31ffc428,삼거리먼지막순대국,11,서울특별시,11560,영등포구,음식,음식,한식,9
202607,8c46e2efae86282c3711c2718d20ba74,파리공원,11,서울특별시,11470,양천구,280938e95a03bd2f9693d07d1540359e,봉우리/역삼본점 [한식],11,서울특별시,11680,강남구,음식,음식,한식,10
202607,8c46e2efae86282c3711c2718d20ba74,파리공원,11,서울특별시,11470,양천구,dcb9401c1b2489e806f753c3db60461d,포방터시장,11,서울특별시,11410,서대문구,관광지,쇼핑,시장,11
202607,8c46e2efae86282c3711c2718d20ba74,파리공원,11,서울특별시,11470,양천구,256235f4c83ac35cae9af86350a4f573,능이버섯백숙,11,서울특별시,11560,영등포구,음식,음식,한식,12
202607,8c46e2efae86282c3711c2718d20ba74,파리공원,11,서울특별시,11470,양천구,f1c05a10001b27634cbd1e5861f7b699,행복한백화점,11,서울특별시,11470,양천구,관광지,쇼핑,백화점,13
202607,8c46e2efae86282c3711c2718d20ba74,파리공원,11,서울특별시,11470,양천구,7239aeff01af9740377223e7f8208bcb,스타벅스 선유도역/1번출구점,11,서울특별시,11560,영등포구,음식,음식,카페/찻집,14
202607,8c46e2efae86282c3711c2718d20ba74,파리공원,11,서울특별시,11470,양천구,799978819c96f8721bb0ed8ad36903b9,장수촌풍천장어,11,서울특별시,11500,강서구,음식,음식,전문음식,15
202607,8c46e2efae86282c3711c2718d20ba74,파리공원,11,서울특별시,11470,양천구,f407e3b51449ac974e9bb7664e545f96,KT&G상상마당/홍대,11,서울특별시,11440,마포구,관광지,문화관광,기타문화관광지,16
202607,8c46e2efae86282c3711c2718d20ba74,파리공원,11,서울특별시,11470,양천구,5d2c61f36d86fcb541df24f1c4252b2f,월드컵공원,11,서울특별시,11440,마포구,관광지,문화관광,도시공원,17
202607,8c46e2efae86282c3711c2718d20ba74,파리공원,11,서울특별시,11470,양천구,06f81215aa7fdb6e30da21f32aa7028f,호텔국도,11,서울특별시,11140,중구,숙박,숙박,호텔,18
202607,8c46e2efae86282c3711c2718d20ba74,파리공원,11,서울특별시,11470,양천구,38a215c7592f8b5f8de3f5652bb85e24,동달식당,11,서울특별시,11650,서초구,음식,음식,한식,19
202607,8c46e2efae86282c3711c2718d20ba74,파리공원,11,서울특별시,11470,양천구,d4edfdccdab18d787235c82f7e430fdc,신라호텔/서울,11,서울특별시,11140,중구,숙박,숙박,호텔,20
202607,8c46e2efae86282c3711c2718d20ba74,파리공원,11,서울특별시,11470,양천구,a7eeee77c0beb0cba152940bcaae70d5,코끼리베이글/성수점,11,서울특별시,11200,성동구,음식,음식,간이음식,21
202607,8c46e2efae86282c3711c2718d20ba74,파리공원,11,서울특별시,11470,양천구,33b7f43188be83f6466947067e5fd89d,유한양행/윌로우하우스,11,서울특별시,11590,동작구,관광지,문화관광,전시시설,22
202607,8c46e2efae86282c3711c2718d20ba74,파리공원,11,서울특별시,11470,양천구,b8bdd44dee3a05879654edcfb1a4c627,영등포아트홀,11,서울특별시,11560,영등포구,관광지,문화관광,공연시설,23
202607,8c46e2efae86282c3711c2718d20ba74,파리공원,11,서울특별시,11470,양천구,d91426e742fca4fff84afc0b964ddf76,마나오,11,서울특별시,11170,용산구,음식,음식,외국식,24
202607,8c46e2efae86282c3711c2718d20ba74,파리공원,11,서울특별시,11470,양천구,64f1721802d2e6f37008f9033435b317,JW메리어트/동대문스퀘어서울,11,서울특별시,11110,종로구,숙박,숙박,호텔,25
202607,8c46e2efae86282c3711c2718d20ba74,파리공원,11,서울특별시,11470,양천구,f451d638e8d101aeea9981fa34d61010,마부자생삼겹살/합정점,11,서울특별시,11440,마포구,음식,음식,한식,26
202607,8c46e2efae86282c3711c2718d20ba74,파리공원,11,서울특별시,11470,양천구,6645f7bfa5b1d0f6b868988484fe2ce8,카페카카,11,서울특별시,11440,마포구,음식,음식,카페/찻집,27
202607,8c46e2efae86282c3711c2718d20ba74,파리공원,11,서울특별시,11470,양천구,784d553e949409d7857e74087d488fba,차백도/성수점,11,서울특별시,11200,성동구,음식,음식,카페/찻집,28
202607,8c46e2efae86282c3711c2718d20ba74,파리공원,11,서울특별시,11470,양천구,d6fc35148971055dbb49b99195e9e8bd,오월의종/한남점,11,서울특별시,11170,용산구,음식,음식,간이음식,29
202607,8c46e2efae86282c3711c2718d20ba74,파리공원,11,서울특별시,11470,양천구,4da846df278a365725dc84844c43fa1a,엉터리생고기무한대패/신월5동점,11,서울특별시,11470,양천구,음식,음식,한식,30
202607,8c46e2efae86282c3711c2718d20ba74,파리공원,11,서울특별시,11470,양천구,a6299524101da53af40a8950e1e8f013,박씨물고온제비,11,서울특별시,11560,영등포구,음식,음식,한식,31
202607,8c46e2efae86282c3711c2718d20ba74,파리공원,11,서울특별시,11470,양천구,779e42d5ac3aeedb269f664bbc9c9f18,아이러브신당동,11,서울특별시,11140,중구,음식,음식,간이음식,32
202607,8c46e2efae86282c3711c2718d20ba74,파리공원,11,서울특별시,11470,양천구,a9a5c87ba26af1f218a83fccb0dae6cf,법안정사,11,서울특별시,11470,양천구,관광지,역사관광,종교성지,33
202607,8c46e2efae86282c3711c2718d20ba74,파리공원,11,서울특별시,11470,양천구,42c2cc0b74b0f4a3a7e52d1ff617e05e,이조면옥,11,서울특별시,11500,강서구,음식,음식,한식,34
202607,8c46e2efae86282c3711c2718d20ba74,파리공원,11,서울특별시,11470,양천구,b9d2bfcacff4b0c07f220ae8cb1c1c40,현대백화점/목동점,11,서울특별시,11470,양천구,관광지,쇼핑,백화점,35
202607,8c46e2efae86282c3711c2718d20ba74,파리공원,11,서울특별시,11470,양천구,11f8b3b1bf78d9c8936758e525e3ed39,서울역,11,서울특별시,11170,용산구,관광지,기타관광,교통시설,36
202607,8c46e2efae86282c3711c2718d20ba74,파리공원,11,서울특별시,11470,양천구,9ca14ec565c528f7e108a3b447810dff,삼계/마곡본점,11,서울특별시,11500,강서구,음식,음식,한식,37
202607,8c46e2efae86282c3711c2718d20ba74,파리공원,11,서울특별시,11470,양천구,7b942fba5f145f4c0214de39c21315a8,롯데몰/김포공항점,11,서울특별시,11500,강서구,관광지,쇼핑,쇼핑몰,38
202607,8c46e2efae86282c3711c2718d20ba74,파리공원,11,서울특별시,11470,양천구,036fd80402c541a6e4e3541439de2ab8,신평화패션타운,11,서울특별시,11140,중구,관광지,쇼핑,시장,39
202607,8c46e2efae86282c3711c2718d20ba74,파리공원,11,서울특별시,11470,양천구,b884c5f3d35c024f6179429e5d3728d9,스타벅스/화곡DT점,11,서울특별시,11500,강서구,음식,음식,카페/찻집,40
202607,8c46e2efae86282c3711c2718d20ba74,파리공원,11,서울특별시,11470,양천구,fa73604ea5d6dc21e0bffeec30242e32,아쿠아밸리,11,서울특별시,11545,금천구,관광지,문화관광,테마공원,41
202607,8c46e2efae86282c3711c2718d20ba74,파리공원,11,서울특별시,11470,양천구,cbbf6554997584ddb39d16bbce7da405,신트리공원,11,서울특별시,11470,양천구,관광지,문화관광,도시공원,42
202607,8c46e2efae86282c3711c2718d20ba74,파리공원,11,서울특별시,11470,양천구,a73d1e169658652721d5dd344816ba55,무탄/여의도점 [중식],11,서울특별시,11560,영등포구,음식,음식,외국식,43
202607,8c46e2efae86282c3711c2718d20ba74,파리공원,11,서울특별시,11470,양천구,98b3fe2c24ce3eb4dc6fa82f368df0dd,애슐리퀸즈/이마트목동점,11,서울특별시,11470,양천구,음식,음식,전문음식,44
202607,8c46e2efae86282c3711c2718d20ba74,파리공원,11,서울특별시,11470,양천구,d49bf38c842a97c42d15318809fdfab0,옥동식/서교점,11,서울특별시,11440,마포구,음식,음식,한식,45
202607,8c46e2efae86282c3711c2718d20ba74,파리공원,11,서울특별시,11470,양천구,3bedf0da58141a69c819af6166ce3c1d,맨홀커피웨스턴책방,11,서울특별시,11560,영등포구,음식,음식,카페/찻집,46
202607,8c46e2efae86282c3711c2718d20ba74,파리공원,11,서울특별시,11470,양천구,6684e41deedd55175bd3f2634d856297,키즈런스포츠파크/목동점,11,서울특별시,11470,양천구,관광지,문화관광,테마공원,47
202607,8c46e2efae86282c3711c2718d20ba74,파리공원,11,서울특별시,11470,양천구,1947819aa1df22cf8ec3f963c1094aba,동호철판낙지,11,서울특별시,11470,양천구,음식,음식,전문음식,48
202607,8c46e2efae86282c3711c2718d20ba74,파리공원,11,서울특별시,11470,양천구,7a619ea2f5b7aff78b25a9865a3431fe,롯데백화점/영등포점,11,서울특별시,11560,영등포구,관광지,쇼핑,백화점,49
202607,8c46e2efae86282c3711c2718d20ba74,파리공원,11,서울특별시,11470,양천구,3e96b13deafa531029eecb91f085a2f9,서서울호수공원,11,서울특별시,11470,양천구,관광지,문화관광,도시공원,50
202607,585ccad23ea0b84e10286f9e45a86a8d,미타사,11,서울특별시,11500,강서구,553557911411013ed585eeb8619dfd09,백구사,11,서울특별시,11500,강서구,관광지,역사관광,종교성지,1
202607,585ccad23ea0b84e10286f9e45a86a8d,미타사,11,서울특별시,11500,강서구,ce5f04a4722494d38e2758dd180b4074,돈오리,11,서울특별시,11170,용산구,음식,음식,전문음식,2
202607,e4c6c80e05b8d2c8df5060b2e364ae5a,성심사,11,서울특별시,11500,강서구,c2c2a04512b35d13102459f8784f1a2d,경창시장,11,서울특별시,11470,양천구,관광지,쇼핑,시장,1
202607,e4c6c80e05b8d2c8df5060b2e364ae5a,성심사,11,서울특별시,11500,강서구,b9d2bfcacff4b0c07f220ae8cb1c1c40,현대백화점/목동점,11,서울특별시,11470,양천구,관광지,쇼핑,백화점,2
202607,e4c6c80e05b8d2c8df5060b2e364ae5a,성심사,11,서울특별시,11500,강서구,94bff1fda623727e72b932c52c38a223,어나더사이드,11,서울특별시,11500,강서구,음식,음식,카페/찻집,3
202607,e4c6c80e05b8d2c8df5060b2e364ae5a,성심사,11,서울특별시,11500,강서구,68e83e9ca019bf4170fff403fc1c1c85,유림/강서점,11,서울특별시,11500,강서구,음식,음식,한식,4
202607,e4c6c80e05b8d2c8df5060b2e364ae5a,성심사,11,서울특별시,11500,강서구,f1c05a10001b27634cbd1e5861f7b699,행복한백화점,11,서울특별시,11470,양천구,관광지,쇼핑,백화점,5
202607,e4c6c80e05b8d2c8df5060b2e364ae5a,성심사,11,서울특별시,11500,강서구,03c4f563ac02b5afa96186ab772d1b4f,광주똑순이아구찜,11,서울특별시,11500,강서구,음식,음식,한식,6
202607,e4c6c80e05b8d2c8df5060b2e364ae5a,성심사,11,서울특별시,11500,강서구,6edf57b62b9e53b1b81a3d3f9c12168b,인서울27골프클럽,11,서울특별시,11500,강서구,관광지,레저스포츠,육상레저스포츠,7
202607,e4c6c80e05b8d2c8df5060b2e364ae5a,성심사,11,서울특별시,11500,강서구,0fddd4f04edf6c4394ec3c946ab96733,삼정호텔,11,서울특별시,11680,강남구,숙박,숙박,호텔,8
202607,e4c6c80e05b8d2c8df5060b2e364ae5a,성심사,11,서울특별시,11500,강서구,b113fd3c3767bd042f56a8e477a8deac,서울가든호텔,11,서울특별시,11440,마포구,숙박,숙박,호텔,9
202607,e4c6c80e05b8d2c8df5060b2e364ae5a,성심사,11,서울특별시,11500,강서구,3b1fba6a0715ad3f1eede84813fe24b0,더샵갤러리2.0,11,서울특별시,11680,강남구,관광지,문화관광,전시시설,10
202607,e4c6c80e05b8d2c8df5060b2e364ae5a,성심사,11,서울특별시,11500,강서구,d1f69a42b8e819d4649a67e618f8ac04,글래드호텔/마포,11,서울특별시,11440,마포구,숙박,숙박,호텔,11
202607,e4c6c80e05b8d2c8df5060b2e364ae5a,성심사,11,서울특별시,11500,강서구,44c09ce03f88535548ef07ea3f888fff,나인트리프리미어로카우스호텔/서울용산,11,서울특별시,11170,용산구,숙박,숙박,호텔,12
202607,e4c6c80e05b8d2c8df5060b2e364ae5a,성심사,11,서울특별시,11500,강서구,e8bc14457451aaf29bc9c98a26586c73,KBS아레나,11,서울특별시,11500,강서구,관광지,문화관광,공연시설,13
202607,e4c6c80e05b8d2c8df5060b2e364ae5a,성심사,11,서울특별시,11500,강서구,8e52f93f0d9cbd4899f4a7974458f5ac,수협강서수산시장,11,서울특별시,11500,강서구,관광지,쇼핑,시장,14
202607,e4c6c80e05b8d2c8df5060b2e364ae5a,성심사,11,서울특별시,11500,강서구,af63eaa884153d8325f861ac295f699f,양천뼈다귀/본점,11,서울특별시,11470,양천구,음식,음식,한식,15
202607,e4c6c80e05b8d2c8df5060b2e364ae5a,성심사,11,서울특별시,11500,강서구,717d6dfc3747e4d2257a7c74ace5dc46,맥도날드/신월DT점,11,서울특별시,11470,양천구,음식,음식,간이음식,16
202607,e4c6c80e05b8d2c8df5060b2e364ae5a,성심사,11,서울특별시,11500,강서구,33c2c72aaa77fbfdf8a29e99d5554c6f,황금오리농장,11,서울특별시,11470,양천구,음식,음식,전문음식,17
202607,e4c6c80e05b8d2c8df5060b2e364ae5a,성심사,11,서울특별시,11500,강서구,12d8f1830c8c552b5fb1d7e6288e248f,리치몰,11,서울특별시,11530,구로구,관광지,쇼핑,쇼핑몰,18
202607,e4c6c80e05b8d2c8df5060b2e364ae5a,성심사,11,서울특별시,11500,강서구,1f42d1fe1580daeeca68c3bd7e6fdca2,명보아트홀,11,서울특별시,11140,중구,관광지,문화관광,공연시설,19
202607,e4c6c80e05b8d2c8df5060b2e364ae5a,성심사,11,서울특별시,11500,강서구,1ccf01201d85b32c0e53615d5113b5ce,푸주옥,11,서울특별시,11470,양천구,음식,음식,한식,20
202607,e4c6c80e05b8d2c8df5060b2e364ae5a,성심사,11,서울특별시,11500,강서구,2e3a36ee173e08b847427ffbcb479d30,노량진수산시장,11,서울특별시,11590,동작구,관광지,쇼핑,시장,21
202607,e4c6c80e05b8d2c8df5060b2e364ae5a,성심사,11,서울특별시,11500,강서구,d32ad296cd2e1d39257f25d652ace005,국제청소년센터유스호스텔,11,서울특별시,11500,강서구,숙박,숙박,호스텔,22
202607,e4c6c80e05b8d2c8df5060b2e364ae5a,성심사,11,서울특별시,11500,강서구,25e72da567208a29d8e16a91a8d31154,유니온호텔,11,서울특별시,11500,강서구,숙박,숙박,모텔,23
202607,fd1b398a59b94203a2830656eb32f31d,약사사,11,서울특별시,11500,강서구,7b942fba5f145f4c0214de39c21315a8,롯데몰/김포공항점,11,서울특별시,11500,강서구,관광지,쇼핑,쇼핑몰,1
202607,fd1b398a59b94203a2830656eb32f31d,약사사,11,서울특별시,11500,강서구,39c128f62773954644440000e486ecea,방신재래시장,11,서울특별시,11500,강서구,관광지,쇼핑,시장,2
202607,fd1b398a59b94203a2830656eb32f31d,약사사,11,서울특별시,11500,강서구,4e79c5da7b1bee5f66df8967ba43e8d5,에머이/마곡나루점,11,서울특별시,11500,강서구,음식,음식,외국식,3
202607,fd1b398a59b94203a2830656eb32f31d,약사사,11,서울특별시,11500,강서구,b6ffd5edcd8683ce3fd94d41f7ab18bb,NC백화점/강서점,11,서울특별시,11500,강서구,관광지,쇼핑,백화점,4
202607,fd1b398a59b94203a2830656eb32f31d,약사사,11,서울특별시,11500,강서구,1892da6635e699ca9a206ff364aa40ed,발산삼계탕,11,서울특별시,11500,강서구,음식,음식,한식,5
202607,fd1b398a59b94203a2830656eb32f31d,약사사,11,서울특별시,11500,강서구,ac2bc680e10a89ffacad2a13e02a5701,맥도날드/우장산DT점,11,서울특별시,11500,강서구,음식,음식,간이음식,6
202607,fd1b398a59b94203a2830656eb32f31d,약사사,11,서울특별시,11500,강서구,69613def5e53b5ef3d8026a44b78b0c9,국립항공박물관,11,서울특별시,11500,강서구,관광지,문화관광,전시시설,7
202607,fd1b398a59b94203a2830656eb32f31d,약사사,11,서울특별시,11500,강서구,5773577b1aa8d4aa78ecdd25a5852f22,메이필드호텔/서울,11,서울특별시,11500,강서구,숙박,숙박,호텔,8
202607,fd1b398a59b94203a2830656eb32f31d,약사사,11,서울특별시,11500,강서구,f39ce560b4d40453fde13aada9c678db,새싹어린이교통공원,11,서울특별시,11500,강서구,관광지,문화관광,도시공원,9
202607,fd1b398a59b94203a2830656eb32f31d,약사사,11,서울특별시,11500,강서구,a3926747aaa6f31988880cc784e5d13f,하이디라오/영등포점,11,서울특별시,11560,영등포구,음식,음식,외국식,10
202607,fd1b398a59b94203a2830656eb32f31d,약사사,11,서울특별시,11500,강서구,aae28b10cd07789e289f4335299a9efb,규카츠정/마곡점,11,서울특별시,11500,강서구,음식,음식,외국식,11
202607,fd1b398a59b94203a2830656eb32f31d,약사사,11,서울특별시,11500,강서구,29a63a3937dab80ee7719bd2a4c5f65d,사자암,11,서울특별시,11590,동작구,관광지,역사관광,종교성지,12
202607,fd1b398a59b94203a2830656eb32f31d,약사사,11,서울특별시,11500,강서구,229c0c576e2618d9ad7543255e3a7212,김순옥들내음/본점,11,서울특별시,11500,강서구,음식,음식,한식,13
202607,fd1b398a59b94203a2830656eb32f31d,약사사,11,서울특별시,11500,강서구,c6344b0ae32e496be8b1b701e540d566,김포국제공항국내선,11,서울특별시,11500,강서구,관광지,기타관광,교통시설,14
202607,fd1b398a59b94203a2830656eb32f31d,약사사,11,서울특별시,11500,강서구,de6efd194bd4d757160c30bc8b455d83,빽다방/용산국방부점,11,서울특별시,11170,용산구,음식,음식,카페/찻집,15
202607,fd1b398a59b94203a2830656eb32f31d,약사사,11,서울특별시,11500,강서구,b4668dfa13ab9fc171ca5afe01624d6a,맥도날드/보라매점,11,서울특별시,11560,영등포구,음식,음식,간이음식,16
202607,fd1b398a59b94203a2830656eb32f31d,약사사,11,서울특별시,11500,강서구,72d08012e8f49a495eaad22312b5eacb,벽운계곡,11,서울특별시,11350,노원구,관광지,자연관광,자연경관(산),17
202607,fd1b398a59b94203a2830656eb32f31d,약사사,11,서울특별시,11500,강서구,03c4f563ac02b5afa96186ab772d1b4f,광주똑순이아구찜,11,서울특별시,11500,강서구,음식,음식,한식,18
202607,fd1b398a59b94203a2830656eb32f31d,약사사,11,서울특별시,11500,강서구,ddc50d2f0e838f6fd4f276146776b5f3,소곤면옥/양천향교본점,11,서울특별시,11500,강서구,음식,음식,한식,19
202607,fd1b398a59b94203a2830656eb32f31d,약사사,11,서울특별시,11500,강서구,b2f21a0695301aaf7ca5fe64b5a2f2e8,메가박스/상암월드컵경기장,11,서울특별시,11440,마포구,관광지,문화관광,공연시설,20
202607,fd1b398a59b94203a2830656eb32f31d,약사사,11,서울특별시,11500,강서구,fca0cdee25fb479e9a8f105607d68345,스타벅스/마곡나루공원점,11,서울특별시,11500,강서구,음식,음식,카페/찻집,21
202607,fd1b398a59b94203a2830656eb32f31d,약사사,11,서울특별시,11500,강서구,1c193ef9c103668fa0337acc6d760996,청류/마곡점,11,서울특별시,11500,강서구,음식,음식,한식,22
202607,fd1b398a59b94203a2830656eb32f31d,약사사,11,서울특별시,11500,강서구,8e52f93f0d9cbd4899f4a7974458f5ac,수협강서수산시장,11,서울특별시,11500,강서구,관광지,쇼핑,시장,23
202607,fd1b398a59b94203a2830656eb32f31d,약사사,11,서울특별시,11500,강서구,d7a1fe1ac574158b4aa97fd7716e772d,또순이네집/마곡동점,11,서울특별시,11500,강서구,음식,음식,한식,24
202607,fd1b398a59b94203a2830656eb32f31d,약사사,11,서울특별시,11500,강서구,e5712730c371e5fddd7474df6752b347,롯데백화점/본점,11,서울특별시,11140,중구,관광지,쇼핑,백화점,25
202607,ef011abde85cb1e5bf4622fe0f8dd85f,가리봉시장,11,서울특별시,11530,구로구,7e3c8f83d8660f652d4eca980bfa59cd,독산동우시장,11,서울특별시,11545,금천구,관광지,쇼핑,시장,1
202607,ef011abde85cb1e5bf4622fe0f8dd85f,가리봉시장,11,서울특별시,11530,구로구,3e96b13deafa531029eecb91f085a2f9,서서울호수공원,11,서울특별시,11470,양천구,관광지,문화관광,도시공원,2
202607,ef011abde85cb1e5bf4622fe0f8dd85f,가리봉시장,11,서울특별시,11530,구로구,6178083d8926097e9f967420036957d7,대림중앙시장,11,서울특별시,11560,영등포구,관광지,쇼핑,시장,3
202607,ef011abde85cb1e5bf4622fe0f8dd85f,가리봉시장,11,서울특별시,11530,구로구,d8c33083ef391fb58934b7745d71e8ad,별빛남문시장,11,서울특별시,11545,금천구,관광지,쇼핑,시장,4
202607,ef011abde85cb1e5bf4622fe0f8dd85f,가리봉시장,11,서울특별시,11530,구로구,ba47b656acfd430f7af216a942b6f55b,구로시장,11,서울특별시,11530,구로구,관광지,쇼핑,시장,5
202607,ef011abde85cb1e5bf4622fe0f8dd85f,가리봉시장,11,서울특별시,11530,구로구,9b2aaab96fde0c38cbd11727207cd4c7,남구로시장,11,서울특별시,11530,구로구,관광지,쇼핑,시장,6
202607,ef011abde85cb1e5bf4622fe0f8dd85f,가리봉시장,11,서울특별시,11530,구로구,a3cd13a5dfd1660b9abbd156067b7bd9,그랜드워커힐/서울,11,서울특별시,11215,광진구,숙박,숙박,호텔,7
202607,ef011abde85cb1e5bf4622fe0f8dd85f,가리봉시장,11,서울특별시,11530,구로구,33625baae25e41111d995165a5101577,마리오아울렛/1관,11,서울특별시,11545,금천구,관광지,쇼핑,쇼핑몰,8
202607,ef011abde85cb1e5bf4622fe0f8dd85f,가리봉시장,11,서울특별시,11530,구로구,0653e9a6a22c9696eca442bf5227ade0,관악신사시장,11,서울특별시,11620,관악구,관광지,쇼핑,시장,9
202607,ef011abde85cb1e5bf4622fe0f8dd85f,가리봉시장,11,서울특별시,11530,구로구,5c312d65e9b258a64adc9f67b452af0e,가산물갈비&즉석소불고기,11,서울특별시,11545,금천구,음식,음식,한식,10
202607,ef011abde85cb1e5bf4622fe0f8dd85f,가리봉시장,11,서울특별시,11530,구로구,b44dd75586041d71ca8e8f56686ce99f,오라모텔,11,서울특별시,11530,구로구,숙박,숙박,모텔,11
202607,ef011abde85cb1e5bf4622fe0f8dd85f,가리봉시장,11,서울특별시,11530,구로구,36670b8c4965552098ca01fd80b66725,참조은순대국전문점/구로직영점,11,서울특별시,11530,구로구,음식,음식,한식,12
202607,ef011abde85cb1e5bf4622fe0f8dd85f,가리봉시장,11,서울특별시,11530,구로구,a59ee7dc2ed06c2bb3e51e19353ad997,빨래골,11,서울특별시,11305,강북구,관광지,기타관광,기타관광,13
202607,ef011abde85cb1e5bf4622fe0f8dd85f,가리봉시장,11,서울특별시,11530,구로구,95e30dd669ae67ef30484cd8c5e11674,깔깔거리,11,서울특별시,11530,구로구,음식,음식,음식점기타,14
202607,ef011abde85cb1e5bf4622fe0f8dd85f,가리봉시장,11,서울특별시,11530,구로구,ec60a9ad10af3a227cb25f83f5f55cca,신세계면세점/명동점,11,서울특별시,11140,중구,관광지,쇼핑,면세점,15
202607,ef011abde85cb1e5bf4622fe0f8dd85f,가리봉시장,11,서울특별시,11530,구로구,c44494236c832ff7b392ffc005a7a2a1,천호로데오거리,11,서울특별시,11740,강동구,관광지,쇼핑,기타쇼핑시설,16
202607,ef011abde85cb1e5bf4622fe0f8dd85f,가리봉시장,11,서울특별시,11530,구로구,ab2dfbbd1234537def43ac87d744d9f4,대신시장,11,서울특별시,11560,영등포구,관광지,쇼핑,시장,17
202607,ef011abde85cb1e5bf4622fe0f8dd85f,가리봉시장,11,서울특별시,11530,구로구,057579775b527ad1eb381c56981342a9,서울드래곤시티,11,서울특별시,11170,용산구,숙박,숙박,호텔,18
202607,ef011abde85cb1e5bf4622fe0f8dd85f,가리봉시장,11,서울특별시,11530,구로구,8ae84d3718a5b9aa547ac79cbb0b95fe,만리동시장,11,서울특별시,11170,용산구,관광지,쇼핑,시장,19
202607,ef011abde85cb1e5bf4622fe0f8dd85f,가리봉시장,11,서울특별시,11530,구로구,39c128f62773954644440000e486ecea,방신재래시장,11,서울특별시,11500,강서구,관광지,쇼핑,시장,20
202607,ef011abde85cb1e5bf4622fe0f8dd85f,가리봉시장,11,서울특별시,11530,구로구,e4806243e8a8e067cbf284622539cf51,타임스퀘어,11,서울특별시,11560,영등포구,관광지,쇼핑,쇼핑몰,21
202607,ef011abde85cb1e5bf4622fe0f8dd85f,가리봉시장,11,서울특별시,11530,구로구,4a7662799ae41340ff85a9dc5c85bec5,롯데백화점/강남점,11,서울특별시,11680,강남구,관광지,쇼핑,백화점,22
202607,ef011abde85cb1e5bf4622fe0f8dd85f,가리봉시장,11,서울특별시,11530,구로구,f5fa944b0ac123ee26e06ba71073c078,호텔PJ,11,서울특별시,11140,중구,숙박,숙박,호텔,23
202607,ef011abde85cb1e5bf4622fe0f8dd85f,가리봉시장,11,서울특별시,11530,구로구,37ef5eb95c559b9e3ba0099b0f11b591,구로리어린이공원,11,서울특별시,11530,구로구,관광지,문화관광,도시공원,24
202607,ef011abde85cb1e5bf4622fe0f8dd85f,가리봉시장,11,서울특별시,11530,구로구,d7e21455cf32aa1a18ce95f624bec626,역삼스낵카,11,서울특별시,11680,강남구,음식,음식,한식,25
202607,ef011abde85cb1e5bf4622fe0f8dd85f,가리봉시장,11,서울특별시,11530,구로구,b7c11f913f1d6264959fd0461b1a42c0,상봉역,11,서울특별시,11260,중랑구,관광지,기타관광,교통시설,26
202607,ef011abde85cb1e5bf4622fe0f8dd85f,가리봉시장,11,서울특별시,11530,구로구,ac364ac5b7a88c24c39f1ecd406a7970,더현대/서울,11,서울특별시,11560,영등포구,관광지,쇼핑,백화점,27
202607,ef011abde85cb1e5bf4622fe0f8dd85f,가리봉시장,11,서울특별시,11530,구로구,57f72c5f8458170534d4ead4cc4e0608,말뫼고개,11,서울특별시,11545,금천구,관광지,자연관광,자연경관(산),28
202607,ef011abde85cb1e5bf4622fe0f8dd85f,가리봉시장,11,서울특별시,11530,구로구,70c44f84f5d7a0dbb9fa8e5284fa8283,금천구 독산동 정훈단지,11,서울특별시,11545,금천구,관광지,역사관광,역사유적지,29
202607,ef011abde85cb1e5bf4622fe0f8dd85f,가리봉시장,11,서울특별시,11530,구로구,7093490ccab1bbdf3a1a4023eb8fe1bd,용산역,11,서울특별시,11170,용산구,관광지,기타관광,교통시설,30
202607,ef011abde85cb1e5bf4622fe0f8dd85f,가리봉시장,11,서울특별시,11530,구로구,083e866f4485ba6d001d93f9e1f5ad92,영등포전통시장,11,서울특별시,11560,영등포구,관광지,쇼핑,시장,31
202607,ef011abde85cb1e5bf4622fe0f8dd85f,가리봉시장,11,서울특별시,11530,구로구,176181abf4cce3c6b2bcd9fa55d93059,수색역,11,서울특별시,11380,은평구,관광지,기타관광,교통시설,32
202607,ef011abde85cb1e5bf4622fe0f8dd85f,가리봉시장,11,서울특별시,11530,구로구,f7db13386454db34c636a7ab31ffc428,삼거리먼지막순대국,11,서울특별시,11560,영등포구,음식,음식,한식,33
202607,ef011abde85cb1e5bf4622fe0f8dd85f,가리봉시장,11,서울특별시,11530,구로구,75206b4569178df73981d1fef6d87d2e,웨스틴조선호텔,11,서울특별시,11140,중구,숙박,숙박,호텔,34
202607,ef011abde85cb1e5bf4622fe0f8dd85f,가리봉시장,11,서울특별시,11530,구로구,b5ef6787d594080cd54b65a9bc884a9b,NC백화점/신구로점,11,서울특별시,11530,구로구,관광지,쇼핑,백화점,35
202607,ef011abde85cb1e5bf4622fe0f8dd85f,가리봉시장,11,서울특별시,11530,구로구,cee667b47c50d6436f83a4c3147f540c,서울고속버스터미널/경부영동선,11,서울특별시,11650,서초구,관광지,기타관광,교통시설,36
202607,ef011abde85cb1e5bf4622fe0f8dd85f,가리봉시장,11,서울특별시,11530,구로구,c00f93264f52689aa0f399c293e13dd9,오라카이인사동스위츠,11,서울특별시,11110,종로구,숙박,숙박,호텔,37
202607,ef011abde85cb1e5bf4622fe0f8dd85f,가리봉시장,11,서울특별시,11530,구로구,7d6ee6c7d086c52e3dc04e6c3c98dd46,덕수궁,11,서울특별시,11140,중구,관광지,역사관광,역사유적지,38
202607,ef011abde85cb1e5bf4622fe0f8dd85f,가리봉시장,11,서울특별시,11530,구로구,444465a10c9cd11710e619d37b39cdb0,복만루/[중식],11,서울특별시,11560,영등포구,음식,음식,외국식,39
202607,ef011abde85cb1e5bf4622fe0f8dd85f,가리봉시장,11,서울특별시,11530,구로구,7a619ea2f5b7aff78b25a9865a3431fe,롯데백화점/영등포점,11,서울특별시,11560,영등포구,관광지,쇼핑,백화점,40
202607,ef011abde85cb1e5bf4622fe0f8dd85f,가리봉시장,11,서울특별시,11530,구로구,833211256907d021c7b5c58c95fec3bf,차이797/여의도점 [중식],11,서울특별시,11560,영등포구,음식,음식,외국식,41
202607,ef011abde85cb1e5bf4622fe0f8dd85f,가리봉시장,11,서울특별시,11530,구로구,c9327039882280cf9ca10b9d93b0cc63,제로월드/강남점,11,서울특별시,11650,서초구,음식,음식,카페/찻집,42
202607,ef011abde85cb1e5bf4622fe0f8dd85f,가리봉시장,11,서울특별시,11530,구로구,358350de85da124cc7e44a89c9a8f90c,코트야드바이메리어트/서울타임스퀘어,11,서울특별시,11560,영등포구,숙박,숙박,호텔,43
202607,e2e5b1076ebd38c4be948da34409ac8a,호압사,11,서울특별시,11545,금천구,e3b75a169a25b0b0459a2415610fb8f2,관악산으뜸공원,11,서울특별시,11620,관악구,관광지,문화관광,도시공원,1
202607,e2e5b1076ebd38c4be948da34409ac8a,호압사,11,서울특별시,11545,금천구,1cc5edb859ea6a9e68ae161a9ddfe9f8,옥천암,11,서울특별시,11410,서대문구,관광지,역사관광,종교성지,2
202607,e2e5b1076ebd38c4be948da34409ac8a,호압사,11,서울특별시,11545,금천구,0bc2ec0dfc4a7df2f6eeab5b26c57120,송파관광정보센터,11,서울특별시,11710,송파구,관광지,기타관광,기타관광,3
202607,e2e5b1076ebd38c4be948da34409ac8a,호압사,11,서울특별시,11545,금천구,0aad11a91d191c34b8fb63136b84ea43,삼성동시장,11,서울특별시,11620,관악구,관광지,쇼핑,시장,4
202607,e2e5b1076ebd38c4be948da34409ac8a,호압사,11,서울특별시,11545,금천구,679815a8aa65197341ff660588490fa3,서울남부터미널,11,서울특별시,11650,서초구,관광지,기타관광,교통시설,5
202607,e2e5b1076ebd38c4be948da34409ac8a,호압사,11,서울특별시,11545,금천구,9cb8e58332701c307c5cc2158b52ea5b,우림시장,11,서울특별시,11620,관악구,관광지,쇼핑,시장,6
202607,e2e5b1076ebd38c4be948da34409ac8a,호압사,11,서울특별시,11545,금천구,a369ec568b25d0b8abf8bfc5b9fdd815,솔향기,11,서울특별시,11545,금천구,음식,음식,한식,7
202607,e2e5b1076ebd38c4be948da34409ac8a,호압사,11,서울특별시,11545,금천구,4f7b56aaee78410f20a2b9ae7a0de162,가락동농수산물도매시장,11,서울특별시,11710,송파구,관광지,쇼핑,시장,8
202607,e2e5b1076ebd38c4be948da34409ac8a,호압사,11,서울특별시,11545,금천구,aaffe30df12ffc7ec85c085e66b7531d,메가MGC커피/서울대잔디광장점,11,서울특별시,11620,관악구,음식,음식,카페/찻집,9
202607,e2e5b1076ebd38c4be948da34409ac8a,호압사,11,서울특별시,11545,금천구,1f23ef7439869eb0ae534277e8d46c53,신세계백화점/타임스퀘어점,11,서울특별시,11560,영등포구,관광지,쇼핑,백화점,10
202607,e2e5b1076ebd38c4be948da34409ac8a,호압사,11,서울특별시,11545,금천구,d46de0ce87c0600c465d06fa1e098264,갈비도락/구로항동점,11,서울특별시,11530,구로구,음식,음식,한식,11
202607,e2e5b1076ebd38c4be948da34409ac8a,호압사,11,서울특별시,11545,금천구,429665d880d09c766e7461026bda6026,성촌공원,11,서울특별시,11170,용산구,관광지,문화관광,도시공원,12
202607,e2e5b1076ebd38c4be948da34409ac8a,호압사,11,서울특별시,11545,금천구,05228afb1def44882c5295029a4e5b67,강강술래/시흥점,11,서울특별시,11545,금천구,음식,음식,한식,13
202607,e2e5b1076ebd38c4be948da34409ac8a,호압사,11,서울특별시,11545,금천구,d2a71de98df5dd0fff0d0381c7460ef6,송추가마골/관악점,11,서울특별시,11620,관악구,음식,음식,한식,14
202607,e2e5b1076ebd38c4be948da34409ac8a,호압사,11,서울특별시,11545,금천구,8873a9379c2157f834abac7e09edf8cc,한우마당/구로디지털점,11,서울특별시,11530,구로구,음식,음식,한식,15
202607,e2e5b1076ebd38c4be948da34409ac8a,호압사,11,서울특별시,11545,금천구,879e4c600bd2e937c600689f4fc9c8f8,서일순대국전문/구로점,11,서울특별시,11530,구로구,음식,음식,한식,16
202607,e2e5b1076ebd38c4be948da34409ac8a,호압사,11,서울특별시,11545,금천구,bdadd5b1a3d7264bad936bd5c2bc094e,신풍낙지,11,서울특별시,11560,영등포구,음식,음식,전문음식,17
202607,e2e5b1076ebd38c4be948da34409ac8a,호압사,11,서울특별시,11545,금천구,97d0becce6ca97a1dbb5350e677fee30,무드무드,11,서울특별시,11545,금천구,음식,음식,전문음식,18
202607,e2e5b1076ebd38c4be948da34409ac8a,호압사,11,서울특별시,11545,금천구,2797e19478480a866a5fef5a3bef66dc,투썸플레이스/서울대점,11,서울특별시,11620,관악구,음식,음식,카페/찻집,19
202607,e2e5b1076ebd38c4be948da34409ac8a,호압사,11,서울특별시,11545,금천구,fe2f79c15d3d6aca36b15fa0753836f7,메이비,11,서울특별시,11530,구로구,음식,음식,전문음식,20
202607,e2e5b1076ebd38c4be948da34409ac8a,호압사,11,서울특별시,11545,금천구,fddd3e4e45317188f52a1415c70c6505,칠궁,11,서울특별시,11110,종로구,관광지,기타관광,기타관광,21
202607,e2e5b1076ebd38c4be948da34409ac8a,호압사,11,서울특별시,11545,금천구,3f080ff708ee964e94db6aad7d779ce2,대보명가/서울본점 [한식],11,서울특별시,11305,강북구,음식,음식,한식,22
202607,e2e5b1076ebd38c4be948da34409ac8a,호압사,11,서울특별시,11545,금천구,3a8197bc7b20a28262de8416bde114ad,진영면옥,11,서울특별시,11545,금천구,음식,음식,한식,23
202607,e2e5b1076ebd38c4be948da34409ac8a,호압사,11,서울특별시,11545,금천구,362ec1d4d2cec2e99aa44cc490b8fe2f,메이탄/구의점 [중식],11,서울특별시,11215,광진구,음식,음식,외국식,24
202607,e2e5b1076ebd38c4be948da34409ac8a,호압사,11,서울특별시,11545,금천구,35101c1b373142946d4ab22787a809b9,떡볶이랑걸레만두랑,11,서울특별시,11545,금천구,음식,음식,간이음식,25
202607,508ebd1fae061fbabdad2a21fa1731b8,국회의사당/국회박물관,11,서울특별시,11560,영등포구,ac364ac5b7a88c24c39f1ecd406a7970,더현대/서울,11,서울특별시,11560,영등포구,관광지,쇼핑,백화점,1
202607,508ebd1fae061fbabdad2a21fa1731b8,국회의사당/국회박물관,11,서울특별시,11560,영등포구,e4806243e8a8e067cbf284622539cf51,타임스퀘어,11,서울특별시,11560,영등포구,관광지,쇼핑,쇼핑몰,2
202607,508ebd1fae061fbabdad2a21fa1731b8,국회의사당/국회박물관,11,서울특별시,11560,영등포구,94b37da181384604e8bdf68b3217008e,여의도한강공원,11,서울특별시,11560,영등포구,관광지,문화관광,도시공원,3
202607,508ebd1fae061fbabdad2a21fa1731b8,국회의사당/국회박물관,11,서울특별시,11560,영등포구,2ef17579f1d7e321307b272195467570,히크엣눙크,11,서울특별시,11650,서초구,음식,음식,카페/찻집,4
202607,508ebd1fae061fbabdad2a21fa1731b8,국회의사당/국회박물관,11,서울특별시,11560,영등포구,16893e36dd2df093513b508fbbcf3bf6,켄싱턴호텔/여의도,11,서울특별시,11560,영등포구,숙박,숙박,호텔,5
202607,508ebd1fae061fbabdad2a21fa1731b8,국회의사당/국회박물관,11,서울특별시,11560,영등포구,d6e7d2e0ef86a25cce60aac5332b28dc,국립중앙박물관,11,서울특별시,11170,용산구,관광지,문화관광,전시시설,6
202607,508ebd1fae061fbabdad2a21fa1731b8,국회의사당/국회박물관,11,서울특별시,11560,영등포구,2816c7d67b8419ca606de26d583fad1b,능동미나리/여의도점,11,서울특별시,11560,영등포구,음식,음식,한식,7
202607,508ebd1fae061fbabdad2a21fa1731b8,국회의사당/국회박물관,11,서울특별시,11560,영등포구,da391c809eb94fd53d6e6f668484708c,독립문영천시장,11,서울특별시,11410,서대문구,관광지,쇼핑,시장,8
202607,508ebd1fae061fbabdad2a21fa1731b8,국회의사당/국회박물관,11,서울특별시,11560,영등포구,7604329d44b67a24da33a6315b69679d,코엑스마곡,11,서울특별시,11500,강서구,관광지,문화관광,전시시설,9
202607,508ebd1fae061fbabdad2a21fa1731b8,국회의사당/국회박물관,11,서울특별시,11560,영등포구,239c4a8790cc82cfdc64b05628bb5eb7,서울형키즈카페/시립목동점,11,서울특별시,11470,양천구,관광지,문화관광,테마공원,10
202607,508ebd1fae061fbabdad2a21fa1731b8,국회의사당/국회박물관,11,서울특별시,11560,영등포구,733ea9de1405e05f7a680c3a48fd44c1,원조남산돈까스,11,서울특별시,11140,중구,음식,음식,전문음식,11
202607,508ebd1fae061fbabdad2a21fa1731b8,국회의사당/국회박물관,11,서울특별시,11560,영등포구,2fb465f9b1d3900c13142eb1cf5e8da8,글래드/여의도,11,서울특별시,11560,영등포구,숙박,숙박,호텔,12
202607,508ebd1fae061fbabdad2a21fa1731b8,국회의사당/국회박물관,11,서울특별시,11560,영등포구,1f0c4f711fa77731199227960d152753,생태공원버드나무군락지,11,서울특별시,11560,영등포구,관광지,문화관광,도시공원,13
202607,508ebd1fae061fbabdad2a21fa1731b8,국회의사당/국회박물관,11,서울특별시,11560,영등포구,4216f4b6bc7c9cdbad223e6828f2c47e,화목순대국,11,서울특별시,11560,영등포구,음식,음식,한식,14
202607,508ebd1fae061fbabdad2a21fa1731b8,국회의사당/국회박물관,11,서울특별시,11560,영등포구,9cf49423adac310cf4a5f31cdbf162e5,창고43/여의도본점,11,서울특별시,11560,영등포구,음식,음식,한식,15
202607,508ebd1fae061fbabdad2a21fa1731b8,국회의사당/국회박물관,11,서울특별시,11560,영등포구,18172339a77855d5f7970786a10a38c0,왕엄마돈가스김밥,11,서울특별시,11230,동대문구,음식,음식,간이음식,16
202607,508ebd1fae061fbabdad2a21fa1731b8,국회의사당/국회박물관,11,서울특별시,11560,영등포구,c6344b0ae32e496be8b1b701e540d566,김포국제공항국내선,11,서울특별시,11500,강서구,관광지,기타관광,교통시설,17
202607,508ebd1fae061fbabdad2a21fa1731b8,국회의사당/국회박물관,11,서울특별시,11560,영등포구,d82f56b0cd8a667ad340f7c922a98d0c,KBS아트홀,11,서울특별시,11560,영등포구,관광지,문화관광,공연시설,18
202607,508ebd1fae061fbabdad2a21fa1731b8,국회의사당/국회박물관,11,서울특별시,11560,영등포구,cee667b47c50d6436f83a4c3147f540c,서울고속버스터미널/경부영동선,11,서울특별시,11650,서초구,관광지,기타관광,교통시설,19
202607,508ebd1fae061fbabdad2a21fa1731b8,국회의사당/국회박물관,11,서울특별시,11560,영등포구,75206b4569178df73981d1fef6d87d2e,웨스틴조선호텔,11,서울특별시,11140,중구,숙박,숙박,호텔,20
202607,508ebd1fae061fbabdad2a21fa1731b8,국회의사당/국회박물관,11,서울특별시,11560,영등포구,576fe1d9a15a5db76d8e49605a83c843,DU호텔,11,서울특별시,11380,은평구,숙박,숙박,모텔,21
202607,508ebd1fae061fbabdad2a21fa1731b8,국회의사당/국회박물관,11,서울특별시,11560,영등포구,d6c9bc742abff495baef9bafbd96dcb5,여의도야외수영장,11,서울특별시,11560,영등포구,관광지,문화관광,테마공원,22
202607,508ebd1fae061fbabdad2a21fa1731b8,국회의사당/국회박물관,11,서울특별시,11560,영등포구,25fc4f37c795fc3dd96e99360c20a638,애슐리퀸즈/홍대점,11,서울특별시,11440,마포구,음식,음식,전문음식,23
202607,508ebd1fae061fbabdad2a21fa1731b8,국회의사당/국회박물관,11,서울특별시,11560,영등포구,2e63ca551ff5cbe996e22f9f16c48196,파스쿠찌/서여의도점,11,서울특별시,11560,영등포구,음식,음식,카페/찻집,24
202607,508ebd1fae061fbabdad2a21fa1731b8,국회의사당/국회박물관,11,서울특별시,11560,영등포구,42346c8081a5b62c44ecd699f5ae3dcd,스타벅스/화양삼거리점,11,서울특별시,11215,광진구,음식,음식,카페/찻집,25
202607,508ebd1fae061fbabdad2a21fa1731b8,국회의사당/국회박물관,11,서울특별시,11560,영등포구,0e03b478d11a02389c59e2a7d8e288fa,현대아울렛/가산점,11,서울특별시,11545,금천구,관광지,쇼핑,쇼핑몰,26
202607,508ebd1fae061fbabdad2a21fa1731b8,국회의사당/국회박물관,11,서울특별시,11560,영등포구,72afc7c44f660599320dc1086a1377d7,말방국밥/용산본점,11,서울특별시,11170,용산구,음식,음식,한식,27
202607,508ebd1fae061fbabdad2a21fa1731b8,국회의사당/국회박물관,11,서울특별시,11560,영등포구,294893d955bdcbf7b6aa7dff7764ebaa,페어필드바이메리어트서울호텔,11,서울특별시,11560,영등포구,숙박,숙박,호텔,28
202607,508ebd1fae061fbabdad2a21fa1731b8,국회의사당/국회박물관,11,서울특별시,11560,영등포구,2eb38024dd7d0825481ea983f7dd1479,현대백화점/압구정본점,11,서울특별시,11680,강남구,관광지,쇼핑,백화점,29
202607,508ebd1fae061fbabdad2a21fa1731b8,국회의사당/국회박물관,11,서울특별시,11560,영등포구,6c27e406da0dc109614a626d4dde1b5e,스타벅스/국회대로점,11,서울특별시,11560,영등포구,음식,음식,카페/찻집,30
202607,508ebd1fae061fbabdad2a21fa1731b8,국회의사당/국회박물관,11,서울특별시,11560,영등포구,20d448b82c37c0235b3e454f039a5243,아웃백스테이크하우스/여의도점,11,서울특별시,11560,영등포구,음식,음식,전문음식,31
202607,508ebd1fae061fbabdad2a21fa1731b8,국회의사당/국회박물관,11,서울특별시,11560,영등포구,212a5ee7d81f683592e25fbbb60ca0c2,눈스퀘어,11,서울특별시,11140,중구,관광지,쇼핑,쇼핑몰,32
202607,508ebd1fae061fbabdad2a21fa1731b8,국회의사당/국회박물관,11,서울특별시,11560,영등포구,aea6c13c56af32894803e84be62432f0,에일리언치킨,11,서울특별시,11170,용산구,음식,음식,간이음식,33
202607,508ebd1fae061fbabdad2a21fa1731b8,국회의사당/국회박물관,11,서울특별시,11560,영등포구,88ea1966dba6a47da6cb879fcc3e38bd,투썸플레이스/염창역점,11,서울특별시,11470,양천구,음식,음식,카페/찻집,34
202607,508ebd1fae061fbabdad2a21fa1731b8,국회의사당/국회박물관,11,서울특별시,11560,영등포구,6239fe4694d56e981df9b5b6d0812a80,그랜드머큐어앰배서더/용산,11,서울특별시,11170,용산구,숙박,숙박,호텔,35
202607,508ebd1fae061fbabdad2a21fa1731b8,국회의사당/국회박물관,11,서울특별시,11560,영등포구,ee0f8bd3caccf9ee97b7722c86202d24,마오/목동점,11,서울특별시,11470,양천구,음식,음식,외국식,36
202607,508ebd1fae061fbabdad2a21fa1731b8,국회의사당/국회박물관,11,서울특별시,11560,영등포구,218970f5a644e7e88da9663a46229a59,채빛퀴진,11,서울특별시,11650,서초구,음식,음식,전문음식,37
202607,508ebd1fae061fbabdad2a21fa1731b8,국회의사당/국회박물관,11,서울특별시,11560,영등포구,84713ed8625a7a9070f9977b74b580cb,권수산,11,서울특별시,11560,영등포구,음식,음식,전문음식,38
202607,508ebd1fae061fbabdad2a21fa1731b8,국회의사당/국회박물관,11,서울특별시,11560,영등포구,3b7b490e97382cc85c327b58929a3605,강변서재,11,서울특별시,11560,영등포구,음식,음식,카페/찻집,39
202607,508ebd1fae061fbabdad2a21fa1731b8,국회의사당/국회박물관,11,서울특별시,11560,영등포구,62bd7c49cdf67500a47b83d165046c5f,서울온천,11,서울특별시,11350,노원구,관광지,체험관광,웰니스관광,40
202607,508ebd1fae061fbabdad2a21fa1731b8,국회의사당/국회박물관,11,서울특별시,11560,영등포구,aa6be6a4f5997ab91804f3b6be58e878,코엑스,11,서울특별시,11680,강남구,관광지,문화관광,전시시설,41
202607,508ebd1fae061fbabdad2a21fa1731b8,국회의사당/국회박물관,11,서울특별시,11560,영등포구,eae638a0117eda42a27a586f77cc0cd3,반포한강공원,11,서울특별시,11650,서초구,관광지,문화관광,도시공원,42
202607,508ebd1fae061fbabdad2a21fa1731b8,국회의사당/국회박물관,11,서울특별시,11560,영등포구,4cedbc75113bdd112f5fa9b1eac470b8,브라운돈까스/여의도sk증권빌딩점,11,서울특별시,11560,영등포구,음식,음식,전문음식,43
202607,508ebd1fae061fbabdad2a21fa1731b8,국회의사당/국회박물관,11,서울특별시,11560,영등포구,775c61c26ccfd36838db01794d0cf643,코리아나호텔/서울,11,서울특별시,11140,중구,숙박,숙박,호텔,44
202607,508ebd1fae061fbabdad2a21fa1731b8,국회의사당/국회박물관,11,서울특별시,11560,영등포구,73ded05dc4b8eed1edb0f77d53dd8467,함루/본점,11,서울특별시,11440,마포구,음식,음식,외국식,45
202607,508ebd1fae061fbabdad2a21fa1731b8,국회의사당/국회박물관,11,서울특별시,11560,영등포구,5d88899ac1ad2d7323971fb8c24561d4,포포인츠바이쉐라톤조선/서울역,11,서울특별시,11170,용산구,숙박,숙박,호텔,46
202607,508ebd1fae061fbabdad2a21fa1731b8,국회의사당/국회박물관,11,서울특별시,11560,영등포구,0434523a3936828dc618bc0f12d50c9c,머큐어/서울마곡,11,서울특별시,11500,강서구,숙박,숙박,호텔,47
202607,508ebd1fae061fbabdad2a21fa1731b8,국회의사당/국회박물관,11,서울특별시,11560,영등포구,3e8bc5fb1dda8f0103a061cc467e8491,카페꼼마/여의도점,11,서울특별시,11560,영등포구,음식,음식,카페/찻집,48
202607,508ebd1fae061fbabdad2a21fa1731b8,국회의사당/국회박물관,11,서울특별시,11560,영등포구,a3cd13a5dfd1660b9abbd156067b7bd9,그랜드워커힐/서울,11,서울특별시,11215,광진구,숙박,숙박,호텔,49
202607,508ebd1fae061fbabdad2a21fa1731b8,국회의사당/국회박물관,11,서울특별시,11560,영등포구,338540771b17423d224911da0730862b,원조호수삼계탕/본점,11,서울특별시,11560,영등포구,음식,음식,한식,50
202607,e4806243e8a8e067cbf284622539cf51,타임스퀘어,11,서울특별시,11560,영등포구,ac364ac5b7a88c24c39f1ecd406a7970,더현대/서울,11,서울특별시,11560,영등포구,관광지,쇼핑,백화점,1
202607,e4806243e8a8e067cbf284622539cf51,타임스퀘어,11,서울특별시,11560,영등포구,5e62c10f934eff919879ed59a15d2d6e,IFC몰,11,서울특별시,11560,영등포구,관광지,쇼핑,쇼핑몰,2
202607,e4806243e8a8e067cbf284622539cf51,타임스퀘어,11,서울특별시,11560,영등포구,01953653a8a2e279ecab3087df280fd2,아이파크몰/용산점,11,서울특별시,11170,용산구,관광지,쇼핑,백화점,3
202607,e4806243e8a8e067cbf284622539cf51,타임스퀘어,11,서울특별시,11560,영등포구,94b37da181384604e8bdf68b3217008e,여의도한강공원,11,서울특별시,11560,영등포구,관광지,문화관광,도시공원,4
202607,e4806243e8a8e067cbf284622539cf51,타임스퀘어,11,서울특별시,11560,영등포구,b9d2bfcacff4b0c07f220ae8cb1c1c40,현대백화점/목동점,11,서울특별시,11470,양천구,관광지,쇼핑,백화점,5
202607,e4806243e8a8e067cbf284622539cf51,타임스퀘어,11,서울특별시,11560,영등포구,7a619ea2f5b7aff78b25a9865a3431fe,롯데백화점/영등포점,11,서울특별시,11560,영등포구,관광지,쇼핑,백화점,6
202607,e4806243e8a8e067cbf284622539cf51,타임스퀘어,11,서울특별시,11560,영등포구,2e3a36ee173e08b847427ffbcb479d30,노량진수산시장,11,서울특별시,11590,동작구,관광지,쇼핑,시장,7
202607,e4806243e8a8e067cbf284622539cf51,타임스퀘어,11,서울특별시,11560,영등포구,338540771b17423d224911da0730862b,원조호수삼계탕/본점,11,서울특별시,11560,영등포구,음식,음식,한식,8
202607,e4806243e8a8e067cbf284622539cf51,타임스퀘어,11,서울특별시,11560,영등포구,0b3346d36d6098a8a2cdf2b6d93fc8d4,진주집,11,서울특별시,11560,영등포구,음식,음식,한식,9
202607,e4806243e8a8e067cbf284622539cf51,타임스퀘어,11,서울특별시,11560,영등포구,a3926747aaa6f31988880cc784e5d13f,하이디라오/영등포점,11,서울특별시,11560,영등포구,음식,음식,외국식,10
202607,e4806243e8a8e067cbf284622539cf51,타임스퀘어,11,서울특별시,11560,영등포구,844d743a7d900c7496871eaeab3ac4b0,롯데시네마/영등포,11,서울특별시,11560,영등포구,관광지,문화관광,공연시설,11
202607,e4806243e8a8e067cbf284622539cf51,타임스퀘어,11,서울특별시,11560,영등포구,1f23ef7439869eb0ae534277e8d46c53,신세계백화점/타임스퀘어점,11,서울특별시,11560,영등포구,관광지,쇼핑,백화점,12
202607,e4806243e8a8e067cbf284622539cf51,타임스퀘어,11,서울특별시,11560,영등포구,c6b5964eb6deb72206d9bf59a6bb5268,신세계백화점/강남점,11,서울특별시,11650,서초구,관광지,쇼핑,백화점,13
202607,e4806243e8a8e067cbf284622539cf51,타임스퀘어,11,서울특별시,11560,영등포구,925f09ae685e515fe5525a8fecd97deb,롯데백화점/관악점,11,서울특별시,11590,동작구,관광지,쇼핑,백화점,14
202607,e4806243e8a8e067cbf284622539cf51,타임스퀘어,11,서울특별시,11560,영등포구,fbf679ff8c84a5c5ceb15c7c6d6795c4,퐁피두센터 한화,11,서울특별시,11560,영등포구,관광지,문화관광,전시시설,15
202607,e4806243e8a8e067cbf284622539cf51,타임스퀘어,11,서울특별시,11560,영등포구,9fb8dce4c46fe540ea859737971abc3f,신세계백화점/본점디에스테이트,11,서울특별시,11140,중구,관광지,쇼핑,백화점,16
202607,e4806243e8a8e067cbf284622539cf51,타임스퀘어,11,서울특별시,11560,영등포구,54856ce927d819bd03a783382b913407,모던샤브하우스/여의도점,11,서울특별시,11560,영등포구,음식,음식,전문음식,17
202607,e4806243e8a8e067cbf284622539cf51,타임스퀘어,11,서울특별시,11560,영등포구,b5ef6787d594080cd54b65a9bc884a9b,NC백화점/신구로점,11,서울특별시,11530,구로구,관광지,쇼핑,백화점,18
202607,e4806243e8a8e067cbf284622539cf51,타임스퀘어,11,서울특별시,11560,영등포구,2807d994d644e6c46d4a09f731c1fc6d,또순이네집/양평동점,11,서울특별시,11560,영등포구,음식,음식,한식,19
202607,e4806243e8a8e067cbf284622539cf51,타임스퀘어,11,서울특별시,11560,영등포구,b6ffd5edcd8683ce3fd94d41f7ab18bb,NC백화점/강서점,11,서울특별시,11500,강서구,관광지,쇼핑,백화점,20
202607,e4806243e8a8e067cbf284622539cf51,타임스퀘어,11,서울특별시,11560,영등포구,d0f565884b82cff17d2092743d89f827,샤브올데이/당산점,11,서울특별시,11560,영등포구,음식,음식,전문음식,21
202607,e4806243e8a8e067cbf284622539cf51,타임스퀘어,11,서울특별시,11560,영등포구,db51ee8e7a1eee7aee55fe9d119a69ac,스페이스K/서울,11,서울특별시,11500,강서구,관광지,문화관광,전시시설,22
202607,e4806243e8a8e067cbf284622539cf51,타임스퀘어,11,서울특별시,11560,영등포구,819f6c8c98a519c3f3d7377a5bc548d9,부일갈비,11,서울특별시,11560,영등포구,음식,음식,한식,23
202607,e4806243e8a8e067cbf284622539cf51,타임스퀘어,11,서울특별시,11560,영등포구,d6c9bc742abff495baef9bafbd96dcb5,여의도야외수영장,11,서울특별시,11560,영등포구,관광지,문화관광,테마공원,24
202607,e4806243e8a8e067cbf284622539cf51,타임스퀘어,11,서울특별시,11560,영등포구,7e0d28603821886d62b512b564875e9c,조선팰리스/서울강남,11,서울특별시,11680,강남구,숙박,숙박,호텔,25
202607,e4806243e8a8e067cbf284622539cf51,타임스퀘어,11,서울특별시,11560,영등포구,bdadd5b1a3d7264bad936bd5c2bc094e,신풍낙지,11,서울특별시,11560,영등포구,음식,음식,전문음식,26
202607,e4806243e8a8e067cbf284622539cf51,타임스퀘어,11,서울특별시,11560,영등포구,2717c9a83fe406dfe385d2ca5dcc5ee0,고메스퀘어/신대방점,11,서울특별시,11590,동작구,음식,음식,전문음식,27
202607,e4806243e8a8e067cbf284622539cf51,타임스퀘어,11,서울특별시,11560,영등포구,b8a742403fcd8cc9c2c6ae3579707c88,강강술래/당산점,11,서울특별시,11560,영등포구,음식,음식,한식,28
202607,e4806243e8a8e067cbf284622539cf51,타임스퀘어,11,서울특별시,11560,영등포구,2fb465f9b1d3900c13142eb1cf5e8da8,글래드/여의도,11,서울특별시,11560,영등포구,숙박,숙박,호텔,29
202607,e4806243e8a8e067cbf284622539cf51,타임스퀘어,11,서울특별시,11560,영등포구,eae638a0117eda42a27a586f77cc0cd3,반포한강공원,11,서울특별시,11650,서초구,관광지,문화관광,도시공원,30
202607,e4806243e8a8e067cbf284622539cf51,타임스퀘어,11,서울특별시,11560,영등포구,d6e7d2e0ef86a25cce60aac5332b28dc,국립중앙박물관,11,서울특별시,11170,용산구,관광지,문화관광,전시시설,31
202607,e4806243e8a8e067cbf284622539cf51,타임스퀘어,11,서울특별시,11560,영등포구,256235f4c83ac35cae9af86350a4f573,능이버섯백숙,11,서울특별시,11560,영등포구,음식,음식,한식,32
202607,e4806243e8a8e067cbf284622539cf51,타임스퀘어,11,서울특별시,11560,영등포구,0f4221dd7ceb5a864fae799f9ba20d04,뽀로로파크/롯데빅마켓영등포점,11,서울특별시,11560,영등포구,관광지,문화관광,테마공원,33
202607,e4806243e8a8e067cbf284622539cf51,타임스퀘어,11,서울특별시,11560,영등포구,ae162de4bcba1437e4c0bca823f3310a,CGV/영등포,11,서울특별시,11560,영등포구,관광지,문화관광,공연시설,34
202607,e4806243e8a8e067cbf284622539cf51,타임스퀘어,11,서울특별시,11560,영등포구,c322b4b6a76582fccbeb0063b1cde8ee,을밀대/본점,11,서울특별시,11440,마포구,음식,음식,한식,35
202607,e4806243e8a8e067cbf284622539cf51,타임스퀘어,11,서울특별시,11560,영등포구,4612cd5f1bf9244fb37412f4cd9f38e4,원그로브/D동,11,서울특별시,11500,강서구,관광지,쇼핑,쇼핑몰,36
202607,e4806243e8a8e067cbf284622539cf51,타임스퀘어,11,서울특별시,11560,영등포구,33522d1503abb16fd6d3ead721cb274b,봄봄한식부페/구로디지털단지점,11,서울특별시,11530,구로구,음식,음식,한식,37
202607,e4806243e8a8e067cbf284622539cf51,타임스퀘어,11,서울특별시,11560,영등포구,3e8bc5fb1dda8f0103a061cc467e8491,카페꼼마/여의도점,11,서울특별시,11560,영등포구,음식,음식,카페/찻집,38
202607,e4806243e8a8e067cbf284622539cf51,타임스퀘어,11,서울특별시,11560,영등포구,e40b3bbcc689d52af5043b6b6055a34f,신길동별난아찌짬뽕/[중식],11,서울특별시,11560,영등포구,음식,음식,외국식,39
202607,e4806243e8a8e067cbf284622539cf51,타임스퀘어,11,서울특별시,11560,영등포구,6bd1fae491bc88313eeec9e2a57e4b00,현대백화점/신촌점,11,서울특별시,11410,서대문구,관광지,쇼핑,백화점,40
202607,e4806243e8a8e067cbf284622539cf51,타임스퀘어,11,서울특별시,11560,영등포구,6147da397c2d9e0e249dd73c9f2ee107,소문난식당,11,서울특별시,11560,영등포구,음식,음식,한식,41
202607,e4806243e8a8e067cbf284622539cf51,타임스퀘어,11,서울특별시,11560,영등포구,20d448b82c37c0235b3e454f039a5243,아웃백스테이크하우스/여의도점,11,서울특별시,11560,영등포구,음식,음식,전문음식,42
202607,e4806243e8a8e067cbf284622539cf51,타임스퀘어,11,서울특별시,11560,영등포구,294893d955bdcbf7b6aa7dff7764ebaa,페어필드바이메리어트서울호텔,11,서울특별시,11560,영등포구,숙박,숙박,호텔,43
202607,e4806243e8a8e067cbf284622539cf51,타임스퀘어,11,서울특별시,11560,영등포구,414a290a577e2df6c5da06cb62a67cc6,서일순대국,11,서울특별시,11590,동작구,음식,음식,한식,44
202607,e4806243e8a8e067cbf284622539cf51,타임스퀘어,11,서울특별시,11560,영등포구,0e03b478d11a02389c59e2a7d8e288fa,현대아울렛/가산점,11,서울특별시,11545,금천구,관광지,쇼핑,쇼핑몰,45
202607,e4806243e8a8e067cbf284622539cf51,타임스퀘어,11,서울특별시,11560,영등포구,7093490ccab1bbdf3a1a4023eb8fe1bd,용산역,11,서울특별시,11170,용산구,관광지,기타관광,교통시설,46
202607,e4806243e8a8e067cbf284622539cf51,타임스퀘어,11,서울특별시,11560,영등포구,16893e36dd2df093513b508fbbcf3bf6,켄싱턴호텔/여의도,11,서울특별시,11560,영등포구,숙박,숙박,호텔,47
202607,e4806243e8a8e067cbf284622539cf51,타임스퀘어,11,서울특별시,11560,영등포구,d965f657619cf7be65ee8104a3e94237,페어몬트앰배서더/서울,11,서울특별시,11560,영등포구,숙박,숙박,호텔,48
202607,e4806243e8a8e067cbf284622539cf51,타임스퀘어,11,서울특별시,11560,영등포구,c6344b0ae32e496be8b1b701e540d566,김포국제공항국내선,11,서울특별시,11500,강서구,관광지,기타관광,교통시설,49
202607,e4806243e8a8e067cbf284622539cf51,타임스퀘어,11,서울특별시,11560,영등포구,e5712730c371e5fddd7474df6752b347,롯데백화점/본점,11,서울특별시,11140,중구,관광지,쇼핑,백화점,50
202607,bb2d2b6ab91b6316c2962488940bf284,노들나루공원,11,서울특별시,11590,동작구,6d90ad8979e581ffa649eba19ff41f4f,노들섬,11,서울특별시,11170,용산구,관광지,자연관광,자연경관(하천/해양),1
202607,bb2d2b6ab91b6316c2962488940bf284,노들나루공원,11,서울특별시,11590,동작구,dfe36b208196a645dce0f6f106505b5e,동작구노량진축구장,11,서울특별시,11590,동작구,관광지,문화관광,레저스포츠시설,2
202607,bb2d2b6ab91b6316c2962488940bf284,노들나루공원,11,서울특별시,11590,동작구,ae18eaa79a6891d6f50bb8e91c45e0f8,블러,11,서울특별시,11440,마포구,음식,음식,카페/찻집,3
202607,bb2d2b6ab91b6316c2962488940bf284,노들나루공원,11,서울특별시,11590,동작구,97c0a1427be208a8ca50e879baa895c4,올림픽공원,11,서울특별시,11710,송파구,관광지,문화관광,도시공원,4
202607,bb2d2b6ab91b6316c2962488940bf284,노들나루공원,11,서울특별시,11590,동작구,429665d880d09c766e7461026bda6026,성촌공원,11,서울특별시,11170,용산구,관광지,문화관광,도시공원,5
202607,bb2d2b6ab91b6316c2962488940bf284,노들나루공원,11,서울특별시,11590,동작구,0d5a35f4129a45e5db66bde32676435b,동작구노량진야구장,11,서울특별시,11590,동작구,관광지,문화관광,레저스포츠시설,6
202607,bb2d2b6ab91b6316c2962488940bf284,노들나루공원,11,서울특별시,11590,동작구,ac364ac5b7a88c24c39f1ecd406a7970,더현대/서울,11,서울특별시,11560,영등포구,관광지,쇼핑,백화점,7
202607,bb2d2b6ab91b6316c2962488940bf284,노들나루공원,11,서울특별시,11590,동작구,3a89ec93af36d0a2a690d124345cedb8,던킨/잠원점,11,서울특별시,11650,서초구,음식,음식,간이음식,8
202607,bb2d2b6ab91b6316c2962488940bf284,노들나루공원,11,서울특별시,11590,동작구,b9dc3865498d79141065bc74ea791de7,CGV/아이파크몰용산점,11,서울특별시,11170,용산구,관광지,문화관광,공연시설,9
202607,bb2d2b6ab91b6316c2962488940bf284,노들나루공원,11,서울특별시,11590,동작구,bb3e907e27eac18f09792d826788e787,롯데시네마/서울대입구,11,서울특별시,11620,관악구,관광지,문화관광,공연시설,10
202607,bb2d2b6ab91b6316c2962488940bf284,노들나루공원,11,서울특별시,11590,동작구,d8c7f706ee7f8f846ac154f6ac5511af,스페이스케이/노들,11,서울특별시,11590,동작구,관광지,문화관광,기타문화관광지,11
202607,bb2d2b6ab91b6316c2962488940bf284,노들나루공원,11,서울특별시,11590,동작구,b884c5f3d35c024f6179429e5d3728d9,스타벅스/화곡DT점,11,서울특별시,11500,강서구,음식,음식,카페/찻집,12
202607,bb2d2b6ab91b6316c2962488940bf284,노들나루공원,11,서울특별시,11590,동작구,6d51b962202065af6259c46a63e64352,현대시티아울렛/동대문점,11,서울특별시,11140,중구,관광지,쇼핑,쇼핑몰,13
202607,bb2d2b6ab91b6316c2962488940bf284,노들나루공원,11,서울특별시,11590,동작구,68b0787a0ee2f57f30446e115a35d25a,용양봉저정공원,11,서울특별시,11590,동작구,관광지,문화관광,도시공원,14
202607,bb2d2b6ab91b6316c2962488940bf284,노들나루공원,11,서울특별시,11590,동작구,d6612652c07646b26f780de8a07bdaa8,브릭호텔,11,서울특별시,11650,서초구,숙박,숙박,모텔,15
202607,d62611042cec6817f6c27c140fdaeedb,보라매공원,11,서울특별시,11590,동작구,925f09ae685e515fe5525a8fecd97deb,롯데백화점/관악점,11,서울특별시,11590,동작구,관광지,쇼핑,백화점,1
202607,d62611042cec6817f6c27c140fdaeedb,보라매공원,11,서울특별시,11590,동작구,4612cd5f1bf9244fb37412f4cd9f38e4,원그로브/D동,11,서울특별시,11500,강서구,관광지,쇼핑,쇼핑몰,2
202607,d62611042cec6817f6c27c140fdaeedb,보라매공원,11,서울특별시,11590,동작구,338540771b17423d224911da0730862b,원조호수삼계탕/본점,11,서울특별시,11560,영등포구,음식,음식,한식,3
202607,d62611042cec6817f6c27c140fdaeedb,보라매공원,11,서울특별시,11590,동작구,2e3a36ee173e08b847427ffbcb479d30,노량진수산시장,11,서울특별시,11590,동작구,관광지,쇼핑,시장,4
202607,d62611042cec6817f6c27c140fdaeedb,보라매공원,11,서울특별시,11590,동작구,2717c9a83fe406dfe385d2ca5dcc5ee0,고메스퀘어/신대방점,11,서울특별시,11590,동작구,음식,음식,전문음식,5
202607,d62611042cec6817f6c27c140fdaeedb,보라매공원,11,서울특별시,11590,동작구,94b37da181384604e8bdf68b3217008e,여의도한강공원,11,서울특별시,11560,영등포구,관광지,문화관광,도시공원,6
202607,d62611042cec6817f6c27c140fdaeedb,보라매공원,11,서울특별시,11590,동작구,d7649cd910563b02f353170c3e1c8315,세종대왕숯불갈비/보라매점,11,서울특별시,11590,동작구,음식,음식,한식,7
202607,d62611042cec6817f6c27c140fdaeedb,보라매공원,11,서울특별시,11590,동작구,21cd9fccfd80ef5991b059f2af10b8ce,제퍼커피,11,서울특별시,11170,용산구,음식,음식,카페/찻집,8
202607,d62611042cec6817f6c27c140fdaeedb,보라매공원,11,서울특별시,11590,동작구,0ac2063528084286de7626476dd645f8,영등포공원,11,서울특별시,11560,영등포구,관광지,문화관광,도시공원,9
202607,d62611042cec6817f6c27c140fdaeedb,보라매공원,11,서울특별시,11590,동작구,7093490ccab1bbdf3a1a4023eb8fe1bd,용산역,11,서울특별시,11170,용산구,관광지,기타관광,교통시설,10
202607,d62611042cec6817f6c27c140fdaeedb,보라매공원,11,서울특별시,11590,동작구,eff7a602384b82572de138f7d4794487,보라매시민안전체험관,11,서울특별시,11590,동작구,관광지,문화관광,기타문화관광지,11
202607,d62611042cec6817f6c27c140fdaeedb,보라매공원,11,서울특별시,11590,동작구,d3c2a7cb81cc8793035ebf4049ed1042,우리설렁탕,11,서울특별시,11620,관악구,음식,음식,한식,12
202607,d62611042cec6817f6c27c140fdaeedb,보라매공원,11,서울특별시,11590,동작구,6eb7236055f158febce7e441c82fc996,애슐리퀸즈/여의도한강공원점,11,서울특별시,11560,영등포구,음식,음식,전문음식,13
202607,d62611042cec6817f6c27c140fdaeedb,보라매공원,11,서울특별시,11590,동작구,7814c3ea7bd818fcbbe7a68168c116ce,온정돈까스/본점,11,서울특별시,11620,관악구,음식,음식,전문음식,14
202607,d62611042cec6817f6c27c140fdaeedb,보라매공원,11,서울특별시,11590,동작구,6d90ad8979e581ffa649eba19ff41f4f,노들섬,11,서울특별시,11170,용산구,관광지,자연관광,자연경관(하천/해양),15
202607,d62611042cec6817f6c27c140fdaeedb,보라매공원,11,서울특별시,11590,동작구,b489515b290e7368affa308b197db24f,서울형키즈카페/관악구난곡동점,11,서울특별시,11620,관악구,관광지,문화관광,테마공원,16
202607,d62611042cec6817f6c27c140fdaeedb,보라매공원,11,서울특별시,11590,동작구,bdadd5b1a3d7264bad936bd5c2bc094e,신풍낙지,11,서울특별시,11560,영등포구,음식,음식,전문음식,17
202607,d62611042cec6817f6c27c140fdaeedb,보라매공원,11,서울특별시,11590,동작구,50ea22cd531100d515f191273c88bda2,줄줄이김밥,11,서울특별시,11215,광진구,음식,음식,간이음식,18
202607,d62611042cec6817f6c27c140fdaeedb,보라매공원,11,서울특별시,11590,동작구,414a290a577e2df6c5da06cb62a67cc6,서일순대국,11,서울특별시,11590,동작구,음식,음식,한식,19
202607,d62611042cec6817f6c27c140fdaeedb,보라매공원,11,서울특별시,11590,동작구,60c0845659bbf36a2feddf5b4ec332d8,스타벅스/보라매공원R점,11,서울특별시,11590,동작구,음식,음식,카페/찻집,20
202607,d62611042cec6817f6c27c140fdaeedb,보라매공원,11,서울특별시,11590,동작구,de59703f7505ad9dd4e16e317916cd4f,신라스테이/구로,11,서울특별시,11590,동작구,숙박,숙박,호텔,21
202607,d62611042cec6817f6c27c140fdaeedb,보라매공원,11,서울특별시,11590,동작구,fa73604ea5d6dc21e0bffeec30242e32,아쿠아밸리,11,서울특별시,11545,금천구,관광지,문화관광,테마공원,22
202607,d62611042cec6817f6c27c140fdaeedb,보라매공원,11,서울특별시,11590,동작구,6bd2cb06d8ea58c660104105684e3d37,마키노차야/롯데월드타워점,11,서울특별시,11710,송파구,음식,음식,전문음식,23
202607,d62611042cec6817f6c27c140fdaeedb,보라매공원,11,서울특별시,11590,동작구,d7af7b223f926c4137c6d56084cd73e5,여의도공원,11,서울특별시,11560,영등포구,관광지,문화관광,도시공원,24
202607,d62611042cec6817f6c27c140fdaeedb,보라매공원,11,서울특별시,11590,동작구,083e866f4485ba6d001d93f9e1f5ad92,영등포전통시장,11,서울특별시,11560,영등포구,관광지,쇼핑,시장,25
202607,d62611042cec6817f6c27c140fdaeedb,보라매공원,11,서울특별시,11590,동작구,b5ef6787d594080cd54b65a9bc884a9b,NC백화점/신구로점,11,서울특별시,11530,구로구,관광지,쇼핑,백화점,26
202607,d62611042cec6817f6c27c140fdaeedb,보라매공원,11,서울특별시,11590,동작구,8599260ae94e366abec886c62b5d8a34,진도아리랑,11,서울특별시,11740,강동구,음식,음식,한식,27
202607,d62611042cec6817f6c27c140fdaeedb,보라매공원,11,서울특별시,11590,동작구,d32fa75beb1ab504fac88127025d61e1,투썸플레이스/신대방삼거리점,11,서울특별시,11590,동작구,음식,음식,카페/찻집,28
202607,d62611042cec6817f6c27c140fdaeedb,보라매공원,11,서울특별시,11590,동작구,0cc548b901f6478876bfc9d17cea3600,좋은동작야구훈련소,11,서울특별시,11620,관악구,관광지,레저스포츠,기타레저스포츠,29
202607,d62611042cec6817f6c27c140fdaeedb,보라매공원,11,서울특별시,11590,동작구,bc38366f824df9aadd3fe53775530a61,롯데리아/구로디지털역점,11,서울특별시,11620,관악구,음식,음식,간이음식,30
202607,d62611042cec6817f6c27c140fdaeedb,보라매공원,11,서울특별시,11590,동작구,3af8a5efaf2e34b7ac9bc723916aad1d,우시장3호집,11,서울특별시,11545,금천구,음식,음식,한식,31
202607,d62611042cec6817f6c27c140fdaeedb,보라매공원,11,서울특별시,11590,동작구,deb14e98a15003e634f40f8422915438,도미니크호텔,11,서울특별시,11620,관악구,숙박,숙박,호텔,32
202607,d62611042cec6817f6c27c140fdaeedb,보라매공원,11,서울특별시,11590,동작구,d0e55f5291bc92fdd30a4690ab49cc17,화정박물관,11,서울특별시,11110,종로구,관광지,문화관광,전시시설,33
202607,d62611042cec6817f6c27c140fdaeedb,보라매공원,11,서울특별시,11590,동작구,a3cd13a5dfd1660b9abbd156067b7bd9,그랜드워커힐/서울,11,서울특별시,11215,광진구,숙박,숙박,호텔,34
202607,d62611042cec6817f6c27c140fdaeedb,보라매공원,11,서울특별시,11590,동작구,f6b0c659b39a1f13ef728a8c23f5e9d0,함경도찹쌀순대,11,서울특별시,11710,송파구,음식,음식,한식,35
202607,d62611042cec6817f6c27c140fdaeedb,보라매공원,11,서울특별시,11590,동작구,3873ae51079bbf2bbcec9f87fb4ca0c5,한성백제박물관,11,서울특별시,11710,송파구,관광지,문화관광,전시시설,36
202607,d62611042cec6817f6c27c140fdaeedb,보라매공원,11,서울특별시,11590,동작구,e5b8235433175c3cde52c165877b8740,쟝블랑제리/낙성대본점,11,서울특별시,11620,관악구,음식,음식,간이음식,37
202607,d62611042cec6817f6c27c140fdaeedb,보라매공원,11,서울특별시,11590,동작구,fbd86ba69f8963f1ea78714b83f852b8,더마켓키친/포시즌스호텔서울,11,서울특별시,11110,종로구,음식,음식,전문음식,38
202607,d62611042cec6817f6c27c140fdaeedb,보라매공원,11,서울특별시,11590,동작구,5ea9ea6362caede3c0e75ee794c5a82f,88호텔,11,서울특별시,11545,금천구,숙박,숙박,호텔,39
202607,d62611042cec6817f6c27c140fdaeedb,보라매공원,11,서울특별시,11590,동작구,3d254e3c27d0cacff01cb0d4f73baa73,한근한방삼계탕,11,서울특별시,11620,관악구,음식,음식,한식,40
202607,d62611042cec6817f6c27c140fdaeedb,보라매공원,11,서울특별시,11590,동작구,a1470b4aa68baf5f2765e7038f4ae081,고미정/연희본점,11,서울특별시,11410,서대문구,음식,음식,한식,41
202607,d62611042cec6817f6c27c140fdaeedb,보라매공원,11,서울특별시,11590,동작구,5ab2088d3677400281535df6257b99b6,맥도날드/상계DT점,11,서울특별시,11350,노원구,음식,음식,간이음식,42
202607,d62611042cec6817f6c27c140fdaeedb,보라매공원,11,서울특별시,11590,동작구,7be1b2c3efde654f5b8acd7cae396650,임피리얼팰리스부티크호텔,11,서울특별시,11170,용산구,숙박,숙박,호텔,43
202607,d62611042cec6817f6c27c140fdaeedb,보라매공원,11,서울특별시,11590,동작구,7a619ea2f5b7aff78b25a9865a3431fe,롯데백화점/영등포점,11,서울특별시,11560,영등포구,관광지,쇼핑,백화점,44
202607,d62611042cec6817f6c27c140fdaeedb,보라매공원,11,서울특별시,11590,동작구,20d448b82c37c0235b3e454f039a5243,아웃백스테이크하우스/여의도점,11,서울특별시,11560,영등포구,음식,음식,전문음식,45
202607,d62611042cec6817f6c27c140fdaeedb,보라매공원,11,서울특별시,11590,동작구,86b82165ae3e4a0bc722b1a0eaa7272e,샤브올데이/서울가산점,11,서울특별시,11545,금천구,음식,음식,전문음식,46
202607,d62611042cec6817f6c27c140fdaeedb,보라매공원,11,서울특별시,11590,동작구,183276e221c058b7f6c022420dc11d25,스타벅스/케이스퀘어강남점,11,서울특별시,11680,강남구,음식,음식,카페/찻집,47
202607,d62611042cec6817f6c27c140fdaeedb,보라매공원,11,서울특별시,11590,동작구,7420389de96f7d00bba3f317b5c57a36,애슐리퀸즈/신풍점,11,서울특별시,11560,영등포구,음식,음식,전문음식,48
202607,d62611042cec6817f6c27c140fdaeedb,보라매공원,11,서울특별시,11590,동작구,92599c534d6221b0a91a0851fab8e984,당산오돌/본점,11,서울특별시,11560,영등포구,음식,음식,한식,49
202607,d62611042cec6817f6c27c140fdaeedb,보라매공원,11,서울특별시,11590,동작구,fe8dd3a11cfa4213c671d80ca5f4f033,스타벅스/경리단길점,11,서울특별시,11170,용산구,음식,음식,카페/찻집,50
202607,f1718a04fd3df6cfc0b0caa0c61a1ec5,달마사,11,서울특별시,11590,동작구,c6b5964eb6deb72206d9bf59a6bb5268,신세계백화점/강남점,11,서울특별시,11650,서초구,관광지,쇼핑,백화점,1
202607,f1718a04fd3df6cfc0b0caa0c61a1ec5,달마사,11,서울특별시,11590,동작구,bad7410766000780048687fff3a4a127,테라로사/구의역점,11,서울특별시,11215,광진구,음식,음식,카페/찻집,2
202607,f1718a04fd3df6cfc0b0caa0c61a1ec5,달마사,11,서울특별시,11590,동작구,fc351362acde69825fda19a3a3ca7413,고래불/강남역삼본점,11,서울특별시,11680,강남구,음식,음식,전문음식,3
202607,f1718a04fd3df6cfc0b0caa0c61a1ec5,달마사,11,서울특별시,11590,동작구,6394d260d47763f795a74920e7cf5d7e,사육신공원,11,서울특별시,11590,동작구,관광지,문화관광,도시공원,4
202607,f1718a04fd3df6cfc0b0caa0c61a1ec5,달마사,11,서울특별시,11590,동작구,d757ae62466c0b1495e6573e14c2b5b1,갈비명가이상/돈암본관,11,서울특별시,11290,성북구,음식,음식,한식,5
202607,f1718a04fd3df6cfc0b0caa0c61a1ec5,달마사,11,서울특별시,11590,동작구,5781d61647f07cf17322481c8d459b1f,흥천사,11,서울특별시,11290,성북구,관광지,역사관광,종교성지,6
202607,f1718a04fd3df6cfc0b0caa0c61a1ec5,달마사,11,서울특별시,11590,동작구,e3d30ecb0e57e1236128a53b004c83e7,관음사,11,서울특별시,11620,관악구,관광지,역사관광,종교성지,7
202607,f1718a04fd3df6cfc0b0caa0c61a1ec5,달마사,11,서울특별시,11590,동작구,a73d1e169658652721d5dd344816ba55,무탄/여의도점 [중식],11,서울특별시,11560,영등포구,음식,음식,외국식,8
202607,f1718a04fd3df6cfc0b0caa0c61a1ec5,달마사,11,서울특별시,11590,동작구,9c2308240f2a1ec2a1ff0c75807b64df,학도암,11,서울특별시,11350,노원구,관광지,역사관광,종교성지,9
202607,f1718a04fd3df6cfc0b0caa0c61a1ec5,달마사,11,서울특별시,11590,동작구,8ba57fda99dae27f1df09914dc84eb37,서울월드컵경기장,11,서울특별시,11440,마포구,관광지,문화관광,레저스포츠시설,10
202607,f1718a04fd3df6cfc0b0caa0c61a1ec5,달마사,11,서울특별시,11590,동작구,0ac2063528084286de7626476dd645f8,영등포공원,11,서울특별시,11560,영등포구,관광지,문화관광,도시공원,11
202607,f1718a04fd3df6cfc0b0caa0c61a1ec5,달마사,11,서울특별시,11590,동작구,c6344b0ae32e496be8b1b701e540d566,김포국제공항국내선,11,서울특별시,11500,강서구,관광지,기타관광,교통시설,12
202607,f1718a04fd3df6cfc0b0caa0c61a1ec5,달마사,11,서울특별시,11590,동작구,b35baf66f56313e6033cd1969ca7f85c,경동시장,11,서울특별시,11230,동대문구,관광지,쇼핑,시장,13
202607,f1718a04fd3df6cfc0b0caa0c61a1ec5,달마사,11,서울특별시,11590,동작구,679815a8aa65197341ff660588490fa3,서울남부터미널,11,서울특별시,11650,서초구,관광지,기타관광,교통시설,14
202607,f1718a04fd3df6cfc0b0caa0c61a1ec5,달마사,11,서울특별시,11590,동작구,2ca98096e2e258ece3954cafaf1004cb,구여의도백화점,11,서울특별시,11560,영등포구,관광지,쇼핑,쇼핑몰,15
202607,f1718a04fd3df6cfc0b0caa0c61a1ec5,달마사,11,서울특별시,11590,동작구,4b3082ca20fec8784c7406706c78a800,맘스터치/종로대학로점,11,서울특별시,11110,종로구,음식,음식,간이음식,16
202607,f1718a04fd3df6cfc0b0caa0c61a1ec5,달마사,11,서울특별시,11590,동작구,25027902e89975e33f87a8fd89bc0cbe,등나무집,11,서울특별시,11590,동작구,음식,음식,한식,17
202607,f1718a04fd3df6cfc0b0caa0c61a1ec5,달마사,11,서울특별시,11590,동작구,7bf4130c903c6d90e18fdf4e24b74461,뱅뱅막국수/역삼본점,11,서울특별시,11680,강남구,음식,음식,한식,18
202607,f1718a04fd3df6cfc0b0caa0c61a1ec5,달마사,11,서울특별시,11590,동작구,94b37da181384604e8bdf68b3217008e,여의도한강공원,11,서울특별시,11560,영등포구,관광지,문화관광,도시공원,19
202607,f1718a04fd3df6cfc0b0caa0c61a1ec5,달마사,11,서울특별시,11590,동작구,256235f4c83ac35cae9af86350a4f573,능이버섯백숙,11,서울특별시,11560,영등포구,음식,음식,한식,20
202607,f1718a04fd3df6cfc0b0caa0c61a1ec5,달마사,11,서울특별시,11590,동작구,fd8a56c2338457cf28b36cdf9bc0498a,스타벅스/대치사거리점,11,서울특별시,11680,강남구,음식,음식,카페/찻집,21
202607,f1718a04fd3df6cfc0b0caa0c61a1ec5,달마사,11,서울특별시,11590,동작구,2eceafbc3c835b66f911ca22d7884663,이모네제철식탁,11,서울특별시,11710,송파구,음식,음식,한식,22
202607,f1718a04fd3df6cfc0b0caa0c61a1ec5,달마사,11,서울특별시,11590,동작구,a5c24638475a81750e3fccdbf5449f03,거궁/흑석점 [한식],11,서울특별시,11590,동작구,음식,음식,한식,23
202607,f1718a04fd3df6cfc0b0caa0c61a1ec5,달마사,11,서울특별시,11590,동작구,ff7af795378630fe06e88b86b8abc26c,양천옥설렁탕,11,서울특별시,11470,양천구,음식,음식,한식,24
202607,f1718a04fd3df6cfc0b0caa0c61a1ec5,달마사,11,서울특별시,11590,동작구,4b2fe2fcb231c171d706c14a0014181c,미타니야/타워팰리스점,11,서울특별시,11680,강남구,음식,음식,외국식,25
202607,f1718a04fd3df6cfc0b0caa0c61a1ec5,달마사,11,서울특별시,11590,동작구,f66fce2888aa8beb8040ab6b0b879669,오곡텃밭농장,11,서울특별시,11500,강서구,관광지,체험관광,농/산/어촌체험,26
202607,f1718a04fd3df6cfc0b0caa0c61a1ec5,달마사,11,서울특별시,11590,동작구,01953653a8a2e279ecab3087df280fd2,아이파크몰/용산점,11,서울특별시,11170,용산구,관광지,쇼핑,백화점,27
202607,f1718a04fd3df6cfc0b0caa0c61a1ec5,달마사,11,서울특별시,11590,동작구,69e80555b0a4be17bac8a35306afc382,놀부유황오리진흙구이/잠실점,11,서울특별시,11710,송파구,음식,음식,전문음식,28
202607,f1718a04fd3df6cfc0b0caa0c61a1ec5,달마사,11,서울특별시,11590,동작구,77c9d7eeebf953e8f6594bd37199872d,개화사,11,서울특별시,11500,강서구,관광지,역사관광,종교성지,29
202607,f1718a04fd3df6cfc0b0caa0c61a1ec5,달마사,11,서울특별시,11590,동작구,7ad0068e79450bcfe39be3af3f0d99cd,메가박스/동대문,11,서울특별시,11140,중구,관광지,문화관광,공연시설,30
202607,f1718a04fd3df6cfc0b0caa0c61a1ec5,달마사,11,서울특별시,11590,동작구,953e5dc433c81f8ebc019b66ed2968ab,착한낙지/목동점,11,서울특별시,11470,양천구,음식,음식,전문음식,31
202607,f1718a04fd3df6cfc0b0caa0c61a1ec5,달마사,11,서울특별시,11590,동작구,86eff4c89cfdcc3361a392580063594d,모안,11,서울특별시,11290,성북구,음식,음식,카페/찻집,32
202607,f1718a04fd3df6cfc0b0caa0c61a1ec5,달마사,11,서울특별시,11590,동작구,d6d950f2646ee697cb19555e2a654920,경복궁/사당점,11,서울특별시,11650,서초구,음식,음식,한식,33
202607,f1718a04fd3df6cfc0b0caa0c61a1ec5,달마사,11,서울특별시,11590,동작구,d4edfdccdab18d787235c82f7e430fdc,신라호텔/서울,11,서울특별시,11140,중구,숙박,숙박,호텔,34
202607,f1718a04fd3df6cfc0b0caa0c61a1ec5,달마사,11,서울특별시,11590,동작구,5bc231e37395597b773af0b79f244832,오담능이버섯백숙삼계탕,11,서울특별시,11470,양천구,음식,음식,한식,35
202607,4482495f943110284784c6ebc56102b8,남성사계시장,11,서울특별시,11590,동작구,75206b4569178df73981d1fef6d87d2e,웨스틴조선호텔,11,서울특별시,11140,중구,숙박,숙박,호텔,1
202607,4482495f943110284784c6ebc56102b8,남성사계시장,11,서울특별시,11590,동작구,26956debbff4d38a3417f34ac6f9a969,양재살롱관,11,서울특별시,11650,서초구,관광지,문화관광,기타문화관광지,2
202607,4482495f943110284784c6ebc56102b8,남성사계시장,11,서울특별시,11590,동작구,d1cb8a363709fec027313e3d55f16e39,밀리오레/동대문점,11,서울특별시,11140,중구,관광지,쇼핑,쇼핑몰,3
202607,4482495f943110284784c6ebc56102b8,남성사계시장,11,서울특별시,11590,동작구,7c695f9beab21fd772706c2cbb6d1a24,신원시장,11,서울특별시,11620,관악구,관광지,쇼핑,시장,4
202607,4482495f943110284784c6ebc56102b8,남성사계시장,11,서울특별시,11590,동작구,3463022db1bd26adafb5f72785bddf31,방배종합시장,11,서울특별시,11650,서초구,관광지,쇼핑,시장,5
202607,4482495f943110284784c6ebc56102b8,남성사계시장,11,서울특별시,11590,동작구,303e061a253a591246fbd0156f0dad12,신세계센트럴시티터미널/호남선,11,서울특별시,11650,서초구,관광지,기타관광,교통시설,6
202607,aa77d4a9932b8cf71ee96fa96f84a180,사당시장,11,서울특별시,11590,동작구,2396d654117dde745cf2086d2d7ec736,중랑동부시장,11,서울특별시,11260,중랑구,관광지,쇼핑,시장,1
202607,aa77d4a9932b8cf71ee96fa96f84a180,사당시장,11,서울특별시,11590,동작구,17fa13c5f566918730f0f1d8a2ac2759,금남시장,11,서울특별시,11200,성동구,관광지,쇼핑,시장,2
202607,aa77d4a9932b8cf71ee96fa96f84a180,사당시장,11,서울특별시,11590,동작구,be134363012156f4c23a3a16abcebee0,삼미숯불갈비,11,서울특별시,11680,강남구,음식,음식,한식,3
202607,aa77d4a9932b8cf71ee96fa96f84a180,사당시장,11,서울특별시,11590,동작구,414a290a577e2df6c5da06cb62a67cc6,서일순대국,11,서울특별시,11590,동작구,음식,음식,한식,4
202607,aa77d4a9932b8cf71ee96fa96f84a180,사당시장,11,서울특별시,11590,동작구,9fb8dce4c46fe540ea859737971abc3f,신세계백화점/본점디에스테이트,11,서울특별시,11140,중구,관광지,쇼핑,백화점,5
202607,6394d260d47763f795a74920e7cf5d7e,사육신공원,11,서울특별시,11590,동작구,737f94efa9a1e5e1f009b08a8f822b71,서머셋팰리스/서울,11,서울특별시,11110,종로구,숙박,숙박,호텔,1
202607,6394d260d47763f795a74920e7cf5d7e,사육신공원,11,서울특별시,11590,동작구,f1718a04fd3df6cfc0b0caa0c61a1ec5,달마사,11,서울특별시,11590,동작구,관광지,역사관광,종교성지,2
202607,6394d260d47763f795a74920e7cf5d7e,사육신공원,11,서울특별시,11590,동작구,6d90ad8979e581ffa649eba19ff41f4f,노들섬,11,서울특별시,11170,용산구,관광지,자연관광,자연경관(하천/해양),3
202607,6394d260d47763f795a74920e7cf5d7e,사육신공원,11,서울특별시,11590,동작구,86bc54bc612688b5d1b13d7aa4424d9d,마리오아울렛/3관,11,서울특별시,11545,금천구,관광지,쇼핑,쇼핑몰,4
202607,e3d30ecb0e57e1236128a53b004c83e7,관음사,11,서울특별시,11620,관악구,50cfc0208e63bed4daf4a2e3dc83546a,보리사,11,서울특별시,11680,강남구,관광지,역사관광,종교성지,1
202607,e3d30ecb0e57e1236128a53b004c83e7,관음사,11,서울특별시,11620,관악구,34e3820ca66c485262aeaabaf4bdda5c,롯데백화점/에비뉴엘월드타워점,11,서울특별시,11710,송파구,관광지,쇼핑,백화점,2
202607,e3d30ecb0e57e1236128a53b004c83e7,관음사,11,서울특별시,11620,관악구,7ffc12ffe3cf0c1815f5d32ab653c0fb,차이797블랙/서래마을점 [중식],11,서울특별시,11650,서초구,음식,음식,외국식,3
202607,e3d30ecb0e57e1236128a53b004c83e7,관음사,11,서울특별시,11620,관악구,f1718a04fd3df6cfc0b0caa0c61a1ec5,달마사,11,서울특별시,11590,동작구,관광지,역사관광,종교성지,4
202607,e3d30ecb0e57e1236128a53b004c83e7,관음사,11,서울특별시,11620,관악구,971223d4890089e704103e9c72c8d864,메가MGC커피/사당역점,11,서울특별시,11620,관악구,음식,음식,카페/찻집,5
202607,e3d30ecb0e57e1236128a53b004c83e7,관음사,11,서울특별시,11620,관악구,97fd2b28df4236f5d36dc971a991403d,초동집/본점,11,서울특별시,11650,서초구,음식,음식,한식,6
202607,e3d30ecb0e57e1236128a53b004c83e7,관음사,11,서울특별시,11620,관악구,185483bb230048dbf6522a596dcd60c3,일공학원,11,서울특별시,11680,강남구,관광지,체험관광,체험관광기타,7
202607,e3d30ecb0e57e1236128a53b004c83e7,관음사,11,서울특별시,11620,관악구,4942d213ce77891787287c69cbcf684e,제형면옥/하계점,11,서울특별시,11350,노원구,음식,음식,한식,8
202607,e3d30ecb0e57e1236128a53b004c83e7,관음사,11,서울특별시,11620,관악구,10f795e7dfa39a3043a0094fa29fc4b7,동원시장,11,서울특별시,11260,중랑구,관광지,쇼핑,시장,9
202607,e3d30ecb0e57e1236128a53b004c83e7,관음사,11,서울특별시,11620,관악구,7093490ccab1bbdf3a1a4023eb8fe1bd,용산역,11,서울특별시,11170,용산구,관광지,기타관광,교통시설,10
202607,e3d30ecb0e57e1236128a53b004c83e7,관음사,11,서울특별시,11620,관악구,17fa13c5f566918730f0f1d8a2ac2759,금남시장,11,서울특별시,11200,성동구,관광지,쇼핑,시장,11
202607,e3d30ecb0e57e1236128a53b004c83e7,관음사,11,서울특별시,11620,관악구,bafb34f77d7c8e77f5958eb8e777ab74,투썸플레이스/마포공덕점,11,서울특별시,11440,마포구,음식,음식,카페/찻집,12
202607,e3d30ecb0e57e1236128a53b004c83e7,관음사,11,서울특별시,11620,관악구,f81aa7c4dca56042d692c8938c1c119f,미추원주추어탕/서울본점,11,서울특별시,11620,관악구,음식,음식,한식,13
202607,e3d30ecb0e57e1236128a53b004c83e7,관음사,11,서울특별시,11620,관악구,974c77d551461d6d43bd63bc527dd171,담가화로구이/대방점,11,서울특별시,11560,영등포구,음식,음식,한식,14
202607,e3d30ecb0e57e1236128a53b004c83e7,관음사,11,서울특별시,11620,관악구,1f20788c221025dbedb699f5e09a0a97,백년옥,11,서울특별시,11650,서초구,음식,음식,한식,15
202607,e3d30ecb0e57e1236128a53b004c83e7,관음사,11,서울특별시,11620,관악구,a6dfdda00ed7501e26a75eaa3f5bda36,진미평양냉면/본관,11,서울특별시,11680,강남구,음식,음식,한식,16
202607,e3d30ecb0e57e1236128a53b004c83e7,관음사,11,서울특별시,11620,관악구,eecb51fa7fe2d093d4f424d359a09ac8,양화한강공원,11,서울특별시,11560,영등포구,관광지,문화관광,도시공원,17
202607,e3d30ecb0e57e1236128a53b004c83e7,관음사,11,서울특별시,11620,관악구,cee667b47c50d6436f83a4c3147f540c,서울고속버스터미널/경부영동선,11,서울특별시,11650,서초구,관광지,기타관광,교통시설,18
202607,e3d30ecb0e57e1236128a53b004c83e7,관음사,11,서울특별시,11620,관악구,f52cb32d7c2134acdd5cfde799d17bdd,양촌리/영등포점,11,서울특별시,11560,영등포구,음식,음식,한식,19
202607,329801fd07fb784e2ff5bdf904697ab6,명락사,11,서울특별시,11620,관악구,11f8b3b1bf78d9c8936758e525e3ed39,서울역,11,서울특별시,11170,용산구,관광지,기타관광,교통시설,1
202607,329801fd07fb784e2ff5bdf904697ab6,명락사,11,서울특별시,11620,관악구,641c4eeea60f1e95478d5e94c50e2872,낙성대공원,11,서울특별시,11620,관악구,관광지,문화관광,도시공원,2
202607,329801fd07fb784e2ff5bdf904697ab6,명락사,11,서울특별시,11620,관악구,c32b9649cbbfdab3d09cd7f7cf1b1b01,영등포청과시장,11,서울특별시,11560,영등포구,관광지,쇼핑,시장,3
202607,c4ec2bc62459cbc16a016e084ac80e69,약수사,11,서울특별시,11620,관악구,efe0cec96bdcb5d3a95caa3c9e3062e7,조계사,11,서울특별시,11110,종로구,관광지,역사관광,종교성지,1
202607,c4ec2bc62459cbc16a016e084ac80e69,약수사,11,서울특별시,11620,관악구,71ed12c75b8d4c92e143d8fbc51a0e6d,라프레아,11,서울특별시,11545,금천구,음식,음식,카페/찻집,2
202607,f03e3c6a82e88d829fd34c8f386ce597,서래마을,11,서울특별시,11650,서초구,c6b5964eb6deb72206d9bf59a6bb5268,신세계백화점/강남점,11,서울특별시,11650,서초구,관광지,쇼핑,백화점,1
202607,f03e3c6a82e88d829fd34c8f386ce597,서래마을,11,서울특별시,11650,서초구,c6344b0ae32e496be8b1b701e540d566,김포국제공항국내선,11,서울특별시,11500,강서구,관광지,기타관광,교통시설,2
202607,f03e3c6a82e88d829fd34c8f386ce597,서래마을,11,서울특별시,11650,서초구,8dd0e38809aa6457b8c84502f9a33111,뉴코아아울렛/강남점1관,11,서울특별시,11650,서초구,관광지,쇼핑,대형마트,3
202607,f03e3c6a82e88d829fd34c8f386ce597,서래마을,11,서울특별시,11650,서초구,b605a838036e13947e8dd11697cdd276,예술의전당,11,서울특별시,11650,서초구,관광지,문화관광,공연시설,4
202607,f03e3c6a82e88d829fd34c8f386ce597,서래마을,11,서울특별시,11650,서초구,c50046e349888c25f4066f647f440bbb,서울중앙시장,11,서울특별시,11140,중구,관광지,쇼핑,시장,5
202607,f03e3c6a82e88d829fd34c8f386ce597,서래마을,11,서울특별시,11650,서초구,71c7d602e8a0ee1bf9420f26290c71bd,폴바셋/강서마곡DT점,11,서울특별시,11500,강서구,음식,음식,카페/찻집,6
202607,f03e3c6a82e88d829fd34c8f386ce597,서래마을,11,서울특별시,11650,서초구,6383cf02cac739716f0aa988f02365ac,호텔스카이파크/동대문1호점,11,서울특별시,11140,중구,숙박,숙박,호텔,7
202607,f03e3c6a82e88d829fd34c8f386ce597,서래마을,11,서울특별시,11650,서초구,11f8b3b1bf78d9c8936758e525e3ed39,서울역,11,서울특별시,11170,용산구,관광지,기타관광,교통시설,8
202607,f03e3c6a82e88d829fd34c8f386ce597,서래마을,11,서울특별시,11650,서초구,eae638a0117eda42a27a586f77cc0cd3,반포한강공원,11,서울특별시,11650,서초구,관광지,문화관광,도시공원,9
202607,f03e3c6a82e88d829fd34c8f386ce597,서래마을,11,서울특별시,11650,서초구,01953653a8a2e279ecab3087df280fd2,아이파크몰/용산점,11,서울특별시,11170,용산구,관광지,쇼핑,백화점,10
202607,f03e3c6a82e88d829fd34c8f386ce597,서래마을,11,서울특별시,11650,서초구,5e93ee7b8c38da2801d5dfcc09b0a5fc,그랜드인터컨티넨탈호텔/서울파르나스,11,서울특별시,11680,강남구,숙박,숙박,호텔,11
202607,f03e3c6a82e88d829fd34c8f386ce597,서래마을,11,서울특별시,11650,서초구,cebde0f8aea7943342a1c925b85dc1ae,영동설렁탕,11,서울특별시,11650,서초구,음식,음식,한식,12
202607,f03e3c6a82e88d829fd34c8f386ce597,서래마을,11,서울특별시,11650,서초구,d9de2f557c12dc5c7c864760e200b5e9,두산타워,11,서울특별시,11140,중구,관광지,쇼핑,쇼핑몰,13
202607,f03e3c6a82e88d829fd34c8f386ce597,서래마을,11,서울특별시,11650,서초구,e1dddacca1cc3b7128ae272f0b532a51,해밀톤호텔,11,서울특별시,11170,용산구,숙박,숙박,호텔,14
202607,f03e3c6a82e88d829fd34c8f386ce597,서래마을,11,서울특별시,11650,서초구,5706b546a093f3d82ddad1b0312b254a,석암생소금구이/연신내점,11,서울특별시,11380,은평구,음식,음식,한식,15
202607,f03e3c6a82e88d829fd34c8f386ce597,서래마을,11,서울특별시,11650,서초구,7a0416d483ed2ea3d905c0cc9dd5d61c,노보텔앰배서더호텔/서울용산,11,서울특별시,11170,용산구,숙박,숙박,호텔,16
202607,f03e3c6a82e88d829fd34c8f386ce597,서래마을,11,서울특별시,11650,서초구,385dd20f148fd21a08de36a9c03e69a1,영등포역,11,서울특별시,11560,영등포구,관광지,기타관광,교통시설,17
202607,f03e3c6a82e88d829fd34c8f386ce597,서래마을,11,서울특별시,11650,서초구,b3c795630d998a1efb9512c6a5e60638,옥된장/마곡본점,11,서울특별시,11500,강서구,음식,음식,한식,18
202607,f03e3c6a82e88d829fd34c8f386ce597,서래마을,11,서울특별시,11650,서초구,b6e1a8223148d8c6dc0712a4de32e29d,반얀트리클럽앤스파서울,11,서울특별시,11140,중구,숙박,숙박,호텔,19
202607,f03e3c6a82e88d829fd34c8f386ce597,서래마을,11,서울특별시,11650,서초구,1c45295721bfc99e1e95057334c189e0,서대문자연사박물관,11,서울특별시,11410,서대문구,관광지,문화관광,전시시설,20
202607,f03e3c6a82e88d829fd34c8f386ce597,서래마을,11,서울특별시,11650,서초구,4f2554f46ee325fd511774845cc69d37,캘리포니아관광호텔,11,서울특별시,11710,송파구,숙박,숙박,호텔,21
202607,f03e3c6a82e88d829fd34c8f386ce597,서래마을,11,서울특별시,11650,서초구,2b4f7bc9ebebddae3392b736bfca54a5,더숲초소책방,11,서울특별시,11110,종로구,음식,음식,카페/찻집,22
202607,f03e3c6a82e88d829fd34c8f386ce597,서래마을,11,서울특별시,11650,서초구,9c3e07613e8ff1c42d7ebf3deaa2a229,나리식당/청담점,11,서울특별시,11680,강남구,음식,음식,한식,23
202607,f03e3c6a82e88d829fd34c8f386ce597,서래마을,11,서울특별시,11650,서초구,83a7c5bb3b4ae602f56a164c1d487221,자이언트호텔,11,서울특별시,11680,강남구,숙박,숙박,호텔,24
202607,f03e3c6a82e88d829fd34c8f386ce597,서래마을,11,서울특별시,11650,서초구,632d7d812a70804ec2bfc2d1dacce033,서래쭈꾸미,11,서울특별시,11650,서초구,음식,음식,한식,25
202607,f03e3c6a82e88d829fd34c8f386ce597,서래마을,11,서울특별시,11650,서초구,2bf91026b7fb123e973f8fe3534eeb76,금돈옥/방배점,11,서울특별시,11650,서초구,음식,음식,한식,26
202607,f03e3c6a82e88d829fd34c8f386ce597,서래마을,11,서울특별시,11650,서초구,cee667b47c50d6436f83a4c3147f540c,서울고속버스터미널/경부영동선,11,서울특별시,11650,서초구,관광지,기타관광,교통시설,27
202607,f03e3c6a82e88d829fd34c8f386ce597,서래마을,11,서울특별시,11650,서초구,bd4640c766eb781e302c461cbc570c61,3대삼계장인,11,서울특별시,11650,서초구,음식,음식,한식,28
202607,f03e3c6a82e88d829fd34c8f386ce597,서래마을,11,서울특별시,11650,서초구,218970f5a644e7e88da9663a46229a59,채빛퀴진,11,서울특별시,11650,서초구,음식,음식,전문음식,29
202607,f03e3c6a82e88d829fd34c8f386ce597,서래마을,11,서울특별시,11650,서초구,f462511eaf43d059a42b7e18e8e86107,위코스테이/명동,11,서울특별시,11140,중구,숙박,숙박,호텔,30
202607,f03e3c6a82e88d829fd34c8f386ce597,서래마을,11,서울특별시,11650,서초구,daca2edae3c31cfef752041d63a5b8ed,미우미우,11,서울특별시,11650,서초구,음식,음식,한식,31
202607,f03e3c6a82e88d829fd34c8f386ce597,서래마을,11,서울특별시,11650,서초구,746754f7d137c8767d6dc31246044d3a,오크우드프리미어/코엑스센터,11,서울특별시,11680,강남구,숙박,숙박,호텔,32
202607,f03e3c6a82e88d829fd34c8f386ce597,서래마을,11,서울특별시,11650,서초구,9dac72fa7ebfaa2eca0d9f9e4e8ddcff,팔각정북악스카이,11,서울특별시,11110,종로구,관광지,문화관광,랜드마크관광,33
202607,f03e3c6a82e88d829fd34c8f386ce597,서래마을,11,서울특별시,11650,서초구,d965f657619cf7be65ee8104a3e94237,페어몬트앰배서더/서울,11,서울특별시,11560,영등포구,숙박,숙박,호텔,34
202607,f03e3c6a82e88d829fd34c8f386ce597,서래마을,11,서울특별시,11650,서초구,a3cd13a5dfd1660b9abbd156067b7bd9,그랜드워커힐/서울,11,서울특별시,11215,광진구,숙박,숙박,호텔,35
202607,f03e3c6a82e88d829fd34c8f386ce597,서래마을,11,서울특별시,11650,서초구,4107e59e3ff92d32e7061f56b147792f,엠디호텔/독산,11,서울특별시,11545,금천구,숙박,숙박,호텔,36
202607,f03e3c6a82e88d829fd34c8f386ce597,서래마을,11,서울특별시,11650,서초구,2816c7d67b8419ca606de26d583fad1b,능동미나리/여의도점,11,서울특별시,11560,영등포구,음식,음식,한식,37
202607,f03e3c6a82e88d829fd34c8f386ce597,서래마을,11,서울특별시,11650,서초구,ada4a520cd49dc9504b6aec0b4f602a5,서초면옥/본점,11,서울특별시,11650,서초구,음식,음식,한식,38
202607,f03e3c6a82e88d829fd34c8f386ce597,서래마을,11,서울특별시,11650,서초구,e565d04c8c14958ed35f9e2c817f36a7,영동장어,11,서울특별시,11680,강남구,음식,음식,전문음식,39
202607,f03e3c6a82e88d829fd34c8f386ce597,서래마을,11,서울특별시,11650,서초구,f1ef4e4a2579b846c9b9924161d6bff7,그랜드하얏트/서울,11,서울특별시,11170,용산구,숙박,숙박,호텔,40
202607,f03e3c6a82e88d829fd34c8f386ce597,서래마을,11,서울특별시,11650,서초구,7abfac299d7ca44ac2afbccedc4817eb,나오리장작구이/서초점,11,서울특별시,11650,서초구,음식,음식,전문음식,41
202607,f03e3c6a82e88d829fd34c8f386ce597,서래마을,11,서울특별시,11650,서초구,c18f9c643731c6870677866229c1acd6,송돝,11,서울특별시,11710,송파구,음식,음식,한식,42
202607,f03e3c6a82e88d829fd34c8f386ce597,서래마을,11,서울특별시,11650,서초구,afdea8682ccb48ba2cab122c25af0300,코코몽키즈랜드/송파점,11,서울특별시,11710,송파구,관광지,문화관광,테마공원,43
202607,f03e3c6a82e88d829fd34c8f386ce597,서래마을,11,서울특별시,11650,서초구,775c61c26ccfd36838db01794d0cf643,코리아나호텔/서울,11,서울특별시,11140,중구,숙박,숙박,호텔,44
202607,f03e3c6a82e88d829fd34c8f386ce597,서래마을,11,서울특별시,11650,서초구,fe86ee6b89d8bc61cb6aa94741208907,용가회전훠궈/강남점,11,서울특별시,11650,서초구,음식,음식,외국식,45
202607,f03e3c6a82e88d829fd34c8f386ce597,서래마을,11,서울특별시,11650,서초구,34fc31720ce1b1ab18191a852120231f,석촌호수/동호,11,서울특별시,11710,송파구,관광지,자연관광,자연경관(하천/해양),46
202607,f03e3c6a82e88d829fd34c8f386ce597,서래마을,11,서울특별시,11650,서초구,570bbf09ec6117258c1ecf4805361572,우래옥/본점,11,서울특별시,11140,중구,음식,음식,한식,47
202607,f03e3c6a82e88d829fd34c8f386ce597,서래마을,11,서울특별시,11650,서초구,b35baf66f56313e6033cd1969ca7f85c,경동시장,11,서울특별시,11230,동대문구,관광지,쇼핑,시장,48
202607,f03e3c6a82e88d829fd34c8f386ce597,서래마을,11,서울특별시,11650,서초구,dc86e107d5464f5f43a840e4c3dc40b4,네가있어고마워,11,서울특별시,11560,영등포구,음식,음식,카페/찻집,49
202607,f03e3c6a82e88d829fd34c8f386ce597,서래마을,11,서울특별시,11650,서초구,4d9915adb3ddeed3435d01ddb2449331,톰볼라/서래점,11,서울특별시,11650,서초구,음식,음식,외국식,50
202607,539b5d3f4a4d4a40f4a3d88b6da3a167,구룡사,11,서울특별시,11650,서초구,47c5ea9616b718c9340b2f27ec1494ab,디큐브링크아트센터,11,서울특별시,11530,구로구,관광지,문화관광,공연시설,1
202607,539b5d3f4a4d4a40f4a3d88b6da3a167,구룡사,11,서울특별시,11650,서초구,c6b5964eb6deb72206d9bf59a6bb5268,신세계백화점/강남점,11,서울특별시,11650,서초구,관광지,쇼핑,백화점,2
202607,539b5d3f4a4d4a40f4a3d88b6da3a167,구룡사,11,서울특별시,11650,서초구,868b54a0ecff1510baf8f974668d2e40,남산골한옥마을,11,서울특별시,11140,중구,관광지,역사관광,역사유적지,3
202607,539b5d3f4a4d4a40f4a3d88b6da3a167,구룡사,11,서울특별시,11650,서초구,acb5329d44aa939655c89c85fe40ceb9,충무아트센터,11,서울특별시,11140,중구,관광지,문화관광,공연시설,4
202607,539b5d3f4a4d4a40f4a3d88b6da3a167,구룡사,11,서울특별시,11650,서초구,b9125fd10512665be7011f52e026e586,안다즈/서울강남,11,서울특별시,11680,강남구,숙박,숙박,호텔,5
202607,539b5d3f4a4d4a40f4a3d88b6da3a167,구룡사,11,서울특별시,11650,서초구,7fe72cbd5e41e782f44ecef89d7a545e,평양면옥/도곡점,11,서울특별시,11680,강남구,음식,음식,한식,6
202607,539b5d3f4a4d4a40f4a3d88b6da3a167,구룡사,11,서울특별시,11650,서초구,2eb38024dd7d0825481ea983f7dd1479,현대백화점/압구정본점,11,서울특별시,11680,강남구,관광지,쇼핑,백화점,7
202607,539b5d3f4a4d4a40f4a3d88b6da3a167,구룡사,11,서울특별시,11650,서초구,da5f79e75ec9cd53e7066baecaf94502,JW메리어트호텔/서울,11,서울특별시,11650,서초구,숙박,숙박,호텔,8
202607,539b5d3f4a4d4a40f4a3d88b6da3a167,구룡사,11,서울특별시,11650,서초구,1fd766da2ba48ead5364fa9b75cd69f3,한국도심공항,11,서울특별시,11680,강남구,관광지,기타관광,교통시설,9
202607,539b5d3f4a4d4a40f4a3d88b6da3a167,구룡사,11,서울특별시,11650,서초구,042e0b840d8aa30802b3852299ff2396,카페어니언/성수점,11,서울특별시,11200,성동구,음식,음식,카페/찻집,10
202607,539b5d3f4a4d4a40f4a3d88b6da3a167,구룡사,11,서울특별시,11650,서초구,97c0a1427be208a8ca50e879baa895c4,올림픽공원,11,서울특별시,11710,송파구,관광지,문화관광,도시공원,11
202607,539b5d3f4a4d4a40f4a3d88b6da3a167,구룡사,11,서울특별시,11650,서초구,8cbd1a98e93c186c6b5bfdf1675ab266,아난티 앳 강남,11,서울특별시,11680,강남구,숙박,숙박,호텔,12
202607,539b5d3f4a4d4a40f4a3d88b6da3a167,구룡사,11,서울특별시,11650,서초구,f437907d2290e7c95b564568f3a33aa2,다이센스시/한국본점,11,서울특별시,11170,용산구,음식,음식,외국식,13
202607,539b5d3f4a4d4a40f4a3d88b6da3a167,구룡사,11,서울특별시,11650,서초구,2d94daf2fd0d63d3f07817c1adf73834,송화/본점 [한식],11,서울특별시,11680,강남구,음식,음식,한식,14
202607,539b5d3f4a4d4a40f4a3d88b6da3a167,구룡사,11,서울특별시,11650,서초구,91810255373217724ab6fd51c6534495,조선일보미술관,11,서울특별시,11140,중구,관광지,문화관광,전시시설,15
202607,539b5d3f4a4d4a40f4a3d88b6da3a167,구룡사,11,서울특별시,11650,서초구,09f0081cdabc61adb413801516440a4f,동덕아트갤러리,11,서울특별시,11110,종로구,관광지,문화관광,전시시설,16
202607,539b5d3f4a4d4a40f4a3d88b6da3a167,구룡사,11,서울특별시,11650,서초구,b813ddc315529fb52a4fac9d8ad035aa,골드리버호텔,11,서울특별시,11545,금천구,숙박,숙박,호텔,17
202607,539b5d3f4a4d4a40f4a3d88b6da3a167,구룡사,11,서울특별시,11650,서초구,4d184ef15ff70f47adf62843e9a57292,현대백화점/무역센터점,11,서울특별시,11680,강남구,관광지,쇼핑,백화점,18
202607,539b5d3f4a4d4a40f4a3d88b6da3a167,구룡사,11,서울특별시,11650,서초구,cec4f8787f0d6438d2ea1057c69971aa,바샤커피,11,서울특별시,11680,강남구,음식,음식,카페/찻집,19
202607,539b5d3f4a4d4a40f4a3d88b6da3a167,구룡사,11,서울특별시,11650,서초구,1a1feef97c74f7abf2a000493b20311c,한라산/청담점,11,서울특별시,11680,강남구,음식,음식,전문음식,20
202607,539b5d3f4a4d4a40f4a3d88b6da3a167,구룡사,11,서울특별시,11650,서초구,7a9180be2ce3095825b80fd58251ba5a,통영집,11,서울특별시,11680,강남구,음식,음식,전문음식,21
202607,539b5d3f4a4d4a40f4a3d88b6da3a167,구룡사,11,서울특별시,11650,서초구,859549816db4a6664aa0afecf8091dba,법련사,11,서울특별시,11110,종로구,관광지,역사관광,종교성지,22
202607,539b5d3f4a4d4a40f4a3d88b6da3a167,구룡사,11,서울특별시,11650,서초구,ce196c950c52d6a7f26097a553f7fadf,블루스퀘어,11,서울특별시,11170,용산구,관광지,문화관광,공연시설,23
202607,539b5d3f4a4d4a40f4a3d88b6da3a167,구룡사,11,서울특별시,11650,서초구,1c27a61d17b6dc3d2d2d746ffe54db6d,청와옥/양재직영점,11,서울특별시,11650,서초구,음식,음식,한식,24
202607,539b5d3f4a4d4a40f4a3d88b6da3a167,구룡사,11,서울특별시,11650,서초구,a2b08a3767faf59607bf1d78c3a3de79,명선헌/[한식],11,서울특별시,11650,서초구,음식,음식,한식,25
202607,539b5d3f4a4d4a40f4a3d88b6da3a167,구룡사,11,서울특별시,11650,서초구,fef5a1fa0545a82ce94b3f58345710e1,가락골마산아구찜,11,서울특별시,11710,송파구,음식,음식,한식,26
202607,539b5d3f4a4d4a40f4a3d88b6da3a167,구룡사,11,서울특별시,11650,서초구,c37ea584135f56d94acbc7d7f9d9221b,장안사,11,서울특별시,11590,동작구,관광지,역사관광,종교성지,27
202607,539b5d3f4a4d4a40f4a3d88b6da3a167,구룡사,11,서울특별시,11650,서초구,cef00fe67cadaad3f57cab9739f26259,양재천근린공원,11,서울특별시,11650,서초구,관광지,문화관광,도시공원,28
202607,539b5d3f4a4d4a40f4a3d88b6da3a167,구룡사,11,서울특별시,11650,서초구,32bc2c696e27a27736ee28832fd60aaa,버드나무집/서초본점,11,서울특별시,11650,서초구,음식,음식,한식,29
202607,539b5d3f4a4d4a40f4a3d88b6da3a167,구룡사,11,서울특별시,11650,서초구,ba47b656acfd430f7af216a942b6f55b,구로시장,11,서울특별시,11530,구로구,관광지,쇼핑,시장,30
202607,539b5d3f4a4d4a40f4a3d88b6da3a167,구룡사,11,서울특별시,11650,서초구,4f7b56aaee78410f20a2b9ae7a0de162,가락동농수산물도매시장,11,서울특별시,11710,송파구,관광지,쇼핑,시장,31
202607,539b5d3f4a4d4a40f4a3d88b6da3a167,구룡사,11,서울특별시,11650,서초구,c72ffb3c13132eceb22b515843254204,파르노/서래마을본점,11,서울특별시,11650,서초구,음식,음식,전문음식,32
202607,539b5d3f4a4d4a40f4a3d88b6da3a167,구룡사,11,서울특별시,11650,서초구,c1791138ca91f540a7c8d677b2be0b30,롯데호텔/월드,11,서울특별시,11710,송파구,숙박,숙박,호텔,33
202607,539b5d3f4a4d4a40f4a3d88b6da3a167,구룡사,11,서울특별시,11650,서초구,11184d0314a815c427804e4f297e1697,파리바게뜨/대치삼성점,11,서울특별시,11680,강남구,음식,음식,간이음식,34
202607,539b5d3f4a4d4a40f4a3d88b6da3a167,구룡사,11,서울특별시,11650,서초구,efe0cec96bdcb5d3a95caa3c9e3062e7,조계사,11,서울특별시,11110,종로구,관광지,역사관광,종교성지,35
202607,539b5d3f4a4d4a40f4a3d88b6da3a167,구룡사,11,서울특별시,11650,서초구,7973857b4d9a9d847a43fd754d724ff5,불광사,11,서울특별시,11710,송파구,관광지,역사관광,종교성지,36
202607,539b5d3f4a4d4a40f4a3d88b6da3a167,구룡사,11,서울특별시,11650,서초구,28703acbfd26d2fb76e0f88f28a65379,기절초풍왕순대,11,서울특별시,11620,관악구,음식,음식,한식,37
202607,539b5d3f4a4d4a40f4a3d88b6da3a167,구룡사,11,서울특별시,11650,서초구,33ba06b4bad87468f71d5bddadf054ce,시그니엘/서울,11,서울특별시,11710,송파구,숙박,숙박,호텔,38
202607,539b5d3f4a4d4a40f4a3d88b6da3a167,구룡사,11,서울특별시,11650,서초구,28584c765d4b34a95eaf1bbbc422da48,산들해/양재점 [한식],11,서울특별시,11650,서초구,음식,음식,한식,39
202607,539b5d3f4a4d4a40f4a3d88b6da3a167,구룡사,11,서울특별시,11650,서초구,c342e0a8101080416b9a085e87e7b300,보문사,11,서울특별시,11590,동작구,관광지,역사관광,종교성지,40
202607,539b5d3f4a4d4a40f4a3d88b6da3a167,구룡사,11,서울특별시,11650,서초구,f16915a685c15341c18844349d0c9b8e,종점숯불갈비,11,서울특별시,11170,용산구,음식,음식,한식,41
202607,539b5d3f4a4d4a40f4a3d88b6da3a167,구룡사,11,서울특별시,11650,서초구,69c7a4b1c5bf2614af39ba0aa2808fe5,임병주산동손칼국수,11,서울특별시,11650,서초구,음식,음식,한식,42
202607,539b5d3f4a4d4a40f4a3d88b6da3a167,구룡사,11,서울특별시,11650,서초구,3ff66faa709badfc005db5eddedcce92,둔촌역전통시장,11,서울특별시,11740,강동구,관광지,쇼핑,시장,43
202607,539b5d3f4a4d4a40f4a3d88b6da3a167,구룡사,11,서울특별시,11650,서초구,6e83a36a9b7bd04680c637b8f44a99ab,봉은사,11,서울특별시,11680,강남구,관광지,역사관광,종교성지,44
202607,539b5d3f4a4d4a40f4a3d88b6da3a167,구룡사,11,서울특별시,11650,서초구,35118b7feb96292b3d431b6132c4875b,비비브라운,11,서울특별시,11680,강남구,음식,음식,카페/찻집,45
202607,539b5d3f4a4d4a40f4a3d88b6da3a167,구룡사,11,서울특별시,11650,서초구,22fad2f84cbb6aba9254dd1f76cfbf48,맥도날드/양재SK DT점,11,서울특별시,11650,서초구,음식,음식,간이음식,46
202607,539b5d3f4a4d4a40f4a3d88b6da3a167,구룡사,11,서울특별시,11650,서초구,2b2ca10e25f5ac6bfa5b603b76588e2e,능인선원/포이동법당,11,서울특별시,11680,강남구,관광지,역사관광,종교성지,47
202607,539b5d3f4a4d4a40f4a3d88b6da3a167,구룡사,11,서울특별시,11650,서초구,76e29d6336454d189a603bae4a3b4bdf,애슐리퀸즈/뉴코아강남점,11,서울특별시,11650,서초구,음식,음식,전문음식,48
202607,539b5d3f4a4d4a40f4a3d88b6da3a167,구룡사,11,서울특별시,11650,서초구,1f299f834682be8d4f602836bf35c8fd,백제추어탕/송파점,11,서울특별시,11710,송파구,음식,음식,한식,49
202607,539b5d3f4a4d4a40f4a3d88b6da3a167,구룡사,11,서울특별시,11650,서초구,7dbc77cb617ec2818f2e0171f1463c90,서초면옥/서초본점,11,서울특별시,11650,서초구,음식,음식,한식,50
202607,da255c3f529822ba04c9a3d81a9d80fb,서울웨이브아트센터,11,서울특별시,11650,서초구,d4d618b1dc9ba09af2785e5805b35e7c,구찌오스테리아/서울,11,서울특별시,11680,강남구,음식,음식,외국식,1
202607,da255c3f529822ba04c9a3d81a9d80fb,서울웨이브아트센터,11,서울특별시,11650,서초구,0f17f104fef1e48f0235fa8d0580ac6e,애플하우스/이수점,11,서울특별시,11590,동작구,음식,음식,간이음식,2
202607,da255c3f529822ba04c9a3d81a9d80fb,서울웨이브아트센터,11,서울특별시,11650,서초구,24dd090e9b9bdbf8af1d5195827bf7b7,아웃백스테이크하우스/양재점,11,서울특별시,11650,서초구,음식,음식,전문음식,3
202607,da255c3f529822ba04c9a3d81a9d80fb,서울웨이브아트센터,11,서울특별시,11650,서초구,63b05d96aedb411ed5e98c0816f6ce75,청원민물고기직판장,11,서울특별시,11590,동작구,관광지,쇼핑,시장,4
202607,da255c3f529822ba04c9a3d81a9d80fb,서울웨이브아트센터,11,서울특별시,11650,서초구,7eef63b24814b42ab60771765198865d,그리던고기/방배본점,11,서울특별시,11650,서초구,음식,음식,한식,5
202607,da255c3f529822ba04c9a3d81a9d80fb,서울웨이브아트센터,11,서울특별시,11650,서초구,72013404f1e7b1d083c50f11602e0364,인덕원비빔국수/양재직영점,11,서울특별시,11650,서초구,음식,음식,한식,6
202607,da255c3f529822ba04c9a3d81a9d80fb,서울웨이브아트센터,11,서울특별시,11650,서초구,e827b3fafa55bef691d75fd236559fff,오장동함흥냉면,11,서울특별시,11140,중구,음식,음식,한식,7
202607,da255c3f529822ba04c9a3d81a9d80fb,서울웨이브아트센터,11,서울특별시,11650,서초구,75954bbe31b12dcd58ed3d90c1578b1b,이문설농탕,11,서울특별시,11110,종로구,음식,음식,한식,8
202607,b6855400579aa33be39085d39207b008,국가무형유산전수교육관,11,서울특별시,11680,강남구,9ea953c00b8109b48edf03408004e148,한국문화의집,11,서울특별시,11680,강남구,관광지,문화관광,공연시설,1
202607,b6855400579aa33be39085d39207b008,국가무형유산전수교육관,11,서울특별시,11680,강남구,c0313bd54bf16677db379e361eb74ac5,한국의집/[한식],11,서울특별시,11140,중구,음식,음식,한식,2
202607,b6855400579aa33be39085d39207b008,국가무형유산전수교육관,11,서울특별시,11680,강남구,4287a3361d038a2f348708348790d27a,암사종합시장,11,서울특별시,11740,강동구,관광지,쇼핑,시장,3
202607,b6855400579aa33be39085d39207b008,국가무형유산전수교육관,11,서울특별시,11680,강남구,60e2a285ca63e1f00b26a1dbace52960,국립국악원/예악당,11,서울특별시,11650,서초구,관광지,문화관광,공연시설,4
202607,b6855400579aa33be39085d39207b008,국가무형유산전수교육관,11,서울특별시,11680,강남구,a73565e85aeca95c03909d10ebeeac19,서울남산국악당,11,서울특별시,11140,중구,관광지,문화관광,공연시설,5
202607,b6855400579aa33be39085d39207b008,국가무형유산전수교육관,11,서울특별시,11680,강남구,ac364ac5b7a88c24c39f1ecd406a7970,더현대/서울,11,서울특별시,11560,영등포구,관광지,쇼핑,백화점,6
202607,b6855400579aa33be39085d39207b008,국가무형유산전수교육관,11,서울특별시,11680,강남구,e5712730c371e5fddd7474df6752b347,롯데백화점/본점,11,서울특별시,11140,중구,관광지,쇼핑,백화점,7
202607,b6855400579aa33be39085d39207b008,국가무형유산전수교육관,11,서울특별시,11680,강남구,0cbfa682a8b8def643fcc8eece7b9e61,센트럴관광호텔,11,서울특별시,11110,종로구,숙박,숙박,호텔,8
202607,b6855400579aa33be39085d39207b008,국가무형유산전수교육관,11,서울특별시,11680,강남구,dede6e93e871261219f2665d7a3c1641,테라로사/광화문점,11,서울특별시,11110,종로구,음식,음식,카페/찻집,9
202607,b6855400579aa33be39085d39207b008,국가무형유산전수교육관,11,서울특별시,11680,강남구,f0e90d9ebbe5cdddb39aa485ba996337,VIPS/제일제당센터점,11,서울특별시,11140,중구,음식,음식,전문음식,10
202607,b6855400579aa33be39085d39207b008,국가무형유산전수교육관,11,서울특별시,11680,강남구,43ad448330c42271da75a8ec071c7dba,만포막국수,11,서울특별시,11140,중구,음식,음식,한식,11
202607,b6855400579aa33be39085d39207b008,국가무형유산전수교육관,11,서울특별시,11680,강남구,72052bd332dcb27c72a17ad8b6cf960a,국립현대미술관/서울관,11,서울특별시,11110,종로구,관광지,문화관광,전시시설,12
202607,b6855400579aa33be39085d39207b008,국가무형유산전수교육관,11,서울특별시,11680,강남구,ace835d9567902005230f741f24b40e5,바늘이야기/연희직영점,11,서울특별시,11410,서대문구,관광지,체험관광,공예체험,13
202607,b6855400579aa33be39085d39207b008,국가무형유산전수교육관,11,서울특별시,11680,강남구,72013404f1e7b1d083c50f11602e0364,인덕원비빔국수/양재직영점,11,서울특별시,11650,서초구,음식,음식,한식,14
202607,b6855400579aa33be39085d39207b008,국가무형유산전수교육관,11,서울특별시,11680,강남구,11f8b3b1bf78d9c8936758e525e3ed39,서울역,11,서울특별시,11170,용산구,관광지,기타관광,교통시설,15
202607,b6855400579aa33be39085d39207b008,국가무형유산전수교육관,11,서울특별시,11680,강남구,c6b5964eb6deb72206d9bf59a6bb5268,신세계백화점/강남점,11,서울특별시,11650,서초구,관광지,쇼핑,백화점,16
202607,b6855400579aa33be39085d39207b008,국가무형유산전수교육관,11,서울특별시,11680,강남구,6520630545d4ca38db847e20f8217857,맥도날드/염창DT점,11,서울특별시,11500,강서구,음식,음식,간이음식,17
202607,b6855400579aa33be39085d39207b008,국가무형유산전수교육관,11,서울특별시,11680,강남구,ede2ae68d400da1082f6d38fcdc58f48,봉원사,11,서울특별시,11410,서대문구,관광지,역사관광,종교성지,18
202607,b6855400579aa33be39085d39207b008,국가무형유산전수교육관,11,서울특별시,11680,강남구,01953653a8a2e279ecab3087df280fd2,아이파크몰/용산점,11,서울특별시,11170,용산구,관광지,쇼핑,백화점,19
202607,b6855400579aa33be39085d39207b008,국가무형유산전수교육관,11,서울특별시,11680,강남구,047a3efc6418fc171399f28607dbd519,포스코미술관,11,서울특별시,11680,강남구,관광지,문화관광,전시시설,20
202607,b6855400579aa33be39085d39207b008,국가무형유산전수교육관,11,서울특별시,11680,강남구,b7dff0acca376a21c4610a7897c337b5,백세삼계탕/강동점,11,서울특별시,11740,강동구,음식,음식,한식,21
202607,b6855400579aa33be39085d39207b008,국가무형유산전수교육관,11,서울특별시,11680,강남구,e05117899559794bef3e66221f3138f4,문화비축기지,11,서울특별시,11440,마포구,관광지,문화관광,기타문화관광지,22
202607,b6855400579aa33be39085d39207b008,국가무형유산전수교육관,11,서울특별시,11680,강남구,d6e7d2e0ef86a25cce60aac5332b28dc,국립중앙박물관,11,서울특별시,11170,용산구,관광지,문화관광,전시시설,23
202607,b6855400579aa33be39085d39207b008,국가무형유산전수교육관,11,서울특별시,11680,강남구,775c61c26ccfd36838db01794d0cf643,코리아나호텔/서울,11,서울특별시,11140,중구,숙박,숙박,호텔,24
202607,b6855400579aa33be39085d39207b008,국가무형유산전수교육관,11,서울특별시,11680,강남구,6e83a36a9b7bd04680c637b8f44a99ab,봉은사,11,서울특별시,11680,강남구,관광지,역사관광,종교성지,25
202607,b6855400579aa33be39085d39207b008,국가무형유산전수교육관,11,서울특별시,11680,강남구,b2760c05df9af068fa405efd44375ca1,흥인지문,11,서울특별시,11110,종로구,관광지,역사관광,역사유적지,26
202607,b6855400579aa33be39085d39207b008,국가무형유산전수교육관,11,서울특별시,11680,강남구,e53f266af47836d98e6698e95f816602,흑돈가/삼성직영점,11,서울특별시,11680,강남구,음식,음식,한식,27
202607,b6855400579aa33be39085d39207b008,국가무형유산전수교육관,11,서울특별시,11680,강남구,a73d1e169658652721d5dd344816ba55,무탄/여의도점 [중식],11,서울특별시,11560,영등포구,음식,음식,외국식,28
202607,b6855400579aa33be39085d39207b008,국가무형유산전수교육관,11,서울특별시,11680,강남구,679815a8aa65197341ff660588490fa3,서울남부터미널,11,서울특별시,11650,서초구,관광지,기타관광,교통시설,29
202607,b6855400579aa33be39085d39207b008,국가무형유산전수교육관,11,서울특별시,11680,강남구,db815bd6634182dbeb5227ad6923304a,올림픽홀,11,서울특별시,11710,송파구,관광지,문화관광,공연시설,30
202607,b6855400579aa33be39085d39207b008,국가무형유산전수교육관,11,서울특별시,11680,강남구,5b8c3d2c8845b4a4d9cd5907ef57d58a,서울거리예술창작센터,11,서울특별시,11215,광진구,관광지,문화관광,기타문화관광지,31
202607,b6855400579aa33be39085d39207b008,국가무형유산전수교육관,11,서울특별시,11680,강남구,4d184ef15ff70f47adf62843e9a57292,현대백화점/무역센터점,11,서울특별시,11680,강남구,관광지,쇼핑,백화점,32
202607,b6855400579aa33be39085d39207b008,국가무형유산전수교육관,11,서울특별시,11680,강남구,555f48407bf3d1e365b3cfb12b4e073a,대도식당/강남대로점,11,서울특별시,11650,서초구,음식,음식,한식,33
202607,b6855400579aa33be39085d39207b008,국가무형유산전수교육관,11,서울특별시,11680,강남구,71a06bb489cb9a88dc30d87e1d9b938c,서울무형문화재/돈화문공예관,11,서울특별시,11110,종로구,관광지,문화관광,전시시설,34
202607,c1d482dfce4c9b4dc1fd607180899b50,역삼개나리공원,11,서울특별시,11680,강남구,f218e9c858f3ccd0d62807709664835e,신사은행나무공원,11,서울특별시,11680,강남구,관광지,문화관광,도시공원,1
202607,c1d482dfce4c9b4dc1fd607180899b50,역삼개나리공원,11,서울특별시,11680,강남구,8cd1d991a254c929308a68fb4d7b0523,UH플랫/더서초,11,서울특별시,11650,서초구,숙박,숙박,호텔,2
202607,c1d482dfce4c9b4dc1fd607180899b50,역삼개나리공원,11,서울특별시,11680,강남구,8c0289e05b0e7622c99cbb763671ee6c,VIPS/현대시티아울렛가든파이브점,11,서울특별시,11710,송파구,음식,음식,전문음식,3
202607,c1d482dfce4c9b4dc1fd607180899b50,역삼개나리공원,11,서울특별시,11680,강남구,4d184ef15ff70f47adf62843e9a57292,현대백화점/무역센터점,11,서울특별시,11680,강남구,관광지,쇼핑,백화점,4
202607,c1d482dfce4c9b4dc1fd607180899b50,역삼개나리공원,11,서울특별시,11680,강남구,01953653a8a2e279ecab3087df280fd2,아이파크몰/용산점,11,서울특별시,11170,용산구,관광지,쇼핑,백화점,5
202607,c1d482dfce4c9b4dc1fd607180899b50,역삼개나리공원,11,서울특별시,11680,강남구,50751e3d41ff347f04ab586e175c31fa,화이트모텔,11,서울특별시,11680,강남구,숙박,숙박,모텔,6
202607,c1d482dfce4c9b4dc1fd607180899b50,역삼개나리공원,11,서울특별시,11680,강남구,4132add5d2cc5943879dd08aa4aca743,옛날농장/역삼점,11,서울특별시,11680,강남구,음식,음식,한식,7
202607,c1d482dfce4c9b4dc1fd607180899b50,역삼개나리공원,11,서울특별시,11680,강남구,9e49196b22fcac31bd6725250bb4f7ba,무지개쇼핑센터,11,서울특별시,11650,서초구,관광지,쇼핑,쇼핑몰,8
202607,c1d482dfce4c9b4dc1fd607180899b50,역삼개나리공원,11,서울특별시,11680,강남구,11f8b3b1bf78d9c8936758e525e3ed39,서울역,11,서울특별시,11170,용산구,관광지,기타관광,교통시설,9
202607,c1d482dfce4c9b4dc1fd607180899b50,역삼개나리공원,11,서울특별시,11680,강남구,b7d97075178eca310d58040f02af4d8e,롯데월드몰,11,서울특별시,11710,송파구,관광지,쇼핑,쇼핑몰,10
202607,c1d482dfce4c9b4dc1fd607180899b50,역삼개나리공원,11,서울특별시,11680,강남구,a02c561f6d3b61d58bd65c42ad8ee923,무등산수만리염소탕/강남점,11,서울특별시,11680,강남구,음식,음식,한식,11
202607,c1d482dfce4c9b4dc1fd607180899b50,역삼개나리공원,11,서울특별시,11680,강남구,a0cc8aa8a18cc352eaa90d8ceb635e27,리베라호텔/청담,11,서울특별시,11680,강남구,숙박,숙박,호텔,12
202607,c1d482dfce4c9b4dc1fd607180899b50,역삼개나리공원,11,서울특별시,11680,강남구,014b943e8594c4d29928015af7f4426a,세컨브레스,11,서울특별시,11650,서초구,음식,음식,카페/찻집,13
202607,aa7929bbb07b8d1fd1a3a2c050b563fb,유나이티드갤러리,11,서울특별시,11680,강남구,bbfe363653d89500cff1772e627e41fc,메가박스/코엑스,11,서울특별시,11680,강남구,관광지,문화관광,공연시설,1
202607,aa7929bbb07b8d1fd1a3a2c050b563fb,유나이티드갤러리,11,서울특별시,11680,강남구,e4806243e8a8e067cbf284622539cf51,타임스퀘어,11,서울특별시,11560,영등포구,관광지,쇼핑,쇼핑몰,2
202607,aa7929bbb07b8d1fd1a3a2c050b563fb,유나이티드갤러리,11,서울특별시,11680,강남구,6c6a6b20d188c297335d14cd36471173,성북로,11,서울특별시,11290,성북구,음식,음식,카페/찻집,3
202607,aa7929bbb07b8d1fd1a3a2c050b563fb,유나이티드갤러리,11,서울특별시,11680,강남구,acb5329d44aa939655c89c85fe40ceb9,충무아트센터,11,서울특별시,11140,중구,관광지,문화관광,공연시설,4
202607,aa7929bbb07b8d1fd1a3a2c050b563fb,유나이티드갤러리,11,서울특별시,11680,강남구,410640d7eea66c0f4dec91fe33f1fb4d,황도바지락칼국수,11,서울특별시,11740,강동구,음식,음식,한식,5
202607,8ac293da7cd7162cafd085780f23b0fb,마루공원,11,서울특별시,11680,강남구,144b824b7b0cbb2a4c3a95e64126125d,호텔아하바,11,서울특별시,11560,영등포구,숙박,숙박,모텔,1
202607,8ac293da7cd7162cafd085780f23b0fb,마루공원,11,서울특별시,11680,강남구,aecc82b22e80abd21a19df3adb5d14fb,한솔공원,11,서울특별시,11680,강남구,관광지,문화관광,도시공원,2
202607,8ac293da7cd7162cafd085780f23b0fb,마루공원,11,서울특별시,11680,강남구,679815a8aa65197341ff660588490fa3,서울남부터미널,11,서울특별시,11650,서초구,관광지,기타관광,교통시설,3
202607,8ac293da7cd7162cafd085780f23b0fb,마루공원,11,서울특별시,11680,강남구,57f72f5ecb7b17520d16a17fb0042347,호텔페이토/강남,11,서울특별시,11650,서초구,숙박,숙박,호텔,4
202607,8ac293da7cd7162cafd085780f23b0fb,마루공원,11,서울특별시,11680,강남구,3022a53ac5ca9ff1ce0921fd025f127e,매헌시민의숲,11,서울특별시,11650,서초구,관광지,문화관광,도시공원,5
202607,8ac293da7cd7162cafd085780f23b0fb,마루공원,11,서울특별시,11680,강남구,c1791138ca91f540a7c8d677b2be0b30,롯데호텔/월드,11,서울특별시,11710,송파구,숙박,숙박,호텔,6
202607,8ac293da7cd7162cafd085780f23b0fb,마루공원,11,서울특별시,11680,강남구,c6344b0ae32e496be8b1b701e540d566,김포국제공항국내선,11,서울특별시,11500,강서구,관광지,기타관광,교통시설,7
202607,8ac293da7cd7162cafd085780f23b0fb,마루공원,11,서울특별시,11680,강남구,f686e75cd24f07488983782535e0d471,천마풋살파크,11,서울특별시,11710,송파구,관광지,문화관광,레저스포츠시설,8
202607,8ac293da7cd7162cafd085780f23b0fb,마루공원,11,서울특별시,11680,강남구,c6f773819f944cebe81d8c2d28500f37,단비교육,11,서울특별시,11680,강남구,관광지,체험관광,체험관광기타,9
202607,8ac293da7cd7162cafd085780f23b0fb,마루공원,11,서울특별시,11680,강남구,d6c9bc742abff495baef9bafbd96dcb5,여의도야외수영장,11,서울특별시,11560,영등포구,관광지,문화관광,테마공원,10
202607,8ac293da7cd7162cafd085780f23b0fb,마루공원,11,서울특별시,11680,강남구,4a7662799ae41340ff85a9dc5c85bec5,롯데백화점/강남점,11,서울특별시,11680,강남구,관광지,쇼핑,백화점,11
202607,8ac293da7cd7162cafd085780f23b0fb,마루공원,11,서울특별시,11680,강남구,73502b7ef61a5af1e5b157a9c6683183,을밀대/잠실점,11,서울특별시,11710,송파구,음식,음식,한식,12
202607,8ac293da7cd7162cafd085780f23b0fb,마루공원,11,서울특별시,11680,강남구,bb9a3d1cb6a86e0f872560975ae87f8c,현대시티아울렛/가든파이브점,11,서울특별시,11710,송파구,관광지,쇼핑,쇼핑몰,13
202607,8ac293da7cd7162cafd085780f23b0fb,마루공원,11,서울특별시,11680,강남구,1f299f834682be8d4f602836bf35c8fd,백제추어탕/송파점,11,서울특별시,11710,송파구,음식,음식,한식,14
202607,8ac293da7cd7162cafd085780f23b0fb,마루공원,11,서울특별시,11680,강남구,8af12532c372163a0a0373c1cbede415,로꼬풋살스타디움/잠실점,11,서울특별시,11710,송파구,관광지,레저스포츠,기타레저스포츠,15
202607,8ac293da7cd7162cafd085780f23b0fb,마루공원,11,서울특별시,11680,강남구,3e19675887b8fff64d0dbceaeb3d2135,몽중헌/대치점 [중식],11,서울특별시,11680,강남구,음식,음식,외국식,16
202607,8ac293da7cd7162cafd085780f23b0fb,마루공원,11,서울특별시,11680,강남구,8baea2886ad4b85efe68df7ad8c3f9b1,석촌칼국수보리밥/본점,11,서울특별시,11710,송파구,음식,음식,한식,17
202607,8ac293da7cd7162cafd085780f23b0fb,마루공원,11,서울특별시,11680,강남구,5e3e2c982d75c73d60f8c2cb677b8740,장꼬방묵은김치찌개전문,11,서울특별시,11650,서초구,음식,음식,한식,18
202607,8ac293da7cd7162cafd085780f23b0fb,마루공원,11,서울특별시,11680,강남구,3f73ebe1e7ff90638adbb85f89789e3a,호텔라몬,11,서울특별시,11710,송파구,숙박,숙박,모텔,19
202607,8ac293da7cd7162cafd085780f23b0fb,마루공원,11,서울특별시,11680,강남구,eec50956d20173236f77305e3f3aaf1b,현대백화점/천호점,11,서울특별시,11740,강동구,관광지,쇼핑,백화점,20
202607,8ac293da7cd7162cafd085780f23b0fb,마루공원,11,서울특별시,11680,강남구,604e6985939a2f2c084d58c16ca01de6,폴바셋/일원역점,11,서울특별시,11680,강남구,음식,음식,카페/찻집,21
202607,8ac293da7cd7162cafd085780f23b0fb,마루공원,11,서울특별시,11680,강남구,cee667b47c50d6436f83a4c3147f540c,서울고속버스터미널/경부영동선,11,서울특별시,11650,서초구,관광지,기타관광,교통시설,22
202607,8ac293da7cd7162cafd085780f23b0fb,마루공원,11,서울특별시,11680,강남구,b453918c2166755cffaa27d4d6213639,예술의전당/오페라하우스,11,서울특별시,11650,서초구,관광지,문화관광,공연시설,23
202607,8ac293da7cd7162cafd085780f23b0fb,마루공원,11,서울특별시,11680,강남구,5c2555a7ff42cc5c6e6c7c582beee6b5,AC호텔바이메리어트/서울강남,11,서울특별시,11680,강남구,숙박,숙박,호텔,24
202607,6c1b453b66ace118d95802ca27053c2b,은곡마을공원,11,서울특별시,11680,강남구,5f83a6be42e394843bf2e658bd1398f3,새마을전통시장,11,서울특별시,11710,송파구,관광지,쇼핑,시장,1
202607,6c1b453b66ace118d95802ca27053c2b,은곡마을공원,11,서울특별시,11680,강남구,273e0e5b0ac26479b4d07c1f7be5b5a0,잠실야구장,11,서울특별시,11710,송파구,관광지,문화관광,레저스포츠시설,2
202607,6c1b453b66ace118d95802ca27053c2b,은곡마을공원,11,서울특별시,11680,강남구,60a521123665cf3d1d6a1f1d127fa927,뽕사부/[중식],11,서울특별시,11710,송파구,음식,음식,외국식,3
202607,6c1b453b66ace118d95802ca27053c2b,은곡마을공원,11,서울특별시,11680,강남구,ef16e19492acc0786f2cd6cd42118b18,맷돌로만/청계산점,11,서울특별시,11650,서초구,음식,음식,한식,4
202607,6c1b453b66ace118d95802ca27053c2b,은곡마을공원,11,서울특별시,11680,강남구,7fa5c8293e5678b5a3880d1b04047502,투썸플레이스/테헤란선릉역점,11,서울특별시,11680,강남구,음식,음식,카페/찻집,5
202607,6c1b453b66ace118d95802ca27053c2b,은곡마을공원,11,서울특별시,11680,강남구,bb9a3d1cb6a86e0f872560975ae87f8c,현대시티아울렛/가든파이브점,11,서울특별시,11710,송파구,관광지,쇼핑,쇼핑몰,6
202607,6c1b453b66ace118d95802ca27053c2b,은곡마을공원,11,서울특별시,11680,강남구,ffa85421d2cc6005e5e94f72eb316ebc,스타벅스/강남세곡DT점,11,서울특별시,11680,강남구,음식,음식,카페/찻집,7
202607,6c1b453b66ace118d95802ca27053c2b,은곡마을공원,11,서울특별시,11680,강남구,92f3f7b158ef3480bb3b19dbc7d1bde4,하이오커피/문정SKV1점,11,서울특별시,11710,송파구,음식,음식,카페/찻집,8
202607,6c1b453b66ace118d95802ca27053c2b,은곡마을공원,11,서울특별시,11680,강남구,aa6be6a4f5997ab91804f3b6be58e878,코엑스,11,서울특별시,11680,강남구,관광지,문화관광,전시시설,9
202607,6c1b453b66ace118d95802ca27053c2b,은곡마을공원,11,서울특별시,11680,강남구,3dbcfc156ce1cdf45e9d2c8645b251f0,서초구 방배동 남태령전원마을,11,서울특별시,11650,서초구,관광지,역사관광,역사유적지,10
202607,6c1b453b66ace118d95802ca27053c2b,은곡마을공원,11,서울특별시,11680,강남구,52394eeca69daf40dca25c1ac69f5295,타르틴베이커리/대치점,11,서울특별시,11680,강남구,음식,음식,카페/찻집,11
202607,6c1b453b66ace118d95802ca27053c2b,은곡마을공원,11,서울특별시,11680,강남구,e5712730c371e5fddd7474df6752b347,롯데백화점/본점,11,서울특별시,11140,중구,관광지,쇼핑,백화점,12
202607,6c1b453b66ace118d95802ca27053c2b,은곡마을공원,11,서울특별시,11680,강남구,171781c818a54f8cfd5d31f2ed3defae,빌즈/잠실,11,서울특별시,11710,송파구,음식,음식,전문음식,13
202607,6c1b453b66ace118d95802ca27053c2b,은곡마을공원,11,서울특별시,11680,강남구,69bbb991ffdeaac3cbee26e1b1282d7f,브라이언스커피/도곡점,11,서울특별시,11680,강남구,음식,음식,카페/찻집,14
202607,6c1b453b66ace118d95802ca27053c2b,은곡마을공원,11,서울특별시,11680,강남구,58baf8648ed1557a5e5737b837ae38aa,아모레퍼시픽미술관,11,서울특별시,11170,용산구,관광지,문화관광,전시시설,15
202607,25a0c22531d2f67c11f04990ae01f63a,법룡사,11,서울특별시,11680,강남구,2f553373469af822a5f9274c636f54d5,대성사,11,서울특별시,11650,서초구,관광지,역사관광,종교성지,1
202607,25a0c22531d2f67c11f04990ae01f63a,법룡사,11,서울특별시,11680,강남구,42e92297e4282d5bd4502495cb5ca15d,제1서울창의예술교육센터,11,서울특별시,11380,은평구,관광지,체험관광,체험관광기타,2
202607,25a0c22531d2f67c11f04990ae01f63a,법룡사,11,서울특별시,11680,강남구,ba400c0a1eb18a3b4f06d0db83d2316e,갈비명가이상/길음신관,11,서울특별시,11290,성북구,음식,음식,한식,3
202607,25a0c22531d2f67c11f04990ae01f63a,법룡사,11,서울특별시,11680,강남구,9564d520a55ba8d65687ececa9a42ed6,산들해/반포점 [한식],11,서울특별시,11650,서초구,음식,음식,한식,4
202607,25a0c22531d2f67c11f04990ae01f63a,법룡사,11,서울특별시,11680,강남구,c3ff89346b9cdc9170cc4f5e6a148e2e,툇마루밥상/[한식],11,서울특별시,11710,송파구,음식,음식,한식,5
202607,25a0c22531d2f67c11f04990ae01f63a,법룡사,11,서울특별시,11680,강남구,db7e9a4068cdeb24bc40c15e5810dba3,청국장과보리밥/수서점,11,서울특별시,11680,강남구,음식,음식,한식,6
202607,25a0c22531d2f67c11f04990ae01f63a,법룡사,11,서울특별시,11680,강남구,2fccd8ec81efeb4e23173ebbca250f1b,오라카이청계산호텔,11,서울특별시,11650,서초구,숙박,숙박,호텔,7
202607,25a0c22531d2f67c11f04990ae01f63a,법룡사,11,서울특별시,11680,강남구,bc2454ff6e8251019ea4b39879f7acce,효미역/수서본점,11,서울특별시,11680,강남구,음식,음식,한식,8
202607,25a0c22531d2f67c11f04990ae01f63a,법룡사,11,서울특별시,11680,강남구,512b4a0e219739502c076562bd2d46b9,추오정남원추어탕/수서점,11,서울특별시,11680,강남구,음식,음식,한식,9
202607,25a0c22531d2f67c11f04990ae01f63a,법룡사,11,서울특별시,11680,강남구,efe0cec96bdcb5d3a95caa3c9e3062e7,조계사,11,서울특별시,11110,종로구,관광지,역사관광,종교성지,10
202607,25a0c22531d2f67c11f04990ae01f63a,법룡사,11,서울특별시,11680,강남구,b8bafd83613fbc1d586a69bbaee8a4b3,설마중,11,서울특별시,11650,서초구,음식,음식,한식,11
202607,25a0c22531d2f67c11f04990ae01f63a,법룡사,11,서울특별시,11680,강남구,70125af1b3148d68612ba177a620c8c8,하영호신촌설렁탕/도곡본점,11,서울특별시,11680,강남구,음식,음식,한식,12
202607,25a0c22531d2f67c11f04990ae01f63a,법룡사,11,서울특별시,11680,강남구,3940250ffb6b9e7c66bb234d75683541,가락수산시장,11,서울특별시,11710,송파구,관광지,쇼핑,시장,13
202607,25a0c22531d2f67c11f04990ae01f63a,법룡사,11,서울특별시,11680,강남구,a033085d429b0ecb259ec4762e784cab,반가안동국시,11,서울특별시,11680,강남구,음식,음식,한식,14
202607,6e83a36a9b7bd04680c637b8f44a99ab,봉은사,11,서울특별시,11680,강남구,b7d97075178eca310d58040f02af4d8e,롯데월드몰,11,서울특별시,11710,송파구,관광지,쇼핑,쇼핑몰,1
202607,6e83a36a9b7bd04680c637b8f44a99ab,봉은사,11,서울특별시,11680,강남구,f3e805aa5152dd56293bfbc96bc4761f,도선사,11,서울특별시,11305,강북구,관광지,역사관광,종교성지,2
202607,6e83a36a9b7bd04680c637b8f44a99ab,봉은사,11,서울특별시,11680,강남구,aa6be6a4f5997ab91804f3b6be58e878,코엑스,11,서울특별시,11680,강남구,관광지,문화관광,전시시설,3
202607,6e83a36a9b7bd04680c637b8f44a99ab,봉은사,11,서울특별시,11680,강남구,5877109bc88136ac4ee7f265d9568d0a,북촌한옥마을,11,서울특별시,11110,종로구,관광지,역사관광,역사유적지,4
202607,6e83a36a9b7bd04680c637b8f44a99ab,봉은사,11,서울특별시,11680,강남구,efe0cec96bdcb5d3a95caa3c9e3062e7,조계사,11,서울특별시,11110,종로구,관광지,역사관광,종교성지,5
202607,6e83a36a9b7bd04680c637b8f44a99ab,봉은사,11,서울특별시,11680,강남구,595854ec5dc8c648f6a10cb3a5b4f02b,SEA LIFE 코엑스아쿠아리움,11,서울특별시,11680,강남구,관광지,문화관광,테마공원,6
202607,6e83a36a9b7bd04680c637b8f44a99ab,봉은사,11,서울특별시,11680,강남구,932713ceeaaa32f8416d0a69ca38fe75,남산케이블카,11,서울특별시,11140,중구,관광지,기타관광,기타관광,7
202607,6e83a36a9b7bd04680c637b8f44a99ab,봉은사,11,서울특별시,11680,강남구,627ff81ab2a755edb7f7b7af2d7a7ca4,스타필드/코엑스몰,11,서울특별시,11680,강남구,관광지,쇼핑,쇼핑몰,8
202607,6e83a36a9b7bd04680c637b8f44a99ab,봉은사,11,서울특별시,11680,강남구,97a5dfaf598afb6469a618e071a22586,노보텔앰배서더호텔/서울강남,11,서울특별시,11680,강남구,숙박,숙박,호텔,9
202607,6e83a36a9b7bd04680c637b8f44a99ab,봉은사,11,서울특별시,11680,강남구,c6b5964eb6deb72206d9bf59a6bb5268,신세계백화점/강남점,11,서울특별시,11650,서초구,관광지,쇼핑,백화점,10
202607,6e83a36a9b7bd04680c637b8f44a99ab,봉은사,11,서울특별시,11680,강남구,35b40620245d33f92227e62f5d890917,진관사,11,서울특별시,11380,은평구,관광지,역사관광,종교성지,11
202607,6e83a36a9b7bd04680c637b8f44a99ab,봉은사,11,서울특별시,11680,강남구,c1791138ca91f540a7c8d677b2be0b30,롯데호텔/월드,11,서울특별시,11710,송파구,숙박,숙박,호텔,12
202607,6e83a36a9b7bd04680c637b8f44a99ab,봉은사,11,서울특별시,11680,강남구,6dbde5794277b96d02f0b5c4d1b8d7d5,수서역,11,서울특별시,11680,강남구,관광지,기타관광,교통시설,13
202607,6e83a36a9b7bd04680c637b8f44a99ab,봉은사,11,서울특별시,11680,강남구,eec50956d20173236f77305e3f3aaf1b,현대백화점/천호점,11,서울특별시,11740,강동구,관광지,쇼핑,백화점,14
202607,6e83a36a9b7bd04680c637b8f44a99ab,봉은사,11,서울특별시,11680,강남구,33ba06b4bad87468f71d5bddadf054ce,시그니엘/서울,11,서울특별시,11710,송파구,숙박,숙박,호텔,15
202607,6e83a36a9b7bd04680c637b8f44a99ab,봉은사,11,서울특별시,11680,강남구,4d184ef15ff70f47adf62843e9a57292,현대백화점/무역센터점,11,서울특별시,11680,강남구,관광지,쇼핑,백화점,16
202607,6e83a36a9b7bd04680c637b8f44a99ab,봉은사,11,서울특별시,11680,강남구,9629450073197a710f39d9ba3c0ee39d,호텔파크하비오,11,서울특별시,11710,송파구,숙박,숙박,호텔,17
202607,6e83a36a9b7bd04680c637b8f44a99ab,봉은사,11,서울특별시,11680,강남구,adccdc1cf15e1260d6b5a68f8f93d268,NC백화점/송파점,11,서울특별시,11710,송파구,관광지,쇼핑,백화점,18
202607,6e83a36a9b7bd04680c637b8f44a99ab,봉은사,11,서울특별시,11680,강남구,96bfb006b6624e9029c81ef8edb2dbd3,갤러리아백화점/명품관EAST,11,서울특별시,11680,강남구,관광지,쇼핑,백화점,19
202607,6e83a36a9b7bd04680c637b8f44a99ab,봉은사,11,서울특별시,11680,강남구,eae638a0117eda42a27a586f77cc0cd3,반포한강공원,11,서울특별시,11650,서초구,관광지,문화관광,도시공원,20
202607,6e83a36a9b7bd04680c637b8f44a99ab,봉은사,11,서울특별시,11680,강남구,42eaa57b48549bc6c48d6377a40419d5,광장시장,11,서울특별시,11110,종로구,관광지,쇼핑,시장,21
202607,6e83a36a9b7bd04680c637b8f44a99ab,봉은사,11,서울특별시,11680,강남구,6f7ec6add9fa13428a5e0ceb9488e89c,UH컨티넨탈/서울센터,11,서울특별시,11140,중구,숙박,숙박,호텔,22
202607,6e83a36a9b7bd04680c637b8f44a99ab,봉은사,11,서울특별시,11680,강남구,681ee216651e1c3187d0198a47d4ae73,윤국밥/본점,11,서울특별시,11710,송파구,음식,음식,한식,23
202607,6e83a36a9b7bd04680c637b8f44a99ab,봉은사,11,서울특별시,11680,강남구,f1ef4e4a2579b846c9b9924161d6bff7,그랜드하얏트/서울,11,서울특별시,11170,용산구,숙박,숙박,호텔,24
202607,6e83a36a9b7bd04680c637b8f44a99ab,봉은사,11,서울특별시,11680,강남구,0a9423034a362ca071973e7380572e77,서울스카이,11,서울특별시,11710,송파구,관광지,문화관광,랜드마크관광,25
202607,6e83a36a9b7bd04680c637b8f44a99ab,봉은사,11,서울특별시,11680,강남구,34fc31720ce1b1ab18191a852120231f,석촌호수/동호,11,서울특별시,11710,송파구,관광지,자연관광,자연경관(하천/해양),26
202607,6e83a36a9b7bd04680c637b8f44a99ab,봉은사,11,서울특별시,11680,강남구,aaa5b9c5e5083deff92654a17c289327,페어링룸,11,서울특별시,11680,강남구,음식,음식,외국식,27
202607,6e83a36a9b7bd04680c637b8f44a99ab,봉은사,11,서울특별시,11680,강남구,b605a838036e13947e8dd11697cdd276,예술의전당,11,서울특별시,11650,서초구,관광지,문화관광,공연시설,28
202607,6e83a36a9b7bd04680c637b8f44a99ab,봉은사,11,서울특별시,11680,강남구,5e93ee7b8c38da2801d5dfcc09b0a5fc,그랜드인터컨티넨탈호텔/서울파르나스,11,서울특별시,11680,강남구,숙박,숙박,호텔,29
202607,6e83a36a9b7bd04680c637b8f44a99ab,봉은사,11,서울특별시,11680,강남구,1dc5cf91e0dc82285e4da9aa397d3e07,삼원가든/본점,11,서울특별시,11680,강남구,음식,음식,한식,30
202607,6e83a36a9b7bd04680c637b8f44a99ab,봉은사,11,서울특별시,11680,강남구,d4edfdccdab18d787235c82f7e430fdc,신라호텔/서울,11,서울특별시,11140,중구,숙박,숙박,호텔,31
202607,6e83a36a9b7bd04680c637b8f44a99ab,봉은사,11,서울특별시,11680,강남구,746754f7d137c8767d6dc31246044d3a,오크우드프리미어/코엑스센터,11,서울특별시,11680,강남구,숙박,숙박,호텔,32
202607,6e83a36a9b7bd04680c637b8f44a99ab,봉은사,11,서울특별시,11680,강남구,1b6399cf431776ab5515814b995a3006,장지녕간장게장,11,서울특별시,11170,용산구,음식,음식,전문음식,33
202607,6e83a36a9b7bd04680c637b8f44a99ab,봉은사,11,서울특별시,11680,강남구,df9910d55a84e33ca0f9e295fb3a95ea,면목다방,11,서울특별시,11260,중랑구,음식,음식,카페/찻집,34
202607,6e83a36a9b7bd04680c637b8f44a99ab,봉은사,11,서울특별시,11680,강남구,2f280409ca2772c2cf4a90219b146d24,웨스틴서울파르나스,11,서울특별시,11680,강남구,숙박,숙박,호텔,35
202607,6e83a36a9b7bd04680c637b8f44a99ab,봉은사,11,서울특별시,11680,강남구,691aa8e36ed6c5e06a9d96a39eaa5541,새벽집/청담동점,11,서울특별시,11680,강남구,음식,음식,한식,36
202607,162ce9ea2ff8b4ed1188a1d4d5ec6ae9,플랫폼엘컨템포러리아트센터,11,서울특별시,11680,강남구,b7d97075178eca310d58040f02af4d8e,롯데월드몰,11,서울특별시,11710,송파구,관광지,쇼핑,쇼핑몰,1
202607,162ce9ea2ff8b4ed1188a1d4d5ec6ae9,플랫폼엘컨템포러리아트센터,11,서울특별시,11680,강남구,99eb984ed77597c854462022fc2e4ab1,롯데시네마/용산,11,서울특별시,11170,용산구,관광지,문화관광,공연시설,2
202607,162ce9ea2ff8b4ed1188a1d4d5ec6ae9,플랫폼엘컨템포러리아트센터,11,서울특별시,11680,강남구,67a2f36a066ec405571c788bffe7f0d5,SJ쿤스트할레,11,서울특별시,11680,강남구,관광지,문화관광,기타문화관광지,3
202607,162ce9ea2ff8b4ed1188a1d4d5ec6ae9,플랫폼엘컨템포러리아트센터,11,서울특별시,11680,강남구,ac364ac5b7a88c24c39f1ecd406a7970,더현대/서울,11,서울특별시,11560,영등포구,관광지,쇼핑,백화점,4
202607,162ce9ea2ff8b4ed1188a1d4d5ec6ae9,플랫폼엘컨템포러리아트센터,11,서울특별시,11680,강남구,c8f79047b2aca024c76c5c59071a0b41,NOL씨어터/대학로,11,서울특별시,11110,종로구,관광지,문화관광,공연시설,5
202607,162ce9ea2ff8b4ed1188a1d4d5ec6ae9,플랫폼엘컨템포러리아트센터,11,서울특별시,11680,강남구,f1714bd1182183685f7b75fa9b1fca4c,하바네로/도산본점,11,서울특별시,11680,강남구,음식,음식,외국식,6
202607,162ce9ea2ff8b4ed1188a1d4d5ec6ae9,플랫폼엘컨템포러리아트센터,11,서울특별시,11680,강남구,aa6be6a4f5997ab91804f3b6be58e878,코엑스,11,서울특별시,11680,강남구,관광지,문화관광,전시시설,7
202607,162ce9ea2ff8b4ed1188a1d4d5ec6ae9,플랫폼엘컨템포러리아트센터,11,서울특별시,11680,강남구,866e154d75088697c83cdaf851ef9b4e,도일처/[중식],11,서울특별시,11500,강서구,음식,음식,외국식,8
202607,162ce9ea2ff8b4ed1188a1d4d5ec6ae9,플랫폼엘컨템포러리아트센터,11,서울특별시,11680,강남구,2b2ca10e25f5ac6bfa5b603b76588e2e,능인선원/포이동법당,11,서울특별시,11680,강남구,관광지,역사관광,종교성지,9
202607,162ce9ea2ff8b4ed1188a1d4d5ec6ae9,플랫폼엘컨템포러리아트센터,11,서울특별시,11680,강남구,a3cd13a5dfd1660b9abbd156067b7bd9,그랜드워커힐/서울,11,서울특별시,11215,광진구,숙박,숙박,호텔,10
202607,162ce9ea2ff8b4ed1188a1d4d5ec6ae9,플랫폼엘컨템포러리아트센터,11,서울특별시,11680,강남구,4f35598f5cc76db821d1327ca426e2ac,우정,11,서울특별시,11680,강남구,음식,음식,한식,11
202607,162ce9ea2ff8b4ed1188a1d4d5ec6ae9,플랫폼엘컨템포러리아트센터,11,서울특별시,11680,강남구,9bc3f57aa7375fac875095884aa73884,서울시립미술관,11,서울특별시,11140,중구,관광지,문화관광,전시시설,12
202607,162ce9ea2ff8b4ed1188a1d4d5ec6ae9,플랫폼엘컨템포러리아트센터,11,서울특별시,11680,강남구,7b942fba5f145f4c0214de39c21315a8,롯데몰/김포공항점,11,서울특별시,11500,강서구,관광지,쇼핑,쇼핑몰,13
202607,162ce9ea2ff8b4ed1188a1d4d5ec6ae9,플랫폼엘컨템포러리아트센터,11,서울특별시,11680,강남구,220d9c39b2143ef3fc9d754823fb3f2f,런던베이글뮤지엄/도산점,11,서울특별시,11680,강남구,음식,음식,간이음식,14
202607,162ce9ea2ff8b4ed1188a1d4d5ec6ae9,플랫폼엘컨템포러리아트센터,11,서울특별시,11680,강남구,afec51c29a92f447df806e409583a265,하하하/성수,11,서울특별시,11200,성동구,음식,음식,카페/찻집,15
202607,162ce9ea2ff8b4ed1188a1d4d5ec6ae9,플랫폼엘컨템포러리아트센터,11,서울특별시,11680,강남구,94b37da181384604e8bdf68b3217008e,여의도한강공원,11,서울특별시,11560,영등포구,관광지,문화관광,도시공원,16
202607,162ce9ea2ff8b4ed1188a1d4d5ec6ae9,플랫폼엘컨템포러리아트센터,11,서울특별시,11680,강남구,6431e1d44be9602667d823a3f4527611,그라운드시소/한남,11,서울특별시,11170,용산구,관광지,문화관광,전시시설,17
202607,162ce9ea2ff8b4ed1188a1d4d5ec6ae9,플랫폼엘컨템포러리아트센터,11,서울특별시,11680,강남구,73bc00a87254e3456a406922d1ca45a4,롯데월드아쿠아리움,11,서울특별시,11710,송파구,관광지,문화관광,테마공원,18
202607,ab2b2a47a1b543f80d2b50fc47786309,일원에코파크,11,서울특별시,11680,강남구,3fb1076712b6cac5e40570ba966ce867,명인등심/삼성직영점,11,서울특별시,11680,강남구,음식,음식,한식,1
202607,ab2b2a47a1b543f80d2b50fc47786309,일원에코파크,11,서울특별시,11680,강남구,eed88f123682ce5773427dc7181845c5,퀸즈가든/잠실점,11,서울특별시,11710,송파구,음식,음식,전문음식,2
202607,ab2b2a47a1b543f80d2b50fc47786309,일원에코파크,11,서울특별시,11680,강남구,aa6be6a4f5997ab91804f3b6be58e878,코엑스,11,서울특별시,11680,강남구,관광지,문화관광,전시시설,3
202607,ab2b2a47a1b543f80d2b50fc47786309,일원에코파크,11,서울특별시,11680,강남구,ff543922425b9cfb38bdefde942bbe17,신한아트홀,11,서울특별시,11680,강남구,관광지,문화관광,공연시설,4
202607,ab2b2a47a1b543f80d2b50fc47786309,일원에코파크,11,서울특별시,11680,강남구,10bd22f54fe04693b01955a51b02a6d6,맥스타일,11,서울특별시,11140,중구,관광지,쇼핑,쇼핑몰,5
202607,ab2b2a47a1b543f80d2b50fc47786309,일원에코파크,11,서울특별시,11680,강남구,46b1d579f4c04111ce348ae187aac71a,맥도날드/송파잠실DT점,11,서울특별시,11710,송파구,음식,음식,간이음식,6
202607,ab2b2a47a1b543f80d2b50fc47786309,일원에코파크,11,서울특별시,11680,강남구,d3c0e2f8ed8dd1254d013791e6e097a7,골든블루키즈빌리지,11,서울특별시,11710,송파구,관광지,문화관광,테마공원,7
202607,ab2b2a47a1b543f80d2b50fc47786309,일원에코파크,11,서울특별시,11680,강남구,dd9855abef3b4542066f174fa4cbe39d,초원,11,서울특별시,11170,용산구,음식,음식,한식,8
202607,ab2b2a47a1b543f80d2b50fc47786309,일원에코파크,11,서울특별시,11680,강남구,414a290a577e2df6c5da06cb62a67cc6,서일순대국,11,서울특별시,11590,동작구,음식,음식,한식,9
202607,4edb2dc80889b1aec708ec4730f22387,전주이씨광평대군파묘역,11,서울특별시,11680,강남구,679815a8aa65197341ff660588490fa3,서울남부터미널,11,서울특별시,11650,서초구,관광지,기타관광,교통시설,1
202607,4f7b56aaee78410f20a2b9ae7a0de162,가락동농수산물도매시장,11,서울특별시,11710,송파구,b96ba24e2bcae69a2daaa92cdc5099c4,강서농산물도매시장,11,서울특별시,11500,강서구,관광지,쇼핑,시장,1
202607,4f7b56aaee78410f20a2b9ae7a0de162,가락동농수산물도매시장,11,서울특별시,11710,송파구,2e3a36ee173e08b847427ffbcb479d30,노량진수산시장,11,서울특별시,11590,동작구,관광지,쇼핑,시장,2
202607,4f7b56aaee78410f20a2b9ae7a0de162,가락동농수산물도매시장,11,서울특별시,11710,송파구,3940250ffb6b9e7c66bb234d75683541,가락수산시장,11,서울특별시,11710,송파구,관광지,쇼핑,시장,3
202607,4f7b56aaee78410f20a2b9ae7a0de162,가락동농수산물도매시장,11,서울특별시,11710,송파구,c32b9649cbbfdab3d09cd7f7cf1b1b01,영등포청과시장,11,서울특별시,11560,영등포구,관광지,쇼핑,시장,4
202607,4f7b56aaee78410f20a2b9ae7a0de162,가락동농수산물도매시장,11,서울특별시,11710,송파구,34552eaec4dc65b7dfce77ea744be29f,호텔나루서울엠갤러리,11,서울특별시,11440,마포구,숙박,숙박,호텔,5
202607,4f7b56aaee78410f20a2b9ae7a0de162,가락동농수산물도매시장,11,서울특별시,11710,송파구,b35baf66f56313e6033cd1969ca7f85c,경동시장,11,서울특별시,11230,동대문구,관광지,쇼핑,시장,6
202607,4f7b56aaee78410f20a2b9ae7a0de162,가락동농수산물도매시장,11,서울특별시,11710,송파구,3b46152b5e73ee6942c1211444fe7670,영일시장,11,서울특별시,11560,영등포구,관광지,쇼핑,시장,7
202607,4f7b56aaee78410f20a2b9ae7a0de162,가락동농수산물도매시장,11,서울특별시,11710,송파구,625cb5cb7e2406852b648d293a86ca31,청량리청과물시장,11,서울특별시,11230,동대문구,관광지,쇼핑,시장,8
202607,4f7b56aaee78410f20a2b9ae7a0de162,가락동농수산물도매시장,11,서울특별시,11710,송파구,b7d97075178eca310d58040f02af4d8e,롯데월드몰,11,서울특별시,11710,송파구,관광지,쇼핑,쇼핑몰,9
202607,4f7b56aaee78410f20a2b9ae7a0de162,가락동농수산물도매시장,11,서울특별시,11710,송파구,ce7dcd935c4090199688b9272454c13c,가락몰,11,서울특별시,11710,송파구,관광지,쇼핑,시장,10
202607,4f7b56aaee78410f20a2b9ae7a0de162,가락동농수산물도매시장,11,서울특별시,11710,송파구,cd85efd21d7de05233e1e7ead1c3dc02,압구정면옥,11,서울특별시,11680,강남구,음식,음식,한식,11
202607,4f7b56aaee78410f20a2b9ae7a0de162,가락동농수산물도매시장,11,서울특별시,11710,송파구,c6b5964eb6deb72206d9bf59a6bb5268,신세계백화점/강남점,11,서울특별시,11650,서초구,관광지,쇼핑,백화점,12
202607,4f7b56aaee78410f20a2b9ae7a0de162,가락동농수산물도매시장,11,서울특별시,11710,송파구,9e706eb1858168cf34f24b6659d3610d,가든파이브라이프,11,서울특별시,11710,송파구,관광지,쇼핑,쇼핑몰,13
202607,4f7b56aaee78410f20a2b9ae7a0de162,가락동농수산물도매시장,11,서울특별시,11710,송파구,2e948a5de984e719a3af85dd56e40939,중부시장,11,서울특별시,11140,중구,관광지,쇼핑,시장,14
202607,4f7b56aaee78410f20a2b9ae7a0de162,가락동농수산물도매시장,11,서울특별시,11710,송파구,9ab3533903b34feb1bab138db40fe809,양곡도매시장,11,서울특별시,11650,서초구,관광지,쇼핑,시장,15
202607,4f7b56aaee78410f20a2b9ae7a0de162,가락동농수산물도매시장,11,서울특별시,11710,송파구,8e52f93f0d9cbd4899f4a7974458f5ac,수협강서수산시장,11,서울특별시,11500,강서구,관광지,쇼핑,시장,16
202607,4f7b56aaee78410f20a2b9ae7a0de162,가락동농수산물도매시장,11,서울특별시,11710,송파구,04880ecfde005fc99f7b8b281a4c8722,도화/[중식],11,서울특별시,11650,서초구,음식,음식,외국식,17
202607,4f7b56aaee78410f20a2b9ae7a0de162,가락동농수산물도매시장,11,서울특별시,11710,송파구,d168c9dae8c15744a32cd68e488a7b2c,양철북/강동구청,11,서울특별시,11740,강동구,음식,음식,한식,18
202607,4f7b56aaee78410f20a2b9ae7a0de162,가락동농수산물도매시장,11,서울특별시,11710,송파구,bf4166438a7772a5ad5a00818a796a3a,덕후선생/광화문D타워점,11,서울특별시,11110,종로구,음식,음식,외국식,19
202607,4f7b56aaee78410f20a2b9ae7a0de162,가락동농수산물도매시장,11,서울특별시,11710,송파구,6494c84bb564fef63523d6f0acc50031,4.19기념탑,11,서울특별시,11305,강북구,관광지,역사관광,역사유물,20
202607,4f7b56aaee78410f20a2b9ae7a0de162,가락동농수산물도매시장,11,서울특별시,11710,송파구,6dbde5794277b96d02f0b5c4d1b8d7d5,수서역,11,서울특별시,11680,강남구,관광지,기타관광,교통시설,21
202607,4f7b56aaee78410f20a2b9ae7a0de162,가락동농수산물도매시장,11,서울특별시,11710,송파구,d81a762104edd11192355eb691f5fc5e,서울청과,11,서울특별시,11710,송파구,관광지,쇼핑,시장,22
202607,4f7b56aaee78410f20a2b9ae7a0de162,가락동농수산물도매시장,11,서울특별시,11710,송파구,cd1d545639170d406480f8b69dbc51fb,쭈꾸미달인/노원직영점,11,서울특별시,11350,노원구,음식,음식,전문음식,23
202607,4f7b56aaee78410f20a2b9ae7a0de162,가락동농수산물도매시장,11,서울특별시,11710,송파구,cee667b47c50d6436f83a4c3147f540c,서울고속버스터미널/경부영동선,11,서울특별시,11650,서초구,관광지,기타관광,교통시설,24
202607,4f7b56aaee78410f20a2b9ae7a0de162,가락동농수산물도매시장,11,서울특별시,11710,송파구,97c0a1427be208a8ca50e879baa895c4,올림픽공원,11,서울특별시,11710,송파구,관광지,문화관광,도시공원,25
202607,4f7b56aaee78410f20a2b9ae7a0de162,가락동농수산물도매시장,11,서울특별시,11710,송파구,8a619b135d3ff00847203203da7474cf,포포인츠바이쉐라톤/서울구로,11,서울특별시,11530,구로구,숙박,숙박,호텔,26
202607,4f7b56aaee78410f20a2b9ae7a0de162,가락동농수산물도매시장,11,서울특별시,11710,송파구,255e43ee786d0b04cf1a7fa894b3f413,레이크호텔,11,서울특별시,11710,송파구,숙박,숙박,호텔,27
202607,4f7b56aaee78410f20a2b9ae7a0de162,가락동농수산물도매시장,11,서울특별시,11710,송파구,d77c6b3ca0a1c3dd850a496e25012480,문화역서울284,11,서울특별시,11170,용산구,관광지,문화관광,기타문화관광지,28
202607,4f7b56aaee78410f20a2b9ae7a0de162,가락동농수산물도매시장,11,서울특별시,11710,송파구,f0e4c3c2e5d4d3b8a26148d421ce1044,래미안갤러리,11,서울특별시,11710,송파구,관광지,문화관광,전시시설,29
202607,4f7b56aaee78410f20a2b9ae7a0de162,가락동농수산물도매시장,11,서울특별시,11710,송파구,f210800eaf6b82cc02e4929d0372185c,가든파이브웍스,11,서울특별시,11710,송파구,관광지,쇼핑,쇼핑몰,30
202607,4f7b56aaee78410f20a2b9ae7a0de162,가락동농수산물도매시장,11,서울특별시,11710,송파구,9fb8dce4c46fe540ea859737971abc3f,신세계백화점/본점디에스테이트,11,서울특별시,11140,중구,관광지,쇼핑,백화점,31
202607,4f7b56aaee78410f20a2b9ae7a0de162,가락동농수산물도매시장,11,서울특별시,11710,송파구,e3c0536499cbcc0960aa630c1ea37e0e,소피텔 앰배서더 서울 호텔 앤 서비스드 레지던스,11,서울특별시,11710,송파구,숙박,숙박,호텔,32
202607,4f7b56aaee78410f20a2b9ae7a0de162,가락동농수산물도매시장,11,서울특별시,11710,송파구,0278123815eb5ccc474ca7f9f269434c,일루퓨전한식뷔페,11,서울특별시,11710,송파구,음식,음식,전문음식,33
202607,4f7b56aaee78410f20a2b9ae7a0de162,가락동농수산물도매시장,11,서울특별시,11710,송파구,42df7a8bb873b4ed128a161a28cfbd54,엄마손쇼핑센터,11,서울특별시,11710,송파구,관광지,쇼핑,쇼핑몰,34
202607,4f7b56aaee78410f20a2b9ae7a0de162,가락동농수산물도매시장,11,서울특별시,11710,송파구,8fc31a3f59daa9bda966fc210686b3f1,파리바게뜨/양재드림점,11,서울특별시,11650,서초구,음식,음식,간이음식,35
202607,4f7b56aaee78410f20a2b9ae7a0de162,가락동농수산물도매시장,11,서울특별시,11710,송파구,01ccea778340fb9a032f3a16e948bef4,춘향골남원추어탕/오금본점,11,서울특별시,11710,송파구,음식,음식,한식,36
202607,4f7b56aaee78410f20a2b9ae7a0de162,가락동농수산물도매시장,11,서울특별시,11710,송파구,61864b57b974539e0af58a1c4bf8fb15,스시오하요,11,서울특별시,11710,송파구,음식,음식,외국식,37
202607,4f7b56aaee78410f20a2b9ae7a0de162,가락동농수산물도매시장,11,서울특별시,11710,송파구,c642e34bdb9bfd17a5f948db84bb3e3f,석촌호수/서호,11,서울특별시,11710,송파구,관광지,자연관광,자연경관(하천/해양),38
202607,4f7b56aaee78410f20a2b9ae7a0de162,가락동농수산물도매시장,11,서울특별시,11710,송파구,adccdc1cf15e1260d6b5a68f8f93d268,NC백화점/송파점,11,서울특별시,11710,송파구,관광지,쇼핑,백화점,39
202607,4f7b56aaee78410f20a2b9ae7a0de162,가락동농수산물도매시장,11,서울특별시,11710,송파구,7305b23077991d1a66ce3d91858067c1,경복궁/방이점 [한식],11,서울특별시,11710,송파구,음식,음식,한식,40
202607,4f7b56aaee78410f20a2b9ae7a0de162,가락동농수산물도매시장,11,서울특별시,11710,송파구,2df69dc02fa7c5fce3326b7102a79f80,방이맛골,11,서울특별시,11710,송파구,음식,음식,음식점기타,41
202607,4f7b56aaee78410f20a2b9ae7a0de162,가락동농수산물도매시장,11,서울특별시,11710,송파구,e85fd8caeb6577af1b39673a0a3293f8,강남진해장/가락시장역점,11,서울특별시,11710,송파구,음식,음식,한식,42
202607,4f7b56aaee78410f20a2b9ae7a0de162,가락동농수산물도매시장,11,서울특별시,11710,송파구,7a619ea2f5b7aff78b25a9865a3431fe,롯데백화점/영등포점,11,서울특별시,11560,영등포구,관광지,쇼핑,백화점,43
202607,4f7b56aaee78410f20a2b9ae7a0de162,가락동농수산물도매시장,11,서울특별시,11710,송파구,937b083f9554929dadf430d4e471e851,동서울종합터미널,11,서울특별시,11215,광진구,관광지,기타관광,교통시설,44
202607,4f7b56aaee78410f20a2b9ae7a0de162,가락동농수산물도매시장,11,서울특별시,11710,송파구,26169f56085c8eb3f3c0b3a5d5297498,옥돌현옥,11,서울특별시,11710,송파구,음식,음식,한식,45
202607,4f7b56aaee78410f20a2b9ae7a0de162,가락동농수산물도매시장,11,서울특별시,11710,송파구,0ea4234128f6c6f844c7817cb8ec635e,온더브레드/송파점,11,서울특별시,11710,송파구,음식,음식,카페/찻집,46
202607,4f7b56aaee78410f20a2b9ae7a0de162,가락동농수산물도매시장,11,서울특별시,11710,송파구,bbfe363653d89500cff1772e627e41fc,메가박스/코엑스,11,서울특별시,11680,강남구,관광지,문화관광,공연시설,47
202607,4f7b56aaee78410f20a2b9ae7a0de162,가락동농수산물도매시장,11,서울특별시,11710,송파구,0509800729eb370baef77f772934c2e5,왕금성/[중식],11,서울특별시,11650,서초구,음식,음식,외국식,48
202607,4f7b56aaee78410f20a2b9ae7a0de162,가락동농수산물도매시장,11,서울특별시,11710,송파구,f6b0c659b39a1f13ef728a8c23f5e9d0,함경도찹쌀순대,11,서울특별시,11710,송파구,음식,음식,한식,49
202607,4f7b56aaee78410f20a2b9ae7a0de162,가락동농수산물도매시장,11,서울특별시,11710,송파구,67e319aa0e9993d3722a681050747091,금강축산유통,11,서울특별시,11200,성동구,음식,음식,음식점기타,50
202607,b9a51060d8b7c767a51b3d2fdb7375a2,마천공원,11,서울특별시,11710,송파구,60f424e83ee2ca738490312f8f9d70ff,오금버드나무집,11,서울특별시,11710,송파구,음식,음식,한식,1
202607,b9a51060d8b7c767a51b3d2fdb7375a2,마천공원,11,서울특별시,11710,송파구,01ccea778340fb9a032f3a16e948bef4,춘향골남원추어탕/오금본점,11,서울특별시,11710,송파구,음식,음식,한식,2
202607,b9a51060d8b7c767a51b3d2fdb7375a2,마천공원,11,서울특별시,11710,송파구,4f7b56aaee78410f20a2b9ae7a0de162,가락동농수산물도매시장,11,서울특별시,11710,송파구,관광지,쇼핑,시장,3
202607,b9a51060d8b7c767a51b3d2fdb7375a2,마천공원,11,서울특별시,11710,송파구,8a427bd199fa87ce4c9994117963d3d6,함경면옥,11,서울특별시,11740,강동구,음식,음식,한식,4
202607,b9a51060d8b7c767a51b3d2fdb7375a2,마천공원,11,서울특별시,11710,송파구,cf66ae1583e50c170ae16b8f2059255c,가야촌유황오리/본점,11,서울특별시,11710,송파구,음식,음식,전문음식,5
202607,b9a51060d8b7c767a51b3d2fdb7375a2,마천공원,11,서울특별시,11710,송파구,c6344b0ae32e496be8b1b701e540d566,김포국제공항국내선,11,서울특별시,11500,강서구,관광지,기타관광,교통시설,6
202607,b9a51060d8b7c767a51b3d2fdb7375a2,마천공원,11,서울특별시,11710,송파구,9e706eb1858168cf34f24b6659d3610d,가든파이브라이프,11,서울특별시,11710,송파구,관광지,쇼핑,쇼핑몰,7
202607,b9a51060d8b7c767a51b3d2fdb7375a2,마천공원,11,서울특별시,11710,송파구,ee1ea6c87203b6ecaf28b85ea1c48d22,한양돈까스,11,서울특별시,11650,서초구,음식,음식,외국식,8
202607,b9a51060d8b7c767a51b3d2fdb7375a2,마천공원,11,서울특별시,11710,송파구,63fb3b1ce0806fb62e89e3ec45bd9870,샘터근린공원,11,서울특별시,11740,강동구,관광지,문화관광,도시공원,9
202607,b9a51060d8b7c767a51b3d2fdb7375a2,마천공원,11,서울특별시,11710,송파구,b80e7064df85c4c6ae20aaaf6012a8df,방이시장,11,서울특별시,11710,송파구,관광지,쇼핑,시장,10
202607,b9a51060d8b7c767a51b3d2fdb7375a2,마천공원,11,서울특별시,11710,송파구,483b1829e3220c8c249fcad273ec9c97,장털보설렁탕/본점,11,서울특별시,11710,송파구,음식,음식,한식,11
202607,b9a51060d8b7c767a51b3d2fdb7375a2,마천공원,11,서울특별시,11710,송파구,f88369f6662b48c6d67224b5c3ad0ed1,챔피언1250/강동아이파크더리버몰점,11,서울특별시,11740,강동구,관광지,문화관광,테마공원,12
202607,7568e271d1552a477b2be2f865a4d82c,마천중앙시장,11,서울특별시,11710,송파구,f4cb0345c02d72995cc67111ef093ead,롯데월드/잠실점,11,서울특별시,11710,송파구,관광지,문화관광,테마공원,1
202607,7568e271d1552a477b2be2f865a4d82c,마천중앙시장,11,서울특별시,11710,송파구,97aaae6f3dd7bc0f0c7f8a147b316754,롯데백화점/잠실점,11,서울특별시,11710,송파구,관광지,쇼핑,백화점,2
202607,7568e271d1552a477b2be2f865a4d82c,마천중앙시장,11,서울특별시,11710,송파구,60f424e83ee2ca738490312f8f9d70ff,오금버드나무집,11,서울특별시,11710,송파구,음식,음식,한식,3
202607,7568e271d1552a477b2be2f865a4d82c,마천중앙시장,11,서울특별시,11710,송파구,4f7b56aaee78410f20a2b9ae7a0de162,가락동농수산물도매시장,11,서울특별시,11710,송파구,관광지,쇼핑,시장,4
202607,7568e271d1552a477b2be2f865a4d82c,마천중앙시장,11,서울특별시,11710,송파구,1f299f834682be8d4f602836bf35c8fd,백제추어탕/송파점,11,서울특별시,11710,송파구,음식,음식,한식,5
202607,7568e271d1552a477b2be2f865a4d82c,마천중앙시장,11,서울특별시,11710,송파구,4a7662799ae41340ff85a9dc5c85bec5,롯데백화점/강남점,11,서울특별시,11680,강남구,관광지,쇼핑,백화점,6
202607,7568e271d1552a477b2be2f865a4d82c,마천중앙시장,11,서울특별시,11710,송파구,da391c809eb94fd53d6e6f668484708c,독립문영천시장,11,서울특별시,11410,서대문구,관광지,쇼핑,시장,7
202607,7568e271d1552a477b2be2f865a4d82c,마천중앙시장,11,서울특별시,11710,송파구,a7818ca59283de7031fdc833f5cf90b3,우정,11,서울특별시,11140,중구,음식,음식,간이음식,8
202607,7568e271d1552a477b2be2f865a4d82c,마천중앙시장,11,서울특별시,11710,송파구,11666c38d541f56999fcd09baa05fede,강남개포시장,11,서울특별시,11680,강남구,관광지,쇼핑,기타쇼핑시설,9
202607,7568e271d1552a477b2be2f865a4d82c,마천중앙시장,11,서울특별시,11710,송파구,8ee9619c2a6557c3cade81f94d79f09a,청와옥/본점,11,서울특별시,11710,송파구,음식,음식,한식,10
202607,7568e271d1552a477b2be2f865a4d82c,마천중앙시장,11,서울특별시,11710,송파구,65604a28247d8c6e10c67a3e809f4e9a,광나루자연형/물놀이장,11,서울특별시,11740,강동구,관광지,문화관광,테마공원,11
202607,7568e271d1552a477b2be2f865a4d82c,마천중앙시장,11,서울특별시,11710,송파구,b80e7064df85c4c6ae20aaaf6012a8df,방이시장,11,서울특별시,11710,송파구,관광지,쇼핑,시장,12
202607,7568e271d1552a477b2be2f865a4d82c,마천중앙시장,11,서울특별시,11710,송파구,db6e40307098ea431b48906fad4e9294,공릉동도깨비시장,11,서울특별시,11350,노원구,관광지,쇼핑,시장,13
202607,7568e271d1552a477b2be2f865a4d82c,마천중앙시장,11,서울특별시,11710,송파구,167a668c5afeb57fe53322f5b9bce2c2,문정동로데오거리,11,서울특별시,11710,송파구,관광지,쇼핑,기타쇼핑시설,14
202607,7568e271d1552a477b2be2f865a4d82c,마천중앙시장,11,서울특별시,11710,송파구,b7dff0acca376a21c4610a7897c337b5,백세삼계탕/강동점,11,서울특별시,11740,강동구,음식,음식,한식,15
202607,7568e271d1552a477b2be2f865a4d82c,마천중앙시장,11,서울특별시,11710,송파구,cee667b47c50d6436f83a4c3147f540c,서울고속버스터미널/경부영동선,11,서울특별시,11650,서초구,관광지,기타관광,교통시설,16
202607,7568e271d1552a477b2be2f865a4d82c,마천중앙시장,11,서울특별시,11710,송파구,de6efd194bd4d757160c30bc8b455d83,빽다방/용산국방부점,11,서울특별시,11170,용산구,음식,음식,카페/찻집,17
202607,7568e271d1552a477b2be2f865a4d82c,마천중앙시장,11,서울특별시,11710,송파구,7305b23077991d1a66ce3d91858067c1,경복궁/방이점 [한식],11,서울특별시,11710,송파구,음식,음식,한식,18
202607,7568e271d1552a477b2be2f865a4d82c,마천중앙시장,11,서울특별시,11710,송파구,a95daaa1815bec5bda2fb6451a929b89,안동국시소담/방이점,11,서울특별시,11710,송파구,음식,음식,한식,19
202607,7568e271d1552a477b2be2f865a4d82c,마천중앙시장,11,서울특별시,11710,송파구,b8f64bf5e53e10b17c546900435e3dff,라시따델라모다,11,서울특별시,11650,서초구,관광지,쇼핑,쇼핑몰,20
202607,7568e271d1552a477b2be2f865a4d82c,마천중앙시장,11,서울특별시,11710,송파구,2dc3e41d230711e1fc8c2f206ab866ed,잠실한강공원물놀이장,11,서울특별시,11710,송파구,관광지,문화관광,테마공원,21
202607,7568e271d1552a477b2be2f865a4d82c,마천중앙시장,11,서울특별시,11710,송파구,3e57be53c782376693b37c9fab0335aa,지호한방삼계탕/삼전동점,11,서울특별시,11710,송파구,음식,음식,한식,22
202607,7568e271d1552a477b2be2f865a4d82c,마천중앙시장,11,서울특별시,11710,송파구,48f544a9125b09de4ca1e04d1f3fabc9,롯데리아/오금점,11,서울특별시,11710,송파구,음식,음식,간이음식,23
202607,7568e271d1552a477b2be2f865a4d82c,마천중앙시장,11,서울특별시,11710,송파구,1c303b0eed3133200cf715285011b4e4,건영백화점,11,서울특별시,11350,노원구,관광지,쇼핑,백화점,24
202607,7568e271d1552a477b2be2f865a4d82c,마천중앙시장,11,서울특별시,11710,송파구,f252b4c1f36c6f6d80f00d23072ca04a,명인밥상,11,서울특별시,11710,송파구,음식,음식,한식,25
202607,7568e271d1552a477b2be2f865a4d82c,마천중앙시장,11,서울특별시,11710,송파구,7b29b03d1d07800b937f62a64682533a,스타벅스/송파방이DT점,11,서울특별시,11710,송파구,음식,음식,카페/찻집,26
202607,7568e271d1552a477b2be2f865a4d82c,마천중앙시장,11,서울특별시,11710,송파구,fd537e0776c8c8b76c3413c987895e41,안동한우정육식당,11,서울특별시,11710,송파구,음식,음식,한식,27
202607,7568e271d1552a477b2be2f865a4d82c,마천중앙시장,11,서울특별시,11710,송파구,0278123815eb5ccc474ca7f9f269434c,일루퓨전한식뷔페,11,서울특별시,11710,송파구,음식,음식,전문음식,28
202607,7568e271d1552a477b2be2f865a4d82c,마천중앙시장,11,서울특별시,11710,송파구,adccdc1cf15e1260d6b5a68f8f93d268,NC백화점/송파점,11,서울특별시,11710,송파구,관광지,쇼핑,백화점,29
202607,7568e271d1552a477b2be2f865a4d82c,마천중앙시장,11,서울특별시,11710,송파구,09d549b618e7cd7ea618bd09632c24be,양은이네/송파거여역점,11,서울특별시,11710,송파구,음식,음식,한식,30
202607,7568e271d1552a477b2be2f865a4d82c,마천중앙시장,11,서울특별시,11710,송파구,11f8b3b1bf78d9c8936758e525e3ed39,서울역,11,서울특별시,11170,용산구,관광지,기타관광,교통시설,31
202607,7568e271d1552a477b2be2f865a4d82c,마천중앙시장,11,서울특별시,11710,송파구,81a4349266ea63d8ed1fbbdd824cd236,르빵/송파점,11,서울특별시,11710,송파구,음식,음식,간이음식,32
202607,7568e271d1552a477b2be2f865a4d82c,마천중앙시장,11,서울특별시,11710,송파구,fa434adb83d2dc43d53c3bc1fa0fd43b,한옥카페R1,11,서울특별시,11590,동작구,음식,음식,카페/찻집,33
202607,7568e271d1552a477b2be2f865a4d82c,마천중앙시장,11,서울특별시,11710,송파구,4287a3361d038a2f348708348790d27a,암사종합시장,11,서울특별시,11740,강동구,관광지,쇼핑,시장,34
202607,7568e271d1552a477b2be2f865a4d82c,마천중앙시장,11,서울특별시,11710,송파구,0d4de17d1214a48d229881eaaaab2765,강남흑염소,11,서울특별시,11710,송파구,음식,음식,한식,35
202607,7568e271d1552a477b2be2f865a4d82c,마천중앙시장,11,서울특별시,11710,송파구,13b8821b73d823a35794da5ab673a29a,해논미역/송파잠실직영점,11,서울특별시,11710,송파구,음식,음식,한식,36
202607,7568e271d1552a477b2be2f865a4d82c,마천중앙시장,11,서울특별시,11710,송파구,c78115a5d8a319ed2ce454ed51044387,명일전통시장,11,서울특별시,11740,강동구,관광지,쇼핑,시장,37
202607,7568e271d1552a477b2be2f865a4d82c,마천중앙시장,11,서울특별시,11710,송파구,c536ac48f53b888bb87b2f1936b8a0aa,능동아구찜,11,서울특별시,11215,광진구,음식,음식,한식,38
202607,7973857b4d9a9d847a43fd754d724ff5,불광사,11,서울특별시,11710,송파구,4f7b56aaee78410f20a2b9ae7a0de162,가락동농수산물도매시장,11,서울특별시,11710,송파구,관광지,쇼핑,시장,1
202607,7973857b4d9a9d847a43fd754d724ff5,불광사,11,서울특별시,11710,송파구,adccdc1cf15e1260d6b5a68f8f93d268,NC백화점/송파점,11,서울특별시,11710,송파구,관광지,쇼핑,백화점,2
202607,7973857b4d9a9d847a43fd754d724ff5,불광사,11,서울특별시,11710,송파구,937b083f9554929dadf430d4e471e851,동서울종합터미널,11,서울특별시,11215,광진구,관광지,기타관광,교통시설,3
202607,7973857b4d9a9d847a43fd754d724ff5,불광사,11,서울특별시,11710,송파구,26169f56085c8eb3f3c0b3a5d5297498,옥돌현옥,11,서울특별시,11710,송파구,음식,음식,한식,4
202607,7973857b4d9a9d847a43fd754d724ff5,불광사,11,서울특별시,11710,송파구,41c23f35284162061a05764dd6c0bf98,공차/방이역점,11,서울특별시,11710,송파구,음식,음식,카페/찻집,5
202607,7973857b4d9a9d847a43fd754d724ff5,불광사,11,서울특별시,11710,송파구,39e5f19e85071794d277c5206dc715de,당산오돌/방이점,11,서울특별시,11710,송파구,음식,음식,한식,6
202607,7973857b4d9a9d847a43fd754d724ff5,불광사,11,서울특별시,11710,송파구,4a7662799ae41340ff85a9dc5c85bec5,롯데백화점/강남점,11,서울특별시,11680,강남구,관광지,쇼핑,백화점,7
202607,7973857b4d9a9d847a43fd754d724ff5,불광사,11,서울특별시,11710,송파구,f4cb0345c02d72995cc67111ef093ead,롯데월드/잠실점,11,서울특별시,11710,송파구,관광지,문화관광,테마공원,8
202607,7973857b4d9a9d847a43fd754d724ff5,불광사,11,서울특별시,11710,송파구,acf5d8f515c2212e4ddfd1822fa021d8,아마스빈/반포삼호가든점,11,서울특별시,11650,서초구,음식,음식,카페/찻집,9
202607,7973857b4d9a9d847a43fd754d724ff5,불광사,11,서울특별시,11710,송파구,4c625f7eb0034dc906c595e832042589,동대문종합시장,11,서울특별시,11110,종로구,관광지,쇼핑,시장,10
202607,7973857b4d9a9d847a43fd754d724ff5,불광사,11,서울특별시,11710,송파구,b63bcd6d6260ed4b6451e3653fedf522,로사나부띠끄호텔,11,서울특별시,11710,송파구,숙박,숙박,호텔,11
202607,7973857b4d9a9d847a43fd754d724ff5,불광사,11,서울특별시,11710,송파구,160faebc8953f586378fb79a58c951bd,김포국제공항국제선,11,서울특별시,11500,강서구,관광지,기타관광,교통시설,12
202607,7973857b4d9a9d847a43fd754d724ff5,불광사,11,서울특별시,11710,송파구,00d4932348e21a81db1aab09980a6d5b,서울콩비지,11,서울특별시,11710,송파구,음식,음식,한식,13
202607,7973857b4d9a9d847a43fd754d724ff5,불광사,11,서울특별시,11710,송파구,0ec5ba872f1179835987f9028c4cc4df,YTN서울타워,11,서울특별시,11170,용산구,관광지,문화관광,랜드마크관광,14
202607,7973857b4d9a9d847a43fd754d724ff5,불광사,11,서울특별시,11710,송파구,3940250ffb6b9e7c66bb234d75683541,가락수산시장,11,서울특별시,11710,송파구,관광지,쇼핑,시장,15
202607,7973857b4d9a9d847a43fd754d724ff5,불광사,11,서울특별시,11710,송파구,d1c8a253e576e53534fb91f04b130785,평창갈비/방이점,11,서울특별시,11710,송파구,음식,음식,한식,16
202607,7973857b4d9a9d847a43fd754d724ff5,불광사,11,서울특별시,11710,송파구,9fed34622d79c12994823fcf06aa4a73,담은갈비/송파잠실점,11,서울특별시,11710,송파구,음식,음식,한식,17
202607,7973857b4d9a9d847a43fd754d724ff5,불광사,11,서울특별시,11710,송파구,1bed39edb6309353199862397cfb9c3b,한티옥,11,서울특별시,11710,송파구,음식,음식,한식,18
202607,7973857b4d9a9d847a43fd754d724ff5,불광사,11,서울특별시,11710,송파구,3ec56a3772d519eb0fffffb2202449a8,몽중헌/방이점 [중식],11,서울특별시,11710,송파구,음식,음식,외국식,19
202607,7973857b4d9a9d847a43fd754d724ff5,불광사,11,서울특별시,11710,송파구,97c0a1427be208a8ca50e879baa895c4,올림픽공원,11,서울특별시,11710,송파구,관광지,문화관광,도시공원,20
202607,7973857b4d9a9d847a43fd754d724ff5,불광사,11,서울특별시,11710,송파구,e2a051f573f96124796ebcfc749f61c5,대학로JTN아트홀,11,서울특별시,11110,종로구,관광지,문화관광,공연시설,21
202607,7973857b4d9a9d847a43fd754d724ff5,불광사,11,서울특별시,11710,송파구,11f8b3b1bf78d9c8936758e525e3ed39,서울역,11,서울특별시,11170,용산구,관광지,기타관광,교통시설,22
202607,7973857b4d9a9d847a43fd754d724ff5,불광사,11,서울특별시,11710,송파구,539b5d3f4a4d4a40f4a3d88b6da3a167,구룡사,11,서울특별시,11650,서초구,관광지,역사관광,종교성지,23
202607,7973857b4d9a9d847a43fd754d724ff5,불광사,11,서울특별시,11710,송파구,b8a77f5c10ded6a1e5ee400ab73c2332,암사어린이극장,11,서울특별시,11740,강동구,관광지,문화관광,공연시설,24
202607,7973857b4d9a9d847a43fd754d724ff5,불광사,11,서울특별시,11710,송파구,6e83a36a9b7bd04680c637b8f44a99ab,봉은사,11,서울특별시,11680,강남구,관광지,역사관광,종교성지,25
202607,7973857b4d9a9d847a43fd754d724ff5,불광사,11,서울특별시,11710,송파구,7568e271d1552a477b2be2f865a4d82c,마천중앙시장,11,서울특별시,11710,송파구,관광지,쇼핑,시장,26
202607,7973857b4d9a9d847a43fd754d724ff5,불광사,11,서울특별시,11710,송파구,4bfd2b7611d700d9188a47faf5004e80,영화사,11,서울특별시,11215,광진구,관광지,역사관광,종교성지,27
202607,7973857b4d9a9d847a43fd754d724ff5,불광사,11,서울특별시,11710,송파구,304f829cca7a3f486189df641bc2971e,덕암사,11,서울특별시,11680,강남구,관광지,역사관광,종교성지,28
202607,7973857b4d9a9d847a43fd754d724ff5,불광사,11,서울특별시,11710,송파구,982d2668f5190c6d62d5a4568da6232d,시래마루,11,서울특별시,11710,송파구,음식,음식,한식,29
202607,7973857b4d9a9d847a43fd754d724ff5,불광사,11,서울특별시,11710,송파구,6a739fe5fda299ede84929fc82d366ad,크래버대게나라/잠실본점,11,서울특별시,11710,송파구,음식,음식,전문음식,30
202607,7973857b4d9a9d847a43fd754d724ff5,불광사,11,서울특별시,11710,송파구,7001968904e17ec4556c4302356692c6,24시장수설렁탕,11,서울특별시,11710,송파구,음식,음식,한식,31
202607,7973857b4d9a9d847a43fd754d724ff5,불광사,11,서울특별시,11710,송파구,26d581418d5540187c0480a04fc47a81,구강사,11,서울특별시,11740,강동구,관광지,역사관광,종교성지,32
202607,7973857b4d9a9d847a43fd754d724ff5,불광사,11,서울특별시,11710,송파구,eae638a0117eda42a27a586f77cc0cd3,반포한강공원,11,서울특별시,11650,서초구,관광지,문화관광,도시공원,33
202607,7973857b4d9a9d847a43fd754d724ff5,불광사,11,서울특별시,11710,송파구,0c397145cb3d8275ba6463156a4d3797,잠원한강공원/수영장,11,서울특별시,11650,서초구,관광지,문화관광,테마공원,34
202607,73bc00a87254e3456a406922d1ca45a4,롯데월드아쿠아리움,11,서울특별시,11710,송파구,f4cb0345c02d72995cc67111ef093ead,롯데월드/잠실점,11,서울특별시,11710,송파구,관광지,문화관광,테마공원,1
202607,73bc00a87254e3456a406922d1ca45a4,롯데월드아쿠아리움,11,서울특별시,11710,송파구,b7d97075178eca310d58040f02af4d8e,롯데월드몰,11,서울특별시,11710,송파구,관광지,쇼핑,쇼핑몰,2
202607,73bc00a87254e3456a406922d1ca45a4,롯데월드아쿠아리움,11,서울특별시,11710,송파구,58106b1b33f5c06aac05918a53b0f9fc,스타벅스/송파나루역DT점,11,서울특별시,11710,송파구,음식,음식,카페/찻집,3
202607,73bc00a87254e3456a406922d1ca45a4,롯데월드아쿠아리움,11,서울특별시,11710,송파구,c1791138ca91f540a7c8d677b2be0b30,롯데호텔/월드,11,서울특별시,11710,송파구,숙박,숙박,호텔,4
202607,73bc00a87254e3456a406922d1ca45a4,롯데월드아쿠아리움,11,서울특별시,11710,송파구,595854ec5dc8c648f6a10cb3a5b4f02b,SEA LIFE 코엑스아쿠아리움,11,서울특별시,11680,강남구,관광지,문화관광,테마공원,5
202607,73bc00a87254e3456a406922d1ca45a4,롯데월드아쿠아리움,11,서울특별시,11710,송파구,06a6e9b07587c1155f7bd46687abd365,서울올림픽파크텔,11,서울특별시,11710,송파구,숙박,숙박,호텔,6
202607,73bc00a87254e3456a406922d1ca45a4,롯데월드아쿠아리움,11,서울특별시,11710,송파구,eae638a0117eda42a27a586f77cc0cd3,반포한강공원,11,서울특별시,11650,서초구,관광지,문화관광,도시공원,7
202607,73bc00a87254e3456a406922d1ca45a4,롯데월드아쿠아리움,11,서울특별시,11710,송파구,c642e34bdb9bfd17a5f948db84bb3e3f,석촌호수/서호,11,서울특별시,11710,송파구,관광지,자연관광,자연경관(하천/해양),8
202607,73bc00a87254e3456a406922d1ca45a4,롯데월드아쿠아리움,11,서울특별시,11710,송파구,c870640332e75cb28037f47ff5575f0f,이비스스타일앰배서더/서울용산,11,서울특별시,11170,용산구,숙박,숙박,호텔,9
202607,73bc00a87254e3456a406922d1ca45a4,롯데월드아쿠아리움,11,서울특별시,11710,송파구,13db262a7b0b994c18a9d27a5d14f383,서울상상나라,11,서울특별시,11215,광진구,관광지,문화관광,전시시설,10
202607,73bc00a87254e3456a406922d1ca45a4,롯데월드아쿠아리움,11,서울특별시,11710,송파구,94b37da181384604e8bdf68b3217008e,여의도한강공원,11,서울특별시,11560,영등포구,관광지,문화관광,도시공원,11
202607,73bc00a87254e3456a406922d1ca45a4,롯데월드아쿠아리움,11,서울특별시,11710,송파구,30cb4ff86435906c3b9f329476169bba,카페드로잉/석촌호수점,11,서울특별시,11710,송파구,음식,음식,카페/찻집,12
202607,73bc00a87254e3456a406922d1ca45a4,롯데월드아쿠아리움,11,서울특별시,11710,송파구,1648949cc1dba2c329023657e4fee415,아웃백스테이크하우스/잠실점,11,서울특별시,11710,송파구,음식,음식,전문음식,13
202607,73bc00a87254e3456a406922d1ca45a4,롯데월드아쿠아리움,11,서울특별시,11710,송파구,6575a761c90695bb54f339a00b889786,모던샤브하우스/잠실점,11,서울특별시,11710,송파구,음식,음식,전문음식,14
202607,73bc00a87254e3456a406922d1ca45a4,롯데월드아쿠아리움,11,서울특별시,11710,송파구,0acdde8f376a73d66996f645f64b31fb,롯데월드쇼핑몰,11,서울특별시,11710,송파구,관광지,쇼핑,쇼핑몰,15
202607,73bc00a87254e3456a406922d1ca45a4,롯데월드아쿠아리움,11,서울특별시,11710,송파구,7a7d19a93f01292502031707bd9ef892,오라카이대학로호텔,11,서울특별시,11110,종로구,숙박,숙박,호텔,16
202607,73bc00a87254e3456a406922d1ca45a4,롯데월드아쿠아리움,11,서울특별시,11710,송파구,24c73215ebd8b9d81c4ea9abd2607707,봉피양/방이점,11,서울특별시,11710,송파구,음식,음식,한식,17
202607,73bc00a87254e3456a406922d1ca45a4,롯데월드아쿠아리움,11,서울특별시,11710,송파구,12755cc5bd71aa6e2b49fd34e617c369,코코로미,11,서울특별시,11710,송파구,음식,음식,간이음식,18
202607,73bc00a87254e3456a406922d1ca45a4,롯데월드아쿠아리움,11,서울특별시,11710,송파구,4414ac282aa026c398b5f19e4cb9e440,올림픽공원/세계평화의문,11,서울특별시,11710,송파구,관광지,문화관광,도시공원,19
202607,73bc00a87254e3456a406922d1ca45a4,롯데월드아쿠아리움,11,서울특별시,11710,송파구,a3cd13a5dfd1660b9abbd156067b7bd9,그랜드워커힐/서울,11,서울특별시,11215,광진구,숙박,숙박,호텔,20
202607,73bc00a87254e3456a406922d1ca45a4,롯데월드아쿠아리움,11,서울특별시,11710,송파구,555cf343a0a0b0b963cc299ed7daaade,청초수물회섭국/송파직영점,11,서울특별시,11710,송파구,음식,음식,전문음식,21
202607,73bc00a87254e3456a406922d1ca45a4,롯데월드아쿠아리움,11,서울특별시,11710,송파구,50be9916d831e322727e7099dc47ec6c,피자힐,11,서울특별시,11215,광진구,음식,음식,간이음식,22
202607,73bc00a87254e3456a406922d1ca45a4,롯데월드아쿠아리움,11,서울특별시,11710,송파구,a7a2bd1c6eb5980574551db52f859d8e,텍사스데브라질/센트럴시티점,11,서울특별시,11650,서초구,음식,음식,외국식,23
202607,73bc00a87254e3456a406922d1ca45a4,롯데월드아쿠아리움,11,서울특별시,11710,송파구,51211bfa414cf5f1912305040e292f52,더리버몰,11,서울특별시,11740,강동구,관광지,쇼핑,쇼핑몰,24
202607,73bc00a87254e3456a406922d1ca45a4,롯데월드아쿠아리움,11,서울특별시,11710,송파구,1b8c5e92966e33c3344b2d56e0dcc1e4,본가진미간장게장,11,서울특별시,11710,송파구,음식,음식,전문음식,25
202607,73bc00a87254e3456a406922d1ca45a4,롯데월드아쿠아리움,11,서울특별시,11710,송파구,2d25b7922940c7eaf85eb43d06e276c1,소마미술관,11,서울특별시,11710,송파구,관광지,문화관광,전시시설,26
202607,73bc00a87254e3456a406922d1ca45a4,롯데월드아쿠아리움,11,서울특별시,11710,송파구,c6b5964eb6deb72206d9bf59a6bb5268,신세계백화점/강남점,11,서울특별시,11650,서초구,관광지,쇼핑,백화점,27
202607,73bc00a87254e3456a406922d1ca45a4,롯데월드아쿠아리움,11,서울특별시,11710,송파구,3873ae51079bbf2bbcec9f87fb4ca0c5,한성백제박물관,11,서울특별시,11710,송파구,관광지,문화관광,전시시설,28
202607,73bc00a87254e3456a406922d1ca45a4,롯데월드아쿠아리움,11,서울특별시,11710,송파구,7089145a5dee99ef46778a5337dbe276,엔제리너스/석촌호수DI점,11,서울특별시,11710,송파구,음식,음식,카페/찻집,29
202607,73bc00a87254e3456a406922d1ca45a4,롯데월드아쿠아리움,11,서울특별시,11710,송파구,a7bf864a85dd3687f87195a7cdf1f4eb,텍사스로드하우스/잠실본점,11,서울특별시,11710,송파구,음식,음식,전문음식,30
202607,73bc00a87254e3456a406922d1ca45a4,롯데월드아쿠아리움,11,서울특별시,11710,송파구,17f34929cd643ba69a00ab89bde367ce,로라바운스/천호점,11,서울특별시,11740,강동구,관광지,문화관광,테마공원,31
202607,73bc00a87254e3456a406922d1ca45a4,롯데월드아쿠아리움,11,서울특별시,11710,송파구,8df834ea733ee54430c6cd90984b78a4,호텔어반,11,서울특별시,11710,송파구,숙박,숙박,모텔,32
202607,73bc00a87254e3456a406922d1ca45a4,롯데월드아쿠아리움,11,서울특별시,11710,송파구,2d0d50b3a3cfd40d28915c5c67f47310,미테이블/올림픽공원직영점,11,서울특별시,11740,강동구,음식,음식,외국식,33
202607,73bc00a87254e3456a406922d1ca45a4,롯데월드아쿠아리움,11,서울특별시,11710,송파구,786334c456d663f31d4ccb7da327b08d,키자니아/서울점,11,서울특별시,11710,송파구,관광지,문화관광,테마공원,34
202607,73bc00a87254e3456a406922d1ca45a4,롯데월드아쿠아리움,11,서울특별시,11710,송파구,8305585434c6e9f1f63675448b672be3,청와대사랑채,11,서울특별시,11110,종로구,관광지,문화관광,전시시설,35
202607,73bc00a87254e3456a406922d1ca45a4,롯데월드아쿠아리움,11,서울특별시,11710,송파구,51c04dc87e85896203bb17cde61ea746,현대 모터스튜디오/서울,11,서울특별시,11680,강남구,관광지,문화관광,전시시설,36
202607,73bc00a87254e3456a406922d1ca45a4,롯데월드아쿠아리움,11,서울특별시,11710,송파구,1c07ff42d0fbc028605ec8bedf226cdb,육장정,11,서울특별시,11710,송파구,음식,음식,한식,37
202607,73bc00a87254e3456a406922d1ca45a4,롯데월드아쿠아리움,11,서울특별시,11710,송파구,218970f5a644e7e88da9663a46229a59,채빛퀴진,11,서울특별시,11650,서초구,음식,음식,전문음식,38
202607,73bc00a87254e3456a406922d1ca45a4,롯데월드아쿠아리움,11,서울특별시,11710,송파구,d6e7d2e0ef86a25cce60aac5332b28dc,국립중앙박물관,11,서울특별시,11170,용산구,관광지,문화관광,전시시설,39
202607,73bc00a87254e3456a406922d1ca45a4,롯데월드아쿠아리움,11,서울특별시,11710,송파구,66fd47176e2a7cd05721e35919cf2557,신당동떡볶이타운,11,서울특별시,11140,중구,음식,음식,음식점기타,40
202607,73bc00a87254e3456a406922d1ca45a4,롯데월드아쿠아리움,11,서울특별시,11710,송파구,8750d61160e1a6d9698f52cdbfcaa52f,숙수돈가,11,서울특별시,11710,송파구,음식,음식,한식,41
202607,73bc00a87254e3456a406922d1ca45a4,롯데월드아쿠아리움,11,서울특별시,11710,송파구,fbd86ba69f8963f1ea78714b83f852b8,더마켓키친/포시즌스호텔서울,11,서울특별시,11110,종로구,음식,음식,전문음식,42
202607,73bc00a87254e3456a406922d1ca45a4,롯데월드아쿠아리움,11,서울특별시,11710,송파구,49fc6c03c65d96f8d1fe0bd6c8c5fcc2,아키비스트/송파점,11,서울특별시,11710,송파구,음식,음식,카페/찻집,43
202607,73bc00a87254e3456a406922d1ca45a4,롯데월드아쿠아리움,11,서울특별시,11710,송파구,8b94675e7c27390a53c275ec1134f291,동촌보리밥돈까스/거여본점,11,서울특별시,11710,송파구,음식,음식,한식,44
202607,73bc00a87254e3456a406922d1ca45a4,롯데월드아쿠아리움,11,서울특별시,11710,송파구,e579658889bc7f278bfebeb77d2c4b35,맥도날드/가산디지털점,11,서울특별시,11545,금천구,음식,음식,간이음식,45
202607,73bc00a87254e3456a406922d1ca45a4,롯데월드아쿠아리움,11,서울특별시,11710,송파구,6c0d69ba23e137026c9da220f2475bf1,콘메,11,서울특별시,11710,송파구,음식,음식,외국식,46
202607,73bc00a87254e3456a406922d1ca45a4,롯데월드아쿠아리움,11,서울특별시,11710,송파구,62fba1e12e412fd72d138a7156410bbb,태양/용산점 [중식],11,서울특별시,11170,용산구,음식,음식,외국식,47
202607,73bc00a87254e3456a406922d1ca45a4,롯데월드아쿠아리움,11,서울특별시,11710,송파구,b85ee6ddc9689b48632ad0e88dd465f8,그린플레이트/신내점,11,서울특별시,11260,중랑구,음식,음식,전문음식,48
202607,73bc00a87254e3456a406922d1ca45a4,롯데월드아쿠아리움,11,서울특별시,11710,송파구,755cf847170400b2edd3b30fc426fca0,가나돈까스의집,11,서울특별시,11680,강남구,음식,음식,전문음식,49
202607,73bc00a87254e3456a406922d1ca45a4,롯데월드아쿠아리움,11,서울특별시,11710,송파구,6dbde5794277b96d02f0b5c4d1b8d7d5,수서역,11,서울특별시,11680,강남구,관광지,기타관광,교통시설,50
202607,69d4eefd75ca8e53ff9e713471b1e387,송파구자원순환공원,11,서울특별시,11710,송파구,ffa85421d2cc6005e5e94f72eb316ebc,스타벅스/강남세곡DT점,11,서울특별시,11680,강남구,음식,음식,카페/찻집,1
202607,69d4eefd75ca8e53ff9e713471b1e387,송파구자원순환공원,11,서울특별시,11710,송파구,bb9a3d1cb6a86e0f872560975ae87f8c,현대시티아울렛/가든파이브점,11,서울특별시,11710,송파구,관광지,쇼핑,쇼핑몰,2
202607,69d4eefd75ca8e53ff9e713471b1e387,송파구자원순환공원,11,서울특별시,11710,송파구,adccdc1cf15e1260d6b5a68f8f93d268,NC백화점/송파점,11,서울특별시,11710,송파구,관광지,쇼핑,백화점,3
202607,69d4eefd75ca8e53ff9e713471b1e387,송파구자원순환공원,11,서울특별시,11710,송파구,8878d0323a1276b28c634d5105184887,프리마,11,서울특별시,11710,송파구,관광지,쇼핑,쇼핑몰,4
202607,69d4eefd75ca8e53ff9e713471b1e387,송파구자원순환공원,11,서울특별시,11710,송파구,679815a8aa65197341ff660588490fa3,서울남부터미널,11,서울특별시,11650,서초구,관광지,기타관광,교통시설,5
202607,69d4eefd75ca8e53ff9e713471b1e387,송파구자원순환공원,11,서울특별시,11710,송파구,749a17f79fc34722545bcf1ad85d2413,천마공원축구장,11,서울특별시,11710,송파구,관광지,문화관광,레저스포츠시설,6
202607,69d4eefd75ca8e53ff9e713471b1e387,송파구자원순환공원,11,서울특별시,11710,송파구,3927208d6f4bdf208c3befc14ed4b324,가든파이브툴,11,서울특별시,11710,송파구,관광지,쇼핑,쇼핑몰,7
202607,69d4eefd75ca8e53ff9e713471b1e387,송파구자원순환공원,11,서울특별시,11710,송파구,35e3b54632d9f9f6761bb240fd3ddfa2,버거킹/위례신도시GS점,11,서울특별시,11710,송파구,음식,음식,간이음식,8
202607,69d4eefd75ca8e53ff9e713471b1e387,송파구자원순환공원,11,서울특별시,11710,송파구,d07a29e46904f0e5eb8976085c9eab7b,그랑차오/[중식],11,서울특별시,11710,송파구,음식,음식,외국식,9
202607,69d4eefd75ca8e53ff9e713471b1e387,송파구자원순환공원,11,서울특별시,11710,송파구,8930f0b4a98b760f2a7bf5345eceb251,서대문형무소역사관,11,서울특별시,11410,서대문구,관광지,문화관광,전시시설,10
202607,69d4eefd75ca8e53ff9e713471b1e387,송파구자원순환공원,11,서울특별시,11710,송파구,042f269ea40a8fd8228cd5182c6e891a,롯데콘서트홀,11,서울특별시,11710,송파구,관광지,문화관광,공연시설,11
202607,69d4eefd75ca8e53ff9e713471b1e387,송파구자원순환공원,11,서울특별시,11710,송파구,9e706eb1858168cf34f24b6659d3610d,가든파이브라이프,11,서울특별시,11710,송파구,관광지,쇼핑,쇼핑몰,12
202607,907fb7a4c4fa932f03ac2e26f9a06128,송파책박물관,11,서울특별시,11710,송파구,b7d97075178eca310d58040f02af4d8e,롯데월드몰,11,서울특별시,11710,송파구,관광지,쇼핑,쇼핑몰,1
202607,907fb7a4c4fa932f03ac2e26f9a06128,송파책박물관,11,서울특별시,11710,송파구,97aaae6f3dd7bc0f0c7f8a147b316754,롯데백화점/잠실점,11,서울특별시,11710,송파구,관광지,쇼핑,백화점,2
202607,907fb7a4c4fa932f03ac2e26f9a06128,송파책박물관,11,서울특별시,11710,송파구,9e706eb1858168cf34f24b6659d3610d,가든파이브라이프,11,서울특별시,11710,송파구,관광지,쇼핑,쇼핑몰,3
202607,907fb7a4c4fa932f03ac2e26f9a06128,송파책박물관,11,서울특별시,11710,송파구,f4cb0345c02d72995cc67111ef093ead,롯데월드/잠실점,11,서울특별시,11710,송파구,관광지,문화관광,테마공원,4
202607,907fb7a4c4fa932f03ac2e26f9a06128,송파책박물관,11,서울특별시,11710,송파구,58106b1b33f5c06aac05918a53b0f9fc,스타벅스/송파나루역DT점,11,서울특별시,11710,송파구,음식,음식,카페/찻집,5
202607,907fb7a4c4fa932f03ac2e26f9a06128,송파책박물관,11,서울특별시,11710,송파구,48c455dc047aebbe239b0e75b0e0547c,강남세곡체육공원,11,서울특별시,11680,강남구,관광지,문화관광,도시공원,6
202607,907fb7a4c4fa932f03ac2e26f9a06128,송파책박물관,11,서울특별시,11710,송파구,c1791138ca91f540a7c8d677b2be0b30,롯데호텔/월드,11,서울특별시,11710,송파구,숙박,숙박,호텔,7
202607,907fb7a4c4fa932f03ac2e26f9a06128,송파책박물관,11,서울특별시,11710,송파구,bb9a3d1cb6a86e0f872560975ae87f8c,현대시티아울렛/가든파이브점,11,서울특별시,11710,송파구,관광지,쇼핑,쇼핑몰,8
202607,907fb7a4c4fa932f03ac2e26f9a06128,송파책박물관,11,서울특별시,11710,송파구,aa6be6a4f5997ab91804f3b6be58e878,코엑스,11,서울특별시,11680,강남구,관광지,문화관광,전시시설,9
202607,907fb7a4c4fa932f03ac2e26f9a06128,송파책박물관,11,서울특별시,11710,송파구,3026ecf28baac2afff23d382d16a4331,유천냉면/본점,11,서울특별시,11710,송파구,음식,음식,한식,10
202607,907fb7a4c4fa932f03ac2e26f9a06128,송파책박물관,11,서울특별시,11710,송파구,3e57be53c782376693b37c9fab0335aa,지호한방삼계탕/삼전동점,11,서울특별시,11710,송파구,음식,음식,한식,11
202607,907fb7a4c4fa932f03ac2e26f9a06128,송파책박물관,11,서울특별시,11710,송파구,caa57ab5e713bfb5c2e46c47433e60c7,디디디/잠실,11,서울특별시,11710,송파구,음식,음식,카페/찻집,12
202607,907fb7a4c4fa932f03ac2e26f9a06128,송파책박물관,11,서울특별시,11710,송파구,46b1d579f4c04111ce348ae187aac71a,맥도날드/송파잠실DT점,11,서울특별시,11710,송파구,음식,음식,간이음식,13
202607,907fb7a4c4fa932f03ac2e26f9a06128,송파책박물관,11,서울특별시,11710,송파구,b74fab4d1c613e116dbd6652298b4105,맥도날드/서울둔촌DT점,11,서울특별시,11740,강동구,음식,음식,간이음식,14
202607,907fb7a4c4fa932f03ac2e26f9a06128,송파책박물관,11,서울특별시,11710,송파구,0f241dae80b35afafb0632dfa546ecc1,청와옥/석촌호수직영점,11,서울특별시,11710,송파구,음식,음식,한식,15
202607,907fb7a4c4fa932f03ac2e26f9a06128,송파책박물관,11,서울특별시,11710,송파구,3873ae51079bbf2bbcec9f87fb4ca0c5,한성백제박물관,11,서울특별시,11710,송파구,관광지,문화관광,전시시설,16
202607,907fb7a4c4fa932f03ac2e26f9a06128,송파책박물관,11,서울특별시,11710,송파구,adccdc1cf15e1260d6b5a68f8f93d268,NC백화점/송파점,11,서울특별시,11710,송파구,관광지,쇼핑,백화점,17
202607,907fb7a4c4fa932f03ac2e26f9a06128,송파책박물관,11,서울특별시,11710,송파구,eec50956d20173236f77305e3f3aaf1b,현대백화점/천호점,11,서울특별시,11740,강동구,관광지,쇼핑,백화점,18
202607,907fb7a4c4fa932f03ac2e26f9a06128,송파책박물관,11,서울특별시,11710,송파구,48f3399e19ad3032a3b71fb263bc30c9,돈까스의집,11,서울특별시,11710,송파구,음식,음식,전문음식,19
202607,907fb7a4c4fa932f03ac2e26f9a06128,송파책박물관,11,서울특별시,11710,송파구,b7a2dac6025114d77cde502063c2d44c,마초야/송파점,11,서울특별시,11710,송파구,음식,음식,외국식,20
202607,907fb7a4c4fa932f03ac2e26f9a06128,송파책박물관,11,서울특별시,11710,송파구,43874f6d328e0d352a0116d20aac74c7,하하호호놀이터/장지동점,11,서울특별시,11710,송파구,관광지,문화관광,테마공원,21
202607,907fb7a4c4fa932f03ac2e26f9a06128,송파책박물관,11,서울특별시,11710,송파구,e549bc81c7245b6a608a9efcede9d265,이가네양꼬치/여의도점,11,서울특별시,11560,영등포구,음식,음식,전문음식,22
202607,907fb7a4c4fa932f03ac2e26f9a06128,송파책박물관,11,서울특별시,11710,송파구,f209ddf8c7ac7035c1ab422095adb6bf,무인에이플러스호텔,11,서울특별시,11710,송파구,숙박,숙박,모텔,23
202607,907fb7a4c4fa932f03ac2e26f9a06128,송파책박물관,11,서울특별시,11710,송파구,f9a655dc1f593229ad4f5fb4721b1db4,오향가/가락본점,11,서울특별시,11710,송파구,음식,음식,전문음식,24
202607,907fb7a4c4fa932f03ac2e26f9a06128,송파책박물관,11,서울특별시,11710,송파구,073da4655da39ba75b416ae27e3d6e32,레브두,11,서울특별시,11710,송파구,음식,음식,카페/찻집,25
202607,907fb7a4c4fa932f03ac2e26f9a06128,송파책박물관,11,서울특별시,11710,송파구,0a52307419cd0bea68f7de6cdcafc36e,망원유수지체육공원,11,서울특별시,11440,마포구,관광지,문화관광,도시공원,26
202607,907fb7a4c4fa932f03ac2e26f9a06128,송파책박물관,11,서울특별시,11710,송파구,97e8fd35494fd4a0d54e71434492cbe3,만애옥한정식/송파가락시장본점 [한식],11,서울특별시,11710,송파구,음식,음식,한식,27
202607,907fb7a4c4fa932f03ac2e26f9a06128,송파책박물관,11,서울특별시,11710,송파구,17f34929cd643ba69a00ab89bde367ce,로라바운스/천호점,11,서울특별시,11740,강동구,관광지,문화관광,테마공원,28
202607,907fb7a4c4fa932f03ac2e26f9a06128,송파책박물관,11,서울특별시,11710,송파구,690c01f3ab5ffd5a330e3b237f0c411f,서령/롯데월드몰,11,서울특별시,11710,송파구,음식,음식,한식,29
202607,907fb7a4c4fa932f03ac2e26f9a06128,송파책박물관,11,서울특별시,11710,송파구,db4b7ffdd17f2d7dc2474f278740fe89,파크하비오워터킹덤,11,서울특별시,11710,송파구,관광지,문화관광,테마공원,30
202607,907fb7a4c4fa932f03ac2e26f9a06128,송파책박물관,11,서울특별시,11710,송파구,af13327ac706e72b299c7d800805e508,에그앤플라워,11,서울특별시,11170,용산구,음식,음식,외국식,31
202607,907fb7a4c4fa932f03ac2e26f9a06128,송파책박물관,11,서울특별시,11710,송파구,06d243ee825e434a5dea4042c5386d05,유담들밥다온재/[한식],11,서울특별시,11710,송파구,음식,음식,한식,32
202607,907fb7a4c4fa932f03ac2e26f9a06128,송파책박물관,11,서울특별시,11710,송파구,28c82bf3f93f02fc3693575dc77debad,바른치킨/송파오륜점,11,서울특별시,11710,송파구,음식,음식,간이음식,33
202607,907fb7a4c4fa932f03ac2e26f9a06128,송파책박물관,11,서울특별시,11710,송파구,a9f8a6e229d1d1f20eba00f5502d5ff1,청송일식/[일식],11,서울특별시,11680,강남구,음식,음식,외국식,34
202607,907fb7a4c4fa932f03ac2e26f9a06128,송파책박물관,11,서울특별시,11710,송파구,056671a50f465e0fd944473dc402f20e,중식당수녹/[중식],11,서울특별시,11680,강남구,음식,음식,외국식,35
202607,907fb7a4c4fa932f03ac2e26f9a06128,송파책박물관,11,서울특별시,11710,송파구,f56d7cc6c779d3b640ba91ed7fc5b71b,산들해/송파점 [한식],11,서울특별시,11710,송파구,음식,음식,한식,36
202607,907fb7a4c4fa932f03ac2e26f9a06128,송파책박물관,11,서울특별시,11710,송파구,82238e6ee2269a973357c252383b3e3c,라뉘호텔,11,서울특별시,11440,마포구,숙박,숙박,모텔,37
202607,907fb7a4c4fa932f03ac2e26f9a06128,송파책박물관,11,서울특별시,11710,송파구,ae81dba458a6f22e753ca150ad06335d,콘스탄스/조선팰리스서울강남,11,서울특별시,11680,강남구,음식,음식,전문음식,38
202607,e2a7ec7f0295916cd5aa4eb9dd436a67,광나루한강공원,11,서울특별시,11740,강동구,6257a372012ce4533ac095b54fd0225d,잠실한강공원,11,서울특별시,11710,송파구,관광지,문화관광,도시공원,1
202607,e2a7ec7f0295916cd5aa4eb9dd436a67,광나루한강공원,11,서울특별시,11740,강동구,b2e840beb2fcb66bb33d988c822656ad,뚝섬한강공원,11,서울특별시,11215,광진구,관광지,문화관광,도시공원,2
202607,e2a7ec7f0295916cd5aa4eb9dd436a67,광나루한강공원,11,서울특별시,11740,강동구,b74fab4d1c613e116dbd6652298b4105,맥도날드/서울둔촌DT점,11,서울특별시,11740,강동구,음식,음식,간이음식,3
202607,e2a7ec7f0295916cd5aa4eb9dd436a67,광나루한강공원,11,서울특별시,11740,강동구,eae638a0117eda42a27a586f77cc0cd3,반포한강공원,11,서울특별시,11650,서초구,관광지,문화관광,도시공원,4
202607,e2a7ec7f0295916cd5aa4eb9dd436a67,광나루한강공원,11,서울특별시,11740,강동구,eec50956d20173236f77305e3f3aaf1b,현대백화점/천호점,11,서울특별시,11740,강동구,관광지,쇼핑,백화점,5
202607,e2a7ec7f0295916cd5aa4eb9dd436a67,광나루한강공원,11,서울특별시,11740,강동구,f71c3915020986ef2c295592525b3a9e,맥도날드/굽은다리역DT점,11,서울특별시,11740,강동구,음식,음식,간이음식,6
202607,e2a7ec7f0295916cd5aa4eb9dd436a67,광나루한강공원,11,서울특별시,11740,강동구,23c0e519b9f507a3d130b518ade94d73,잠원한강공원,11,서울특별시,11680,강남구,관광지,문화관광,도시공원,7
202607,e2a7ec7f0295916cd5aa4eb9dd436a67,광나루한강공원,11,서울특별시,11740,강동구,65604a28247d8c6e10c67a3e809f4e9a,광나루자연형/물놀이장,11,서울특별시,11740,강동구,관광지,문화관광,테마공원,8
202607,e2a7ec7f0295916cd5aa4eb9dd436a67,광나루한강공원,11,서울특별시,11740,강동구,94b37da181384604e8bdf68b3217008e,여의도한강공원,11,서울특별시,11560,영등포구,관광지,문화관광,도시공원,9
202607,e2a7ec7f0295916cd5aa4eb9dd436a67,광나루한강공원,11,서울특별시,11740,강동구,b7d97075178eca310d58040f02af4d8e,롯데월드몰,11,서울특별시,11710,송파구,관광지,쇼핑,쇼핑몰,10
202607,e2a7ec7f0295916cd5aa4eb9dd436a67,광나루한강공원,11,서울특별시,11740,강동구,eecb51fa7fe2d093d4f424d359a09ac8,양화한강공원,11,서울특별시,11560,영등포구,관광지,문화관광,도시공원,11
202607,e2a7ec7f0295916cd5aa4eb9dd436a67,광나루한강공원,11,서울특별시,11740,강동구,80a10f27efd3a6731f837a49a59b62b1,버거킹/길동사거리점,11,서울특별시,11740,강동구,음식,음식,간이음식,12
202607,e2a7ec7f0295916cd5aa4eb9dd436a67,광나루한강공원,11,서울특별시,11740,강동구,5ff40a8607a8fc8495261b844dc9f2a4,스타벅스/강동암사DT점,11,서울특별시,11740,강동구,음식,음식,카페/찻집,13
202607,e2a7ec7f0295916cd5aa4eb9dd436a67,광나루한강공원,11,서울특별시,11740,강동구,4510d925c6e0ac3b13e5fce8990b0214,고메스퀘어/천호점,11,서울특별시,11740,강동구,음식,음식,전문음식,14
202607,e2a7ec7f0295916cd5aa4eb9dd436a67,광나루한강공원,11,서울특별시,11740,강동구,6dbde5794277b96d02f0b5c4d1b8d7d5,수서역,11,서울특별시,11680,강남구,관광지,기타관광,교통시설,15
202607,e2a7ec7f0295916cd5aa4eb9dd436a67,광나루한강공원,11,서울특별시,11740,강동구,f65a0facea2f3816f585abf1ec97c5b4,뚝섬한강공원/수영장,11,서울특별시,11215,광진구,관광지,문화관광,테마공원,16
202607,e2a7ec7f0295916cd5aa4eb9dd436a67,광나루한강공원,11,서울특별시,11740,강동구,28ced792122c623e78519e57eb441b75,롯데시네마/월드타워,11,서울특별시,11710,송파구,관광지,문화관광,공연시설,17
202607,e2a7ec7f0295916cd5aa4eb9dd436a67,광나루한강공원,11,서울특별시,11740,강동구,b09b6d542fe7b65014c9f6688c40d2db,뚝섬유원지,11,서울특별시,11215,광진구,관광지,문화관광,복합관광시설,18
202607,e2a7ec7f0295916cd5aa4eb9dd436a67,광나루한강공원,11,서울특별시,11740,강동구,90b1b2edb51d984fbc123bc4265b4b24,용마폭포공원,11,서울특별시,11260,중랑구,관광지,문화관광,도시공원,19
202607,e2a7ec7f0295916cd5aa4eb9dd436a67,광나루한강공원,11,서울특별시,11740,강동구,7bbcab3e7a078970fbaa038fe88f1d8b,투썸플레이스/천호역해링턴타워점,11,서울특별시,11740,강동구,음식,음식,카페/찻집,20
202607,e2a7ec7f0295916cd5aa4eb9dd436a67,광나루한강공원,11,서울특별시,11740,강동구,5dbbe04dab29c7bede57e5aee7231ae7,서울암사동유적,11,서울특별시,11740,강동구,관광지,역사관광,역사유적지,21
202607,e2a7ec7f0295916cd5aa4eb9dd436a67,광나루한강공원,11,서울특별시,11740,강동구,95709559d4a156050f7429d846001d33,눅스커피,11,서울특별시,11740,강동구,음식,음식,카페/찻집,22
202607,e2a7ec7f0295916cd5aa4eb9dd436a67,광나루한강공원,11,서울특별시,11740,강동구,9629450073197a710f39d9ba3c0ee39d,호텔파크하비오,11,서울특별시,11710,송파구,숙박,숙박,호텔,23
202607,e2a7ec7f0295916cd5aa4eb9dd436a67,광나루한강공원,11,서울특별시,11740,강동구,767eb3c379efa3729418cfbf802ec713,세빛섬,11,서울특별시,11650,서초구,관광지,자연관광,자연경관(하천/해양),24
202607,e2a7ec7f0295916cd5aa4eb9dd436a67,광나루한강공원,11,서울특별시,11740,강동구,97c0a1427be208a8ca50e879baa895c4,올림픽공원,11,서울특별시,11710,송파구,관광지,문화관광,도시공원,25
202607,e2a7ec7f0295916cd5aa4eb9dd436a67,광나루한강공원,11,서울특별시,11740,강동구,54d91e3c3754f2eb98b118a228192cfc,스타벅스/강동구청DT점,11,서울특별시,11740,강동구,음식,음식,카페/찻집,26
202607,e2a7ec7f0295916cd5aa4eb9dd436a67,광나루한강공원,11,서울특별시,11740,강동구,c6344b0ae32e496be8b1b701e540d566,김포국제공항국내선,11,서울특별시,11500,강서구,관광지,기타관광,교통시설,27
202607,e2a7ec7f0295916cd5aa4eb9dd436a67,광나루한강공원,11,서울특별시,11740,강동구,ceb0c0a183fe98c75383596114bf3bdf,장소샤브샤브/천호본점,11,서울특별시,11740,강동구,음식,음식,전문음식,28
202607,e2a7ec7f0295916cd5aa4eb9dd436a67,광나루한강공원,11,서울특별시,11740,강동구,bc95c6dcafa6b241b929650ae3f97920,도미노피자/천호암사점,11,서울특별시,11740,강동구,음식,음식,간이음식,29
202607,e2a7ec7f0295916cd5aa4eb9dd436a67,광나루한강공원,11,서울특별시,11740,강동구,240b5e9b569bbf281a3b51e4d600035d,온더브레드/강동점,11,서울특별시,11740,강동구,음식,음식,카페/찻집,30
202607,e2a7ec7f0295916cd5aa4eb9dd436a67,광나루한강공원,11,서울특별시,11740,강동구,726f251a645f7f97e608d432842fa7b4,광림아트센터/BBCH홀,11,서울특별시,11680,강남구,관광지,문화관광,공연시설,31
202607,e2a7ec7f0295916cd5aa4eb9dd436a67,광나루한강공원,11,서울특별시,11740,강동구,1648949cc1dba2c329023657e4fee415,아웃백스테이크하우스/잠실점,11,서울특별시,11710,송파구,음식,음식,전문음식,32
202607,e2a7ec7f0295916cd5aa4eb9dd436a67,광나루한강공원,11,서울특별시,11740,강동구,52f66f2463f8403cd2164a13d2d70aaf,할리스/굽은다리역점,11,서울특별시,11740,강동구,음식,음식,카페/찻집,33
202607,e2a7ec7f0295916cd5aa4eb9dd436a67,광나루한강공원,11,서울특별시,11740,강동구,a3cd13a5dfd1660b9abbd156067b7bd9,그랜드워커힐/서울,11,서울특별시,11215,광진구,숙박,숙박,호텔,34
202607,e2a7ec7f0295916cd5aa4eb9dd436a67,광나루한강공원,11,서울특별시,11740,강동구,c49fb18e261578db7ad1a165fd09734e,서울레저파크어린이회관야외수영장,11,서울특별시,11215,광진구,관광지,문화관광,테마공원,35
202607,e2a7ec7f0295916cd5aa4eb9dd436a67,광나루한강공원,11,서울특별시,11740,강동구,410640d7eea66c0f4dec91fe33f1fb4d,황도바지락칼국수,11,서울특별시,11740,강동구,음식,음식,한식,36
202607,e2a7ec7f0295916cd5aa4eb9dd436a67,광나루한강공원,11,서울특별시,11740,강동구,6a1148333251705ceb7c8782fd8f9a0d,비트카페라운지,11,서울특별시,11740,강동구,음식,음식,카페/찻집,37
202607,e2a7ec7f0295916cd5aa4eb9dd436a67,광나루한강공원,11,서울특별시,11740,강동구,1fcc96908b542c44857fff769f827f28,잠실황소곱창,11,서울특별시,11710,송파구,음식,음식,전문음식,38
202607,e2a7ec7f0295916cd5aa4eb9dd436a67,광나루한강공원,11,서울특별시,11740,강동구,46b1d579f4c04111ce348ae187aac71a,맥도날드/송파잠실DT점,11,서울특별시,11710,송파구,음식,음식,간이음식,39
202607,e2a7ec7f0295916cd5aa4eb9dd436a67,광나루한강공원,11,서울특별시,11740,강동구,2f377d7118324387ad969cbced17ae5f,스타벅스/구의DT점,11,서울특별시,11215,광진구,음식,음식,카페/찻집,40
202607,e2a7ec7f0295916cd5aa4eb9dd436a67,광나루한강공원,11,서울특별시,11740,강동구,8042b4e70b125faf3d2290b7f8d0155e,양재천수영장,11,서울특별시,11650,서초구,관광지,문화관광,테마공원,41
202607,e2a7ec7f0295916cd5aa4eb9dd436a67,광나루한강공원,11,서울특별시,11740,강동구,a6dfdda00ed7501e26a75eaa3f5bda36,진미평양냉면/본관,11,서울특별시,11680,강남구,음식,음식,한식,42
202607,e2a7ec7f0295916cd5aa4eb9dd436a67,광나루한강공원,11,서울특별시,11740,강동구,ec60a9ad10af3a227cb25f83f5f55cca,신세계면세점/명동점,11,서울특별시,11140,중구,관광지,쇼핑,면세점,43
202607,e2a7ec7f0295916cd5aa4eb9dd436a67,광나루한강공원,11,서울특별시,11740,강동구,74680d2921c6b56d87690fbb04feaf4b,브랜뉴하이몬드,11,서울특별시,11740,강동구,음식,음식,간이음식,44
202607,e2a7ec7f0295916cd5aa4eb9dd436a67,광나루한강공원,11,서울특별시,11740,강동구,d4ea0aacdf2463189fd2d5c8a013519c,스타벅스/신림타임스트림점,11,서울특별시,11620,관악구,음식,음식,카페/찻집,45
202607,e2a7ec7f0295916cd5aa4eb9dd436a67,광나루한강공원,11,서울특별시,11740,강동구,b318817ff5112725c45957ac098d1b54,방이샤브샤브칼국수/방이본점,11,서울특별시,11710,송파구,음식,음식,한식,46
202607,e2a7ec7f0295916cd5aa4eb9dd436a67,광나루한강공원,11,서울특별시,11740,강동구,530301ba3d656f855e49bc1182bd19a2,브루브루,11,서울특별시,11710,송파구,음식,음식,카페/찻집,47
202607,e2a7ec7f0295916cd5aa4eb9dd436a67,광나루한강공원,11,서울특별시,11740,강동구,6ef8e512b6d1a7abe8c18753aee96b37,우도옥/삼성본점,11,서울특별시,11680,강남구,음식,음식,한식,48
202607,e2a7ec7f0295916cd5aa4eb9dd436a67,광나루한강공원,11,서울특별시,11740,강동구,6625c8de6bb061c31d5314c1916d06f7,스케줄/청담,11,서울특별시,11680,강남구,음식,음식,전문음식,49
202607,e2a7ec7f0295916cd5aa4eb9dd436a67,광나루한강공원,11,서울특별시,11740,강동구,3026ecf28baac2afff23d382d16a4331,유천냉면/본점,11,서울특별시,11710,송파구,음식,음식,한식,50
202607,59afd89018682a7693fdc9b25513eda9,고분다리전통시장,11,서울특별시,11740,강동구,904995ffcea4c7364f708270bdffd7f1,언더커버/송파,11,서울특별시,11710,송파구,관광지,레저스포츠,기타레저스포츠,1
202607,59afd89018682a7693fdc9b25513eda9,고분다리전통시장,11,서울특별시,11740,강동구,e00c7bdae0c471a9b978a899c2b219af,박정희대통령가옥,11,서울특별시,11140,중구,관광지,역사관광,역사유적지,2
202607,59afd89018682a7693fdc9b25513eda9,고분다리전통시장,11,서울특별시,11740,강동구,1df4132eb823fa855368087eb70ec0a8,파크루안/역삼점,11,서울특별시,11680,강남구,음식,음식,외국식,3
202607,59afd89018682a7693fdc9b25513eda9,고분다리전통시장,11,서울특별시,11740,강동구,c78115a5d8a319ed2ce454ed51044387,명일전통시장,11,서울특별시,11740,강동구,관광지,쇼핑,시장,4
202607,59afd89018682a7693fdc9b25513eda9,고분다리전통시장,11,서울특별시,11740,강동구,668a5051b8b132f0749771ac0f659ee5,석관시장,11,서울특별시,11290,성북구,관광지,쇼핑,시장,5
202607,59afd89018682a7693fdc9b25513eda9,고분다리전통시장,11,서울특별시,11740,강동구,486d44fe72368d4ef7a054d93d2e4aea,동천실내스케이트장,11,서울특별시,11350,노원구,관광지,레저스포츠,육상레저스포츠,6
202607,59afd89018682a7693fdc9b25513eda9,고분다리전통시장,11,서울특별시,11740,강동구,e0ac0ad3509f15e1b1ffea82e9f083b8,유천냉면/명일점,11,서울특별시,11740,강동구,음식,음식,한식,7
202607,59afd89018682a7693fdc9b25513eda9,고분다리전통시장,11,서울특별시,11740,강동구,b74fab4d1c613e116dbd6652298b4105,맥도날드/서울둔촌DT점,11,서울특별시,11740,강동구,음식,음식,간이음식,8
202607,59afd89018682a7693fdc9b25513eda9,고분다리전통시장,11,서울특별시,11740,강동구,a2ef93b440b6387d110d0f2c371078c8,정릉시장,11,서울특별시,11290,성북구,관광지,쇼핑,시장,9
202607,59afd89018682a7693fdc9b25513eda9,고분다리전통시장,11,서울특별시,11740,강동구,d61e0af6eb631163ed6e94193ff1d392,방배동카페골목,11,서울특별시,11650,서초구,음식,음식,음식점기타,10
202607,59afd89018682a7693fdc9b25513eda9,고분다리전통시장,11,서울특별시,11740,강동구,5179ff334f18ff0e1193b0b5295c1234,천호공원,11,서울특별시,11740,강동구,관광지,문화관광,도시공원,11
202607,59afd89018682a7693fdc9b25513eda9,고분다리전통시장,11,서울특별시,11740,강동구,595366cd05aa3d473f62d3e1a4b976bc,CGV/고덕강일,11,서울특별시,11740,강동구,관광지,문화관광,공연시설,12
202607,59afd89018682a7693fdc9b25513eda9,고분다리전통시장,11,서울특별시,11740,강동구,255e43ee786d0b04cf1a7fa894b3f413,레이크호텔,11,서울특별시,11710,송파구,숙박,숙박,호텔,13
202607,59afd89018682a7693fdc9b25513eda9,고분다리전통시장,11,서울특별시,11740,강동구,f4cb0345c02d72995cc67111ef093ead,롯데월드/잠실점,11,서울특별시,11710,송파구,관광지,문화관광,테마공원,14
202607,59afd89018682a7693fdc9b25513eda9,고분다리전통시장,11,서울특별시,11740,강동구,5493d89d88766b733f1f78d91e2bce3f,송월냉면,11,서울특별시,11740,강동구,음식,음식,한식,15
202607,26d581418d5540187c0480a04fc47a81,구강사,11,서울특별시,11740,강동구,595366cd05aa3d473f62d3e1a4b976bc,CGV/고덕강일,11,서울특별시,11740,강동구,관광지,문화관광,공연시설,1
202607,26d581418d5540187c0480a04fc47a81,구강사,11,서울특별시,11740,강동구,5dc9087bf8399dd86a2a040fafb7e7de,관문사,11,서울특별시,11650,서초구,관광지,역사관광,종교성지,2
202607,26d581418d5540187c0480a04fc47a81,구강사,11,서울특별시,11740,강동구,c6b5964eb6deb72206d9bf59a6bb5268,신세계백화점/강남점,11,서울특별시,11650,서초구,관광지,쇼핑,백화점,3
202607,26d581418d5540187c0480a04fc47a81,구강사,11,서울특별시,11740,강동구,52f028c48b588cc3afbea4bdbe86a39a,호텔카푸치노,11,서울특별시,11680,강남구,숙박,숙박,호텔,4
202607,26d581418d5540187c0480a04fc47a81,구강사,11,서울특별시,11740,강동구,595854ec5dc8c648f6a10cb3a5b4f02b,SEA LIFE 코엑스아쿠아리움,11,서울특별시,11680,강남구,관광지,문화관광,테마공원,5
202607,26d581418d5540187c0480a04fc47a81,구강사,11,서울특별시,11740,강동구,c6344b0ae32e496be8b1b701e540d566,김포국제공항국내선,11,서울특별시,11500,강서구,관광지,기타관광,교통시설,6
202607,26d581418d5540187c0480a04fc47a81,구강사,11,서울특별시,11740,강동구,d6e7d2e0ef86a25cce60aac5332b28dc,국립중앙박물관,11,서울특별시,11170,용산구,관광지,문화관광,전시시설,7
202607,26d581418d5540187c0480a04fc47a81,구강사,11,서울특별시,11740,강동구,f35b60d04bbdf95b8219f31ffcb3910c,아웃백스테이크하우스/강동아이파크더리버점,11,서울특별시,11740,강동구,음식,음식,전문음식,8
202607,26d581418d5540187c0480a04fc47a81,구강사,11,서울특별시,11740,강동구,7973857b4d9a9d847a43fd754d724ff5,불광사,11,서울특별시,11710,송파구,관광지,역사관광,종교성지,9
202607,5dbbe04dab29c7bede57e5aee7231ae7,서울암사동유적,11,서울특별시,11740,강동구,240b5e9b569bbf281a3b51e4d600035d,온더브레드/강동점,11,서울특별시,11740,강동구,음식,음식,카페/찻집,1
202607,5dbbe04dab29c7bede57e5aee7231ae7,서울암사동유적,11,서울특별시,11740,강동구,3873ae51079bbf2bbcec9f87fb4ca0c5,한성백제박물관,11,서울특별시,11710,송파구,관광지,문화관광,전시시설,2
202607,5dbbe04dab29c7bede57e5aee7231ae7,서울암사동유적,11,서울특별시,11740,강동구,4a14a2fd548e1b1c3a5ff687faa250cb,한강버스/잠실선착장,11,서울특별시,11710,송파구,관광지,기타관광,교통시설,3
202607,5dbbe04dab29c7bede57e5aee7231ae7,서울암사동유적,11,서울특별시,11740,강동구,eec50956d20173236f77305e3f3aaf1b,현대백화점/천호점,11,서울특별시,11740,강동구,관광지,쇼핑,백화점,4
202607,5dbbe04dab29c7bede57e5aee7231ae7,서울암사동유적,11,서울특별시,11740,강동구,e2a7ec7f0295916cd5aa4eb9dd436a67,광나루한강공원,11,서울특별시,11740,강동구,관광지,문화관광,도시공원,5
202607,5dbbe04dab29c7bede57e5aee7231ae7,서울암사동유적,11,서울특별시,11740,강동구,4a7662799ae41340ff85a9dc5c85bec5,롯데백화점/강남점,11,서울특별시,11680,강남구,관광지,쇼핑,백화점,6
202607,5dbbe04dab29c7bede57e5aee7231ae7,서울암사동유적,11,서울특별시,11740,강동구,f71c3915020986ef2c295592525b3a9e,맥도날드/굽은다리역DT점,11,서울특별시,11740,강동구,음식,음식,간이음식,7
202607,5dbbe04dab29c7bede57e5aee7231ae7,서울암사동유적,11,서울특별시,11740,강동구,785b6878cac5e2c7055a73a29dbbf668,우드멜로우,11,서울특별시,11740,강동구,음식,음식,카페/찻집,8
202607,5dbbe04dab29c7bede57e5aee7231ae7,서울암사동유적,11,서울특별시,11740,강동구,adccdc1cf15e1260d6b5a68f8f93d268,NC백화점/송파점,11,서울특별시,11710,송파구,관광지,쇼핑,백화점,9
202607,5dbbe04dab29c7bede57e5aee7231ae7,서울암사동유적,11,서울특별시,11740,강동구,b74fab4d1c613e116dbd6652298b4105,맥도날드/서울둔촌DT점,11,서울특별시,11740,강동구,음식,음식,간이음식,10
202607,5dbbe04dab29c7bede57e5aee7231ae7,서울암사동유적,11,서울특별시,11740,강동구,35befa754987e2238d853f7b9eade766,풍납백제문화공원,11,서울특별시,11710,송파구,관광지,문화관광,도시공원,11
202607,5dbbe04dab29c7bede57e5aee7231ae7,서울암사동유적,11,서울특별시,11740,강동구,27f9fa4a3df1a95ea809f765d1639825,파스쿠찌/서울시의회별관점,11,서울특별시,11140,중구,음식,음식,카페/찻집,12
202607,5dbbe04dab29c7bede57e5aee7231ae7,서울암사동유적,11,서울특별시,11740,강동구,bd0bf05f1d9118ea7849efecd32da2d7,강동아트센터,11,서울특별시,11740,강동구,관광지,문화관광,공연시설,13
202607,5dbbe04dab29c7bede57e5aee7231ae7,서울암사동유적,11,서울특별시,11740,강동구,a5abee4e93d53348c565279db7b28cd9,KGFA서울크리스챤스쿨,11,서울특별시,11620,관악구,관광지,체험관광,체험관광기타,14
202607,5dbbe04dab29c7bede57e5aee7231ae7,서울암사동유적,11,서울특별시,11740,강동구,96a967f2e416bddc1ac82682ecf78f70,오발탄/송파본점,11,서울특별시,11710,송파구,음식,음식,전문음식,15
202607,5dbbe04dab29c7bede57e5aee7231ae7,서울암사동유적,11,서울특별시,11740,강동구,f2e5893c5aab4601c08bd32c2ef414aa,마드레/[한식],11,서울특별시,11740,강동구,음식,음식,한식,16
202607,5dbbe04dab29c7bede57e5aee7231ae7,서울암사동유적,11,서울특별시,11740,강동구,f177bf78ef4d497ef4c34999c3c51ee7,길동자연생태공원,11,서울특별시,11740,강동구,관광지,문화관광,도시공원,17
202607,5dbbe04dab29c7bede57e5aee7231ae7,서울암사동유적,11,서울특별시,11740,강동구,34e3820ca66c485262aeaabaf4bdda5c,롯데백화점/에비뉴엘월드타워점,11,서울특별시,11710,송파구,관광지,쇼핑,백화점,18
202607,5dbbe04dab29c7bede57e5aee7231ae7,서울암사동유적,11,서울특별시,11740,강동구,5df204f08b71197845dcd3d1c3540138,롯데월드어드벤쳐,11,서울특별시,11710,송파구,관광지,문화관광,테마공원,19
202607,5dbbe04dab29c7bede57e5aee7231ae7,서울암사동유적,11,서울특별시,11740,강동구,e5e97ae64eca51add356f489e8bfdca8,경회루인생순대,11,서울특별시,11740,강동구,음식,음식,한식,20
202607,5dbbe04dab29c7bede57e5aee7231ae7,서울암사동유적,11,서울특별시,11740,강동구,3026ecf28baac2afff23d382d16a4331,유천냉면/본점,11,서울특별시,11710,송파구,음식,음식,한식,21
202607,5dbbe04dab29c7bede57e5aee7231ae7,서울암사동유적,11,서울특별시,11740,강동구,b302d90bf315e044f6cea342672fa1d7,멜팅샵X치즈룸/광화문디타워점,11,서울특별시,11110,종로구,음식,음식,전문음식,22
202607,5dbbe04dab29c7bede57e5aee7231ae7,서울암사동유적,11,서울특별시,11740,강동구,1231b8db5311ff3c874489b372c4cfeb,메가MGC커피/강동중흥S클래스점,11,서울특별시,11740,강동구,음식,음식,카페/찻집,23
202607,5dbbe04dab29c7bede57e5aee7231ae7,서울암사동유적,11,서울특별시,11740,강동구,4287a3361d038a2f348708348790d27a,암사종합시장,11,서울특별시,11740,강동구,관광지,쇼핑,시장,24
202607,5dbbe04dab29c7bede57e5aee7231ae7,서울암사동유적,11,서울특별시,11740,강동구,f6cc54668f213fc88673551cbe9baaae,송쉐프/석촌점 [중식],11,서울특별시,11710,송파구,음식,음식,외국식,25
202607,5dbbe04dab29c7bede57e5aee7231ae7,서울암사동유적,11,서울특별시,11740,강동구,65604a28247d8c6e10c67a3e809f4e9a,광나루자연형/물놀이장,11,서울특별시,11740,강동구,관광지,문화관광,테마공원,26
202607,5dbbe04dab29c7bede57e5aee7231ae7,서울암사동유적,11,서울특별시,11740,강동구,a10fc930c77e9065687c3617bf66d8bd,시간을담다베이커리/본점,11,서울특별시,11740,강동구,음식,음식,간이음식,27
202607,5dbbe04dab29c7bede57e5aee7231ae7,서울암사동유적,11,서울특별시,11740,강동구,97c0a1427be208a8ca50e879baa895c4,올림픽공원,11,서울특별시,11710,송파구,관광지,문화관광,도시공원,28
202607,5dbbe04dab29c7bede57e5aee7231ae7,서울암사동유적,11,서울특별시,11740,강동구,f977edfe7d7fa196df16fcd510f7e198,그집김밥,11,서울특별시,11740,강동구,음식,음식,간이음식,29
202607,5dbbe04dab29c7bede57e5aee7231ae7,서울암사동유적,11,서울특별시,11740,강동구,5e93ee7b8c38da2801d5dfcc09b0a5fc,그랜드인터컨티넨탈호텔/서울파르나스,11,서울특별시,11680,강남구,숙박,숙박,호텔,30
202607,5dbbe04dab29c7bede57e5aee7231ae7,서울암사동유적,11,서울특별시,11740,강동구,ee51d1d9e201abcd80aab3e182eaba13,꼬메131,11,서울특별시,11740,강동구,음식,음식,카페/찻집,31
202607,5dbbe04dab29c7bede57e5aee7231ae7,서울암사동유적,11,서울특별시,11740,강동구,985a75e102a4b8a533d43eeb60723c15,백억커피/강남점,11,서울특별시,11680,강남구,음식,음식,카페/찻집,32
202607,5dbbe04dab29c7bede57e5aee7231ae7,서울암사동유적,11,서울특별시,11740,강동구,4414ac282aa026c398b5f19e4cb9e440,올림픽공원/세계평화의문,11,서울특별시,11710,송파구,관광지,문화관광,도시공원,33
202607,5dbbe04dab29c7bede57e5aee7231ae7,서울암사동유적,11,서울특별시,11740,강동구,0791c84680ad5bf5e4d7ad8151a69b66,황푸차이나/[중식],11,서울특별시,11740,강동구,음식,음식,외국식,34
202607,5dbbe04dab29c7bede57e5aee7231ae7,서울암사동유적,11,서울특별시,11740,강동구,e197edf522ff888f94487424c1330081,박가네고등어/신내점,11,서울특별시,11260,중랑구,음식,음식,한식,35
202607,5dbbe04dab29c7bede57e5aee7231ae7,서울암사동유적,11,서울특별시,11740,강동구,a7dc6ad80beb0009dff5f6aac7070545,신토불이떡볶이/본점,11,서울특별시,11215,광진구,음식,음식,간이음식,36
202607,5dbbe04dab29c7bede57e5aee7231ae7,서울암사동유적,11,서울특별시,11740,강동구,06a6e9b07587c1155f7bd46687abd365,서울올림픽파크텔,11,서울특별시,11710,송파구,숙박,숙박,호텔,37
202607,5dbbe04dab29c7bede57e5aee7231ae7,서울암사동유적,11,서울특별시,11740,강동구,7413592f5ac37e38d9a557c9872eb497,포시즌스호텔/서울,11,서울특별시,11110,종로구,숙박,숙박,호텔,38
202607,5dbbe04dab29c7bede57e5aee7231ae7,서울암사동유적,11,서울특별시,11740,강동구,92fc7845fe6ba41610a14b3f5b575479,천호문구완구거리,11,서울특별시,11740,강동구,관광지,쇼핑,기타쇼핑시설,39
202607,5dbbe04dab29c7bede57e5aee7231ae7,서울암사동유적,11,서울특별시,11740,강동구,ff60fa4a490b38a13b10322a2a7dea38,평상집/강동성내점,11,서울특별시,11740,강동구,음식,음식,한식,40
202607,5dbbe04dab29c7bede57e5aee7231ae7,서울암사동유적,11,서울특별시,11740,강동구,0d517aa72e18eb3d9035594ace40e7cb,아웃백스테이크하우스/천호현대점,11,서울특별시,11740,강동구,음식,음식,전문음식,41
202607,f177bf78ef4d497ef4c34999c3c51ee7,길동자연생태공원,11,서울특별시,11740,강동구,bbefb2f6bc9e7cf8dcbb1f19c6dea762,일자산근린공원,11,서울특별시,11740,강동구,관광지,문화관광,도시공원,1
202607,f177bf78ef4d497ef4c34999c3c51ee7,길동자연생태공원,11,서울특별시,11740,강동구,442644cdae585700608485018fcf5364,봉림장/[중식],11,서울특별시,11680,강남구,음식,음식,외국식,2
202607,f177bf78ef4d497ef4c34999c3c51ee7,길동자연생태공원,11,서울특별시,11740,강동구,b7dff0acca376a21c4610a7897c337b5,백세삼계탕/강동점,11,서울특별시,11740,강동구,음식,음식,한식,3
202607,f177bf78ef4d497ef4c34999c3c51ee7,길동자연생태공원,11,서울특별시,11740,강동구,4287a3361d038a2f348708348790d27a,암사종합시장,11,서울특별시,11740,강동구,관광지,쇼핑,시장,4
202607,f177bf78ef4d497ef4c34999c3c51ee7,길동자연생태공원,11,서울특별시,11740,강동구,5dbbe04dab29c7bede57e5aee7231ae7,서울암사동유적,11,서울특별시,11740,강동구,관광지,역사관광,역사유적지,5
202607,f177bf78ef4d497ef4c34999c3c51ee7,길동자연생태공원,11,서울특별시,11740,강동구,84be77c38d4271850307c5d4a8efe33e,버거킹/송파나루,11,서울특별시,11710,송파구,음식,음식,간이음식,6
202607,f177bf78ef4d497ef4c34999c3c51ee7,길동자연생태공원,11,서울특별시,11740,강동구,eceb01e9d96655a5ea47e174f0a9ac5b,강동그린웨이가족캠핑장,11,서울특별시,11740,강동구,숙박,숙박,캠핑,7
202607,f177bf78ef4d497ef4c34999c3c51ee7,길동자연생태공원,11,서울특별시,11740,강동구,19eca6b70f831757e015bfc77df6d5c6,스타벅스/연희DT점,11,서울특별시,11410,서대문구,음식,음식,카페/찻집,8
202607,f177bf78ef4d497ef4c34999c3c51ee7,길동자연생태공원,11,서울특별시,11740,강동구,50623e42e7ced277f6dbf7ce5f0f5fa4,연경/연희점 [중식],11,서울특별시,11410,서대문구,음식,음식,외국식,9
202607,f177bf78ef4d497ef4c34999c3c51ee7,길동자연생태공원,11,서울특별시,11740,강동구,71a5755ec056851431f43cd15bb8e7b0,아차산통갈비탕,11,서울특별시,11215,광진구,음식,음식,한식,10
202607,f177bf78ef4d497ef4c34999c3c51ee7,길동자연생태공원,11,서울특별시,11740,강동구,9edab82c625938df2cea1a65ed8eab00,빠네렌토,11,서울특별시,11740,강동구,음식,음식,간이음식,11
202607,f177bf78ef4d497ef4c34999c3c51ee7,길동자연생태공원,11,서울특별시,11740,강동구,95709559d4a156050f7429d846001d33,눅스커피,11,서울특별시,11740,강동구,음식,음식,카페/찻집,12
202607,f177bf78ef4d497ef4c34999c3c51ee7,길동자연생태공원,11,서울특별시,11740,강동구,625cb5cb7e2406852b648d293a86ca31,청량리청과물시장,11,서울특별시,11230,동대문구,관광지,쇼핑,시장,13
202607,f177bf78ef4d497ef4c34999c3c51ee7,길동자연생태공원,11,서울특별시,11740,강동구,3873ae51079bbf2bbcec9f87fb4ca0c5,한성백제박물관,11,서울특별시,11710,송파구,관광지,문화관광,전시시설,14
202607,f177bf78ef4d497ef4c34999c3c51ee7,길동자연생태공원,11,서울특별시,11740,강동구,97c0a1427be208a8ca50e879baa895c4,올림픽공원,11,서울특별시,11710,송파구,관광지,문화관광,도시공원,15
202607,f177bf78ef4d497ef4c34999c3c51ee7,길동자연생태공원,11,서울특별시,11740,강동구,bd67b5c91ead8fb004771e57f2fbccd1,테라로사/길동점,11,서울특별시,11740,강동구,음식,음식,카페/찻집,16
202607,f177bf78ef4d497ef4c34999c3c51ee7,길동자연생태공원,11,서울특별시,11740,강동구,9f92987d7aa822a7abf7f8a27acefc6b,스타벅스/명일이마트점,11,서울특별시,11740,강동구,음식,음식,카페/찻집,17
202607,bbefb2f6bc9e7cf8dcbb1f19c6dea762,일자산근린공원,11,서울특별시,11740,강동구,eceb01e9d96655a5ea47e174f0a9ac5b,강동그린웨이가족캠핑장,11,서울특별시,11740,강동구,숙박,숙박,캠핑,1
202607,bbefb2f6bc9e7cf8dcbb1f19c6dea762,일자산근린공원,11,서울특별시,11740,강동구,f177bf78ef4d497ef4c34999c3c51ee7,길동자연생태공원,11,서울특별시,11740,강동구,관광지,문화관광,도시공원,2
202607,bbefb2f6bc9e7cf8dcbb1f19c6dea762,일자산근린공원,11,서울특별시,11740,강동구,97c0a1427be208a8ca50e879baa895c4,올림픽공원,11,서울특별시,11710,송파구,관광지,문화관광,도시공원,3
202607,bbefb2f6bc9e7cf8dcbb1f19c6dea762,일자산근린공원,11,서울특별시,11740,강동구,52f66f2463f8403cd2164a13d2d70aaf,할리스/굽은다리역점,11,서울특별시,11740,강동구,음식,음식,카페/찻집,4
202607,bbefb2f6bc9e7cf8dcbb1f19c6dea762,일자산근린공원,11,서울특별시,11740,강동구,59e47f434bb83b0cb14e352b8e063418,다람,11,서울특별시,11740,강동구,음식,음식,한식,5
202607,bbefb2f6bc9e7cf8dcbb1f19c6dea762,일자산근린공원,11,서울특별시,11740,강동구,e2a7ec7f0295916cd5aa4eb9dd436a67,광나루한강공원,11,서울특별시,11740,강동구,관광지,문화관광,도시공원,6
202607,bbefb2f6bc9e7cf8dcbb1f19c6dea762,일자산근린공원,11,서울특별시,11740,강동구,c85c4dbe5f4cc4af9e5b5ded7e5a9d2c,한국식윤화돈까스/본점,11,서울특별시,11740,강동구,음식,음식,전문음식,7
202607,bbefb2f6bc9e7cf8dcbb1f19c6dea762,일자산근린공원,11,서울특별시,11740,강동구,191e08a55039c522d86ce33e5605f85d,뉴코아팩토리아울렛/천호점,11,서울특별시,11740,강동구,관광지,쇼핑,대형마트,8
202607,bbefb2f6bc9e7cf8dcbb1f19c6dea762,일자산근린공원,11,서울특별시,11740,강동구,410640d7eea66c0f4dec91fe33f1fb4d,황도바지락칼국수,11,서울특별시,11740,강동구,음식,음식,한식,9
202607,bbefb2f6bc9e7cf8dcbb1f19c6dea762,일자산근린공원,11,서울특별시,11740,강동구,208f07a4de70df7b2ea81f2ba5db6200,동국성/[중식],11,서울특별시,11740,강동구,음식,음식,외국식,10
202607,bbefb2f6bc9e7cf8dcbb1f19c6dea762,일자산근린공원,11,서울특별시,11740,강동구,089330286c6dd998db9e5afab343d0e9,율현공원,11,서울특별시,11680,강남구,관광지,문화관광,도시공원,11
202607,07c08a01cc808b49d54bfe02d8cbdf9c,천호자전거거리,11,서울특별시,11740,강동구,9862985056015659f73788e0943e39e8,양도령숯불민물장어/본점,11,서울특별시,11740,강동구,음식,음식,전문음식,1
202607,07c08a01cc808b49d54bfe02d8cbdf9c,천호자전거거리,11,서울특별시,11740,강동구,eec50956d20173236f77305e3f3aaf1b,현대백화점/천호점,11,서울특별시,11740,강동구,관광지,쇼핑,백화점,2
202607,07c08a01cc808b49d54bfe02d8cbdf9c,천호자전거거리,11,서울특별시,11740,강동구,74680d2921c6b56d87690fbb04feaf4b,브랜뉴하이몬드,11,서울특별시,11740,강동구,음식,음식,간이음식,3
202607,07c08a01cc808b49d54bfe02d8cbdf9c,천호자전거거리,11,서울특별시,11740,강동구,0469624098d305b70668694c3a2a281f,하이스트리트이탈리아,11,서울특별시,11680,강남구,관광지,문화관광,기타문화관광지,4
202607,07c08a01cc808b49d54bfe02d8cbdf9c,천호자전거거리,11,서울특별시,11740,강동구,29e2715bcbcf9df6b2eb6838e1c87ca4,봉이뼈해장국,11,서울특별시,11740,강동구,음식,음식,한식,5
202607,07c08a01cc808b49d54bfe02d8cbdf9c,천호자전거거리,11,서울특별시,11740,강동구,9e0070f732a632efc9a8b06b61687877,맥도날드/천호로데오점,11,서울특별시,11740,강동구,음식,음식,간이음식,6
202607,07c08a01cc808b49d54bfe02d8cbdf9c,천호자전거거리,11,서울특별시,11740,강동구,e0ea3cce552a301b41ab033a41424e94,서울왕돈까스/성북동본점,11,서울특별시,11290,성북구,음식,음식,전문음식,7
202607,07c08a01cc808b49d54bfe02d8cbdf9c,천호자전거거리,11,서울특별시,11740,강동구,6c162c1ac4c6905265a67aaedd0030f6,멕시칼리,11,서울특별시,11215,광진구,음식,음식,외국식,8
202607,07c08a01cc808b49d54bfe02d8cbdf9c,천호자전거거리,11,서울특별시,11740,강동구,9e7e550d5c824d417d85eef80d6ae314,프라자손칼국수,11,서울특별시,11710,송파구,음식,음식,한식,9
202607,07c08a01cc808b49d54bfe02d8cbdf9c,천호자전거거리,11,서울특별시,11740,강동구,2e3a36ee173e08b847427ffbcb479d30,노량진수산시장,11,서울특별시,11590,동작구,관광지,쇼핑,시장,10
202607,07c08a01cc808b49d54bfe02d8cbdf9c,천호자전거거리,11,서울특별시,11740,강동구,cc50d56b47460255c7e050bcef4849f9,천수옥,11,서울특별시,11740,강동구,음식,음식,한식,11
